date,revenue,transactions,product_category,store_id,product_id
2024-01-01,2814.21,32,Electronics,STORE_001,ELEC_001
2024-01-01,1105.02,27,Clothing,STORE_001,CLTH_001
2024-01-01,1672.25,25,Home Goods,STORE_001,HOME_001
2024-01-01,460.78,17,Grocery,STORE_001,GROC_004
2024-01-01,616.06,19,Beauty,STORE_001,BEAU_001
2024-01-01,2235.08,25,Electronics,STORE_002,ELEC_002
2024-01-01,598.23,14,Clothing,STORE_002,CLTH_001
2024-01-01,1138.73,22,Home Goods,STORE_002,HOME_001
2024-01-01,373.40,17,Grocery,STORE_002,GROC_004
2024-01-01,272.04,9,Beauty,STORE_002,BEAU_003
2024-01-01,2697.87,31,Electronics,STORE_003,ELEC_001
2024-01-01,960.71,23,Clothing,STORE_003,CLTH_001
2024-01-01,1744.69,30,Home Goods,STORE_003,HOME_003
2024-01-01,313.97,14,Grocery,STORE_003,GROC_001
2024-01-01,1029.43,24,Beauty,STORE_003,BEAU_002
2024-01-02,1997.32,29,Electronics,STORE_001,ELEC_002
2024-01-02,881.68,21,Clothing,STORE_001,CLTH_001
2024-01-02,1621.31,27,Home Goods,STORE_001,HOME_002
2024-01-02,514.71,18,Grocery,STORE_001,GROC_003
2024-01-02,572.09,15,Beauty,STORE_001,BEAU_002
2024-01-02,1753.86,24,Electronics,STORE_002,ELEC_003
2024-01-02,609.90,15,Clothing,STORE_002,CLTH_002
2024-01-02,1257.57,21,Home Goods,STORE_002,HOME_001
2024-01-02,451.44,19,Grocery,STORE_002,GROC_001
2024-01-02,175.28,5,Beauty,STORE_002,BEAU_004
2024-01-02,2533.54,34,Electronics,STORE_003,ELEC_001
2024-01-02,966.55,25,Clothing,STORE_003,CLTH_003
2024-01-02,1928.27,30,Home Goods,STORE_003,HOME_001
2024-01-02,589.08,26,Grocery,STORE_003,GROC_003
2024-01-02,770.50,22,Beauty,STORE_003,BEAU_003
2024-01-03,2718.34,33,Electronics,STORE_001,ELEC_002
2024-01-03,703.62,19,Clothing,STORE_001,CLTH_001
2024-01-03,1740.63,31,Home Goods,STORE_001,HOME_001
2024-01-03,375.90,14,Grocery,STORE_001,GROC_001
2024-01-03,981.28,23,Beauty,STORE_001,BEAU_001
2024-01-03,2619.89,27,Electronics,STORE_002,ELEC_002
2024-01-03,748.34,16,Clothing,STORE_002,CLTH_002
2024-01-03,1110.16,21,Home Goods,STORE_002,HOME_002
2024-01-03,235.02,9,Grocery,STORE_002,GROC_003
2024-01-03,688.10,17,Beauty,STORE_002,BEAU_003
2024-01-03,3630.97,41,Electronics,STORE_003,ELEC_002
2024-01-03,1053.41,25,Clothing,STORE_003,CLTH_001
2024-01-03,1507.52,27,Home Goods,STORE_003,HOME_002
2024-01-03,476.70,18,Grocery,STORE_003,GROC_004
2024-01-03,796.88,23,Beauty,STORE_003,BEAU_004
2024-01-04,2655.18,31,Electronics,STORE_001,ELEC_004
2024-01-04,1170.56,26,Clothing,STORE_001,CLTH_001
2024-01-04,1439.02,22,Home Goods,STORE_001,HOME_002
2024-01-04,482.74,18,Grocery,STORE_001,GROC_004
2024-01-04,924.63,18,Beauty,STORE_001,BEAU_001
2024-01-04,2811.39,33,Electronics,STORE_002,ELEC_001
2024-01-04,545.57,15,Clothing,STORE_002,CLTH_004
2024-01-04,960.88,19,Home Goods,STORE_002,HOME_001
2024-01-04,502.41,19,Grocery,STORE_002,GROC_004
2024-01-04,720.24,17,Beauty,STORE_002,BEAU_004
2024-01-04,2839.73,34,Electronics,STORE_003,ELEC_001
2024-01-04,753.03,16,Clothing,STORE_003,CLTH_004
2024-01-04,2154.30,37,Home Goods,STORE_003,HOME_001
2024-01-04,464.58,18,Grocery,STORE_003,GROC_001
2024-01-04,987.54,28,Beauty,STORE_003,BEAU_002
2024-01-05,1845.55,25,Electronics,STORE_001,ELEC_001
2024-01-05,734.03,19,Clothing,STORE_001,CLTH_002
2024-01-05,1172.21,19,Home Goods,STORE_001,HOME_003
2024-01-05,544.11,20,Grocery,STORE_001,GROC_001
2024-01-05,771.08,21,Beauty,STORE_001,BEAU_001
2024-01-05,2842.63,33,Electronics,STORE_002,ELEC_001
2024-01-05,490.67,12,Clothing,STORE_002,CLTH_002
2024-01-05,1526.64,30,Home Goods,STORE_002,HOME_001
2024-01-05,393.81,16,Grocery,STORE_002,GROC_001
2024-01-05,676.69,17,Beauty,STORE_002,BEAU_002
2024-01-05,3410.22,36,Electronics,STORE_003,ELEC_003
2024-01-05,1381.88,29,Clothing,STORE_003,CLTH_001
2024-01-05,2209.85,32,Home Goods,STORE_003,HOME_003
2024-01-05,608.71,28,Grocery,STORE_003,GROC_002
2024-01-05,842.13,21,Beauty,STORE_003,BEAU_004
2024-01-06,2260.42,32,Electronics,STORE_001,ELEC_002
2024-01-06,869.77,23,Clothing,STORE_001,CLTH_002
2024-01-06,2083.92,35,Home Goods,STORE_001,HOME_001
2024-01-06,348.30,18,Grocery,STORE_001,GROC_002
2024-01-06,712.24,19,Beauty,STORE_001,BEAU_002
2024-01-06,2996.44,35,Electronics,STORE_002,ELEC_002
2024-01-06,757.90,19,Clothing,STORE_002,CLTH_003
2024-01-06,1664.83,22,Home Goods,STORE_002,HOME_002
2024-01-06,601.39,21,Grocery,STORE_002,GROC_004
2024-01-06,596.21,14,Beauty,STORE_002,BEAU_004
2024-01-06,3316.73,39,Electronics,STORE_003,ELEC_002
2024-01-06,1278.89,32,Clothing,STORE_003,CLTH_001
2024-01-06,1806.13,30,Home Goods,STORE_003,HOME_003
2024-01-06,806.03,28,Grocery,STORE_003,GROC_003
2024-01-06,1052.19,28,Beauty,STORE_003,BEAU_004
2024-01-07,2326.91,31,Electronics,STORE_001,ELEC_004
2024-01-07,1327.51,28,Clothing,STORE_001,CLTH_003
2024-01-07,1572.32,27,Home Goods,STORE_001,HOME_002
2024-01-07,392.48,17,Grocery,STORE_001,GROC_003
2024-01-07,550.55,16,Beauty,STORE_001,BEAU_003
2024-01-07,3408.41,34,Electronics,STORE_002,ELEC_002
2024-01-07,549.29,16,Clothing,STORE_002,CLTH_004
2024-01-07,1281.60,21,Home Goods,STORE_002,HOME_001
2024-01-07,305.12,12,Grocery,STORE_002,GROC_003
2024-01-07,769.11,23,Beauty,STORE_002,BEAU_002
2024-01-07,4738.04,49,Electronics,STORE_003,ELEC_003
2024-01-07,1417.07,32,Clothing,STORE_003,CLTH_002
2024-01-07,1267.20,28,Home Goods,STORE_003,HOME_004
2024-01-07,577.62,26,Grocery,STORE_003,GROC_002
2024-01-07,1253.57,27,Beauty,STORE_003,BEAU_004
2024-01-08,2402.92,29,Electronics,STORE_001,ELEC_001
2024-01-08,1056.98,23,Clothing,STORE_001,CLTH_004
2024-01-08,829.76,20,Home Goods,STORE_001,HOME_004
2024-01-08,524.81,25,Grocery,STORE_001,GROC_003
2024-01-08,527.67,15,Beauty,STORE_001,BEAU_004
2024-01-08,1888.64,24,Electronics,STORE_002,ELEC_002
2024-01-08,782.78,20,Clothing,STORE_002,CLTH_003
2024-01-08,1145.19,19,Home Goods,STORE_002,HOME_002
2024-01-08,418.82,17,Grocery,STORE_002,GROC_003
2024-01-08,655.25,16,Beauty,STORE_002,BEAU_002
2024-01-08,2955.50,33,Electronics,STORE_003,ELEC_004
2024-01-08,1260.64,25,Clothing,STORE_003,CLTH_001
2024-01-08,1435.39,25,Home Goods,STORE_003,HOME_001
2024-01-08,245.95,10,Grocery,STORE_003,GROC_004
2024-01-08,809.39,26,Beauty,STORE_003,BEAU_004
2024-01-09,2094.87,26,Electronics,STORE_001,ELEC_002
2024-01-09,747.89,21,Clothing,STORE_001,CLTH_004
2024-01-09,1854.60,29,Home Goods,STORE_001,HOME_002
2024-01-09,385.13,14,Grocery,STORE_001,GROC_001
2024-01-09,747.20,20,Beauty,STORE_001,BEAU_004
2024-01-09,2260.62,28,Electronics,STORE_002,ELEC_003
2024-01-09,830.37,17,Clothing,STORE_002,CLTH_004
2024-01-09,1229.70,20,Home Goods,STORE_002,HOME_003
2024-01-09,278.33,14,Grocery,STORE_002,GROC_001
2024-01-09,647.62,16,Beauty,STORE_002,BEAU_002
2024-01-09,2609.20,32,Electronics,STORE_003,ELEC_001
2024-01-09,566.40,18,Clothing,STORE_003,CLTH_002
2024-01-09,1522.93,28,Home Goods,STORE_003,HOME_001
2024-01-09,477.60,25,Grocery,STORE_003,GROC_003
2024-01-09,748.49,17,Beauty,STORE_003,BEAU_004
2024-01-10,3357.57,32,Electronics,STORE_001,ELEC_002
2024-01-10,936.74,22,Clothing,STORE_001,CLTH_001
2024-01-10,1725.44,25,Home Goods,STORE_001,HOME_003
2024-01-10,528.36,21,Grocery,STORE_001,GROC_001
2024-01-10,828.98,25,Beauty,STORE_001,BEAU_004
2024-01-10,1324.86,17,Electronics,STORE_002,ELEC_003
2024-01-10,531.26,12,Clothing,STORE_002,CLTH_003
2024-01-10,1229.86,19,Home Goods,STORE_002,HOME_001
2024-01-10,202.72,8,Grocery,STORE_002,GROC_004
2024-01-10,674.50,17,Beauty,STORE_002,BEAU_003
2024-01-10,2379.91,31,Electronics,STORE_003,ELEC_003
2024-01-10,1193.53,30,Clothing,STORE_003,CLTH_002
2024-01-10,1509.80,29,Home Goods,STORE_003,HOME_004
2024-01-10,545.63,22,Grocery,STORE_003,GROC_001
2024-01-10,644.86,19,Beauty,STORE_003,BEAU_003
2024-01-11,2814.16,34,Electronics,STORE_001,ELEC_004
2024-01-11,1079.90,24,Clothing,STORE_001,CLTH_003
2024-01-11,1570.09,21,Home Goods,STORE_001,HOME_002
2024-01-11,411.95,15,Grocery,STORE_001,GROC_002
2024-01-11,925.69,26,Beauty,STORE_001,BEAU_003
2024-01-11,2619.30,27,Electronics,STORE_002,ELEC_003
2024-01-11,745.07,18,Clothing,STORE_002,CLTH_003
2024-01-11,1762.97,29,Home Goods,STORE_002,HOME_004
2024-01-11,228.49,9,Grocery,STORE_002,GROC_003
2024-01-11,656.75,17,Beauty,STORE_002,BEAU_004
2024-01-11,3836.86,40,Electronics,STORE_003,ELEC_004
2024-01-11,1172.70,25,Clothing,STORE_003,CLTH_003
2024-01-11,1272.07,23,Home Goods,STORE_003,HOME_004
2024-01-11,628.96,25,Grocery,STORE_003,GROC_004
2024-01-11,736.18,20,Beauty,STORE_003,BEAU_004
2024-01-12,2004.07,25,Electronics,STORE_001,ELEC_002
2024-01-12,998.72,22,Clothing,STORE_001,CLTH_001
2024-01-12,1273.05,24,Home Goods,STORE_001,HOME_004
2024-01-12,461.64,17,Grocery,STORE_001,GROC_001
2024-01-12,586.73,15,Beauty,STORE_001,BEAU_002
2024-01-12,1560.68,19,Electronics,STORE_002,ELEC_002
2024-01-12,462.01,10,Clothing,STORE_002,CLTH_002
2024-01-12,767.31,13,Home Goods,STORE_002,HOME_003
2024-01-12,250.93,12,Grocery,STORE_002,GROC_004
2024-01-12,416.98,11,Beauty,STORE_002,BEAU_003
2024-01-12,2710.43,35,Electronics,STORE_003,ELEC_004
2024-01-12,1675.78,33,Clothing,STORE_003,CLTH_001
2024-01-12,1608.73,24,Home Goods,STORE_003,HOME_001
2024-01-12,339.52,14,Grocery,STORE_003,GROC_003
2024-01-12,1020.97,27,Beauty,STORE_003,BEAU_004
2024-01-13,2695.76,31,Electronics,STORE_001,ELEC_004
2024-01-13,1150.01,26,Clothing,STORE_001,CLTH_003
2024-01-13,1587.06,25,Home Goods,STORE_001,HOME_002
2024-01-13,685.63,29,Grocery,STORE_001,GROC_001
2024-01-13,1207.06,27,Beauty,STORE_001,BEAU_003
2024-01-13,1753.05,23,Electronics,STORE_002,ELEC_001
2024-01-13,1004.73,24,Clothing,STORE_002,CLTH_004
2024-01-13,1140.20,20,Home Goods,STORE_002,HOME_004
2024-01-13,472.03,20,Grocery,STORE_002,GROC_002
2024-01-13,546.93,16,Beauty,STORE_002,BEAU_002
2024-01-13,3992.23,39,Electronics,STORE_003,ELEC_001
2024-01-13,1299.65,28,Clothing,STORE_003,CLTH_004
2024-01-13,1519.87,27,Home Goods,STORE_003,HOME_002
2024-01-13,600.97,23,Grocery,STORE_003,GROC_004
2024-01-13,698.17,20,Beauty,STORE_003,BEAU_002
2024-01-14,3339.09,34,Electronics,STORE_001,ELEC_001
2024-01-14,975.16,20,Clothing,STORE_001,CLTH_004
2024-01-14,1618.87,28,Home Goods,STORE_001,HOME_003
2024-01-14,497.34,23,Grocery,STORE_001,GROC_004
2024-01-14,816.97,23,Beauty,STORE_001,BEAU_004
2024-01-14,2398.69,31,Electronics,STORE_002,ELEC_002
2024-01-14,1272.71,25,Clothing,STORE_002,CLTH_004
2024-01-14,1280.75,18,Home Goods,STORE_002,HOME_004
2024-01-14,154.13,6,Grocery,STORE_002,GROC_004
2024-01-14,718.36,24,Beauty,STORE_002,BEAU_003
2024-01-14,3979.89,43,Electronics,STORE_003,ELEC_004
2024-01-14,1605.39,35,Clothing,STORE_003,CLTH_002
2024-01-14,1862.70,39,Home Goods,STORE_003,HOME_004
2024-01-14,748.67,29,Grocery,STORE_003,GROC_004
2024-01-14,789.96,23,Beauty,STORE_003,BEAU_001
2024-01-15,3072.13,36,Electronics,STORE_001,ELEC_003
2024-01-15,846.62,21,Clothing,STORE_001,CLTH_001
2024-01-15,1906.83,31,Home Goods,STORE_001,HOME_001
2024-01-15,542.38,20,Grocery,STORE_001,GROC_002
2024-01-15,829.71,20,Beauty,STORE_001,BEAU_002
2024-01-15,1584.60,20,Electronics,STORE_002,ELEC_002
2024-01-15,620.83,14,Clothing,STORE_002,CLTH_002
2024-01-15,1232.76,20,Home Goods,STORE_002,HOME_004
2024-01-15,637.13,22,Grocery,STORE_002,GROC_002
2024-01-15,499.11,15,Beauty,STORE_002,BEAU_004
2024-01-15,3222.90,36,Electronics,STORE_003,ELEC_003
2024-01-15,721.88,24,Clothing,STORE_003,CLTH_003
2024-01-15,2200.24,36,Home Goods,STORE_003,HOME_003
2024-01-15,516.39,20,Grocery,STORE_003,GROC_001
2024-01-15,827.23,23,Beauty,STORE_003,BEAU_003
2024-01-16,2004.56,27,Electronics,STORE_001,ELEC_002
2024-01-16,514.64,14,Clothing,STORE_001,CLTH_002
2024-01-16,1387.42,21,Home Goods,STORE_001,HOME_004
2024-01-16,492.53,19,Grocery,STORE_001,GROC_002
2024-01-16,524.10,16,Beauty,STORE_001,BEAU_002
2024-01-16,1323.49,15,Electronics,STORE_002,ELEC_003
2024-01-16,644.88,14,Clothing,STORE_002,CLTH_004
2024-01-16,1302.04,21,Home Goods,STORE_002,HOME_003
2024-01-16,415.10,17,Grocery,STORE_002,GROC_002
2024-01-16,726.61,22,Beauty,STORE_002,BEAU_004
2024-01-16,3679.37,40,Electronics,STORE_003,ELEC_001
2024-01-16,717.52,21,Clothing,STORE_003,CLTH_003
2024-01-16,1574.28,24,Home Goods,STORE_003,HOME_003
2024-01-16,268.38,13,Grocery,STORE_003,GROC_001
2024-01-16,890.38,27,Beauty,STORE_003,BEAU_001
2024-01-17,2460.92,28,Electronics,STORE_001,ELEC_003
2024-01-17,1000.58,21,Clothing,STORE_001,CLTH_004
2024-01-17,1494.43,21,Home Goods,STORE_001,HOME_002
2024-01-17,312.70,15,Grocery,STORE_001,GROC_004
2024-01-17,424.27,15,Beauty,STORE_001,BEAU_004
2024-01-17,1748.35,18,Electronics,STORE_002,ELEC_003
2024-01-17,535.60,14,Clothing,STORE_002,CLTH_004
2024-01-17,1256.89,28,Home Goods,STORE_002,HOME_003
2024-01-17,520.64,17,Grocery,STORE_002,GROC_003
2024-01-17,527.72,13,Beauty,STORE_002,BEAU_004
2024-01-17,3940.25,38,Electronics,STORE_003,ELEC_001
2024-01-17,1252.48,24,Clothing,STORE_003,CLTH_002
2024-01-17,1252.10,22,Home Goods,STORE_003,HOME_002
2024-01-17,799.02,27,Grocery,STORE_003,GROC_001
2024-01-17,612.13,15,Beauty,STORE_003,BEAU_002
2024-01-18,3503.38,34,Electronics,STORE_001,ELEC_002
2024-01-18,870.89,20,Clothing,STORE_001,CLTH_002
2024-01-18,1345.43,26,Home Goods,STORE_001,HOME_004
2024-01-18,310.71,13,Grocery,STORE_001,GROC_004
2024-01-18,612.76,16,Beauty,STORE_001,BEAU_002
2024-01-18,1426.75,14,Electronics,STORE_002,ELEC_003
2024-01-18,778.91,18,Clothing,STORE_002,CLTH_004
2024-01-18,1266.51,21,Home Goods,STORE_002,HOME_004
2024-01-18,279.97,13,Grocery,STORE_002,GROC_003
2024-01-18,434.07,11,Beauty,STORE_002,BEAU_003
2024-01-18,4106.46,39,Electronics,STORE_003,ELEC_004
2024-01-18,699.15,17,Clothing,STORE_003,CLTH_002
2024-01-18,1920.56,32,Home Goods,STORE_003,HOME_004
2024-01-18,564.42,19,Grocery,STORE_003,GROC_004
2024-01-18,958.02,21,Beauty,STORE_003,BEAU_004
2024-01-19,2104.76,23,Electronics,STORE_001,ELEC_001
2024-01-19,839.12,22,Clothing,STORE_001,CLTH_001
2024-01-19,1411.17,22,Home Goods,STORE_001,HOME_003
2024-01-19,248.34,10,Grocery,STORE_001,GROC_004
2024-01-19,550.81,16,Beauty,STORE_001,BEAU_003
2024-01-19,2146.62,23,Electronics,STORE_002,ELEC_004
2024-01-19,886.04,19,Clothing,STORE_002,CLTH_003
2024-01-19,1232.29,24,Home Goods,STORE_002,HOME_001
2024-01-19,440.09,17,Grocery,STORE_002,GROC_003
2024-01-19,265.44,6,Beauty,STORE_002,BEAU_003
2024-01-19,4002.34,41,Electronics,STORE_003,ELEC_004
2024-01-19,1054.87,24,Clothing,STORE_003,CLTH_002
2024-01-19,1628.04,24,Home Goods,STORE_003,HOME_002
2024-01-19,379.45,15,Grocery,STORE_003,GROC_001
2024-01-19,713.60,21,Beauty,STORE_003,BEAU_001
2024-01-20,2720.65,31,Electronics,STORE_001,ELEC_004
2024-01-20,1001.86,23,Clothing,STORE_001,CLTH_001
2024-01-20,1548.79,23,Home Goods,STORE_001,HOME_003
2024-01-20,589.94,23,Grocery,STORE_001,GROC_001
2024-01-20,937.15,24,Beauty,STORE_001,BEAU_003
2024-01-20,2167.12,28,Electronics,STORE_002,ELEC_004
2024-01-20,1299.29,24,Clothing,STORE_002,CLTH_003
2024-01-20,1275.52,19,Home Goods,STORE_002,HOME_001
2024-01-20,381.49,18,Grocery,STORE_002,GROC_004
2024-01-20,729.59,17,Beauty,STORE_002,BEAU_004
2024-01-20,3291.68,40,Electronics,STORE_003,ELEC_004
2024-01-20,1122.74,27,Clothing,STORE_003,CLTH_001
2024-01-20,2107.97,35,Home Goods,STORE_003,HOME_001
2024-01-20,791.33,25,Grocery,STORE_003,GROC_003
2024-01-20,1120.08,29,Beauty,STORE_003,BEAU_002
2024-01-21,3401.25,35,Electronics,STORE_001,ELEC_002
2024-01-21,1534.32,29,Clothing,STORE_001,CLTH_001
2024-01-21,1289.28,23,Home Goods,STORE_001,HOME_004
2024-01-21,423.87,17,Grocery,STORE_001,GROC_003
2024-01-21,639.12,18,Beauty,STORE_001,BEAU_002
2024-01-21,2078.41,23,Electronics,STORE_002,ELEC_001
2024-01-21,818.13,18,Clothing,STORE_002,CLTH_004
2024-01-21,1173.48,22,Home Goods,STORE_002,HOME_001
2024-01-21,160.23,7,Grocery,STORE_002,GROC_004
2024-01-21,672.11,17,Beauty,STORE_002,BEAU_002
2024-01-21,4174.62,45,Electronics,STORE_003,ELEC_002
2024-01-21,927.16,22,Clothing,STORE_003,CLTH_001
2024-01-21,1251.09,30,Home Goods,STORE_003,HOME_002
2024-01-21,582.86,23,Grocery,STORE_003,GROC_003
2024-01-21,1001.56,27,Beauty,STORE_003,BEAU_004
2024-01-22,2924.18,31,Electronics,STORE_001,ELEC_003
2024-01-22,859.70,19,Clothing,STORE_001,CLTH_004
2024-01-22,1016.47,16,Home Goods,STORE_001,HOME_002
2024-01-22,458.82,20,Grocery,STORE_001,GROC_002
2024-01-22,402.86,14,Beauty,STORE_001,BEAU_002
2024-01-22,1522.85,18,Electronics,STORE_002,ELEC_003
2024-01-22,709.42,18,Clothing,STORE_002,CLTH_001
2024-01-22,1523.80,23,Home Goods,STORE_002,HOME_003
2024-01-22,464.50,12,Grocery,STORE_002,GROC_004
2024-01-22,998.87,22,Beauty,STORE_002,BEAU_002
2024-01-22,2763.44,39,Electronics,STORE_003,ELEC_001
2024-01-22,1002.26,22,Clothing,STORE_003,CLTH_002
2024-01-22,2031.36,34,Home Goods,STORE_003,HOME_002
2024-01-22,406.88,18,Grocery,STORE_003,GROC_003
2024-01-22,934.39,23,Beauty,STORE_003,BEAU_004
2024-01-23,2592.24,31,Electronics,STORE_001,ELEC_004
2024-01-23,678.99,16,Clothing,STORE_001,CLTH_004
2024-01-23,1264.63,20,Home Goods,STORE_001,HOME_004
2024-01-23,483.92,19,Grocery,STORE_001,GROC_002
2024-01-23,876.83,22,Beauty,STORE_001,BEAU_004
2024-01-23,2876.96,29,Electronics,STORE_002,ELEC_001
2024-01-23,560.82,12,Clothing,STORE_002,CLTH_003
2024-01-23,1004.05,18,Home Goods,STORE_002,HOME_002
2024-01-23,250.61,10,Grocery,STORE_002,GROC_001
2024-01-23,688.12,18,Beauty,STORE_002,BEAU_001
2024-01-23,3128.34,38,Electronics,STORE_003,ELEC_001
2024-01-23,1010.97,22,Clothing,STORE_003,CLTH_003
2024-01-23,1365.41,28,Home Goods,STORE_003,HOME_002
2024-01-23,408.70,14,Grocery,STORE_003,GROC_001
2024-01-23,988.55,25,Beauty,STORE_003,BEAU_004
2024-01-24,2304.37,30,Electronics,STORE_001,ELEC_004
2024-01-24,1325.82,27,Clothing,STORE_001,CLTH_001
2024-01-24,1310.55,23,Home Goods,STORE_001,HOME_002
2024-01-24,308.54,14,Grocery,STORE_001,GROC_001
2024-01-24,771.45,22,Beauty,STORE_001,BEAU_001
2024-01-24,1629.90,20,Electronics,STORE_002,ELEC_001
2024-01-24,330.42,8,Clothing,STORE_002,CLTH_003
2024-01-24,990.19,16,Home Goods,STORE_002,HOME_001
2024-01-24,254.83,9,Grocery,STORE_002,GROC_003
2024-01-24,594.75,16,Beauty,STORE_002,BEAU_003
2024-01-24,2183.23,30,Electronics,STORE_003,ELEC_004
2024-01-24,841.08,22,Clothing,STORE_003,CLTH_001
2024-01-24,1798.47,29,Home Goods,STORE_003,HOME_002
2024-01-24,187.91,8,Grocery,STORE_003,GROC_003
2024-01-24,939.19,22,Beauty,STORE_003,BEAU_002
2024-01-25,2896.61,32,Electronics,STORE_001,ELEC_001
2024-01-25,850.06,23,Clothing,STORE_001,CLTH_004
2024-01-25,1382.50,22,Home Goods,STORE_001,HOME_004
2024-01-25,304.16,13,Grocery,STORE_001,GROC_003
2024-01-25,307.02,7,Beauty,STORE_001,BEAU_001
2024-01-25,2855.17,27,Electronics,STORE_002,ELEC_001
2024-01-25,536.27,11,Clothing,STORE_002,CLTH_003
2024-01-25,1715.70,23,Home Goods,STORE_002,HOME_004
2024-01-25,219.77,10,Grocery,STORE_002,GROC_003
2024-01-25,445.14,10,Beauty,STORE_002,BEAU_001
2024-01-25,2539.44,28,Electronics,STORE_003,ELEC_003
2024-01-25,1160.77,25,Clothing,STORE_003,CLTH_004
2024-01-25,1635.41,22,Home Goods,STORE_003,HOME_003
2024-01-25,536.39,20,Grocery,STORE_003,GROC_004
2024-01-25,599.76,18,Beauty,STORE_003,BEAU_001
2024-01-26,3040.52,33,Electronics,STORE_001,ELEC_002
2024-01-26,677.77,16,Clothing,STORE_001,CLTH_002
2024-01-26,1329.72,23,Home Goods,STORE_001,HOME_003
2024-01-26,227.08,12,Grocery,STORE_001,GROC_003
2024-01-26,710.96,21,Beauty,STORE_001,BEAU_001
2024-01-26,3458.84,31,Electronics,STORE_002,ELEC_004
2024-01-26,553.09,14,Clothing,STORE_002,CLTH_003
2024-01-26,1337.51,25,Home Goods,STORE_002,HOME_003
2024-01-26,119.61,5,Grocery,STORE_002,GROC_002
2024-01-26,842.62,22,Beauty,STORE_002,BEAU_001
2024-01-26,3205.79,39,Electronics,STORE_003,ELEC_003
2024-01-26,894.44,23,Clothing,STORE_003,CLTH_002
2024-01-26,2256.64,43,Home Goods,STORE_003,HOME_004
2024-01-26,640.29,22,Grocery,STORE_003,GROC_001
2024-01-26,1131.31,24,Beauty,STORE_003,BEAU_003
2024-01-27,2564.80,35,Electronics,STORE_001,ELEC_002
2024-01-27,1000.03,24,Clothing,STORE_001,CLTH_001
2024-01-27,1543.69,25,Home Goods,STORE_001,HOME_002
2024-01-27,708.17,28,Grocery,STORE_001,GROC_003
2024-01-27,918.06,25,Beauty,STORE_001,BEAU_003
2024-01-27,2114.55,27,Electronics,STORE_002,ELEC_002
2024-01-27,565.18,16,Clothing,STORE_002,CLTH_002
2024-01-27,1110.08,18,Home Goods,STORE_002,HOME_001
2024-01-27,563.27,23,Grocery,STORE_002,GROC_001
2024-01-27,788.17,21,Beauty,STORE_002,BEAU_004
2024-01-27,3383.07,39,Electronics,STORE_003,ELEC_003
2024-01-27,1654.48,36,Clothing,STORE_003,CLTH_004
2024-01-27,2162.60,35,Home Goods,STORE_003,HOME_001
2024-01-27,656.68,24,Grocery,STORE_003,GROC_002
2024-01-27,1033.77,29,Beauty,STORE_003,BEAU_003
2024-01-28,3621.56,38,Electronics,STORE_001,ELEC_003
2024-01-28,1100.55,24,Clothing,STORE_001,CLTH_004
2024-01-28,2318.70,32,Home Goods,STORE_001,HOME_004
2024-01-28,486.85,23,Grocery,STORE_001,GROC_002
2024-01-28,700.24,20,Beauty,STORE_001,BEAU_002
2024-01-28,2919.50,32,Electronics,STORE_002,ELEC_004
2024-01-28,1035.23,22,Clothing,STORE_002,CLTH_004
2024-01-28,1444.65,26,Home Goods,STORE_002,HOME_003
2024-01-28,311.96,12,Grocery,STORE_002,GROC_004
2024-01-28,446.59,11,Beauty,STORE_002,BEAU_001
2024-01-28,3207.05,34,Electronics,STORE_003,ELEC_003
2024-01-28,1151.22,26,Clothing,STORE_003,CLTH_002
2024-01-28,2124.13,36,Home Goods,STORE_003,HOME_003
2024-01-28,552.92,25,Grocery,STORE_003,GROC_001
2024-01-28,1284.40,35,Beauty,STORE_003,BEAU_003
2024-01-29,2684.65,28,Electronics,STORE_001,ELEC_004
2024-01-29,988.42,23,Clothing,STORE_001,CLTH_004
2024-01-29,1623.94,21,Home Goods,STORE_001,HOME_002
2024-01-29,608.94,27,Grocery,STORE_001,GROC_003
2024-01-29,672.71,18,Beauty,STORE_001,BEAU_004
2024-01-29,1997.13,20,Electronics,STORE_002,ELEC_001
2024-01-29,537.71,14,Clothing,STORE_002,CLTH_001
2024-01-29,549.23,10,Home Goods,STORE_002,HOME_002
2024-01-29,179.64,7,Grocery,STORE_002,GROC_002
2024-01-29,575.56,12,Beauty,STORE_002,BEAU_002
2024-01-29,3305.41,36,Electronics,STORE_003,ELEC_001
2024-01-29,1115.76,26,Clothing,STORE_003,CLTH_002
2024-01-29,1944.68,33,Home Goods,STORE_003,HOME_004
2024-01-29,357.88,21,Grocery,STORE_003,GROC_002
2024-01-29,788.51,19,Beauty,STORE_003,BEAU_004
2024-01-30,2902.26,37,Electronics,STORE_001,ELEC_003
2024-01-30,790.99,18,Clothing,STORE_001,CLTH_003
2024-01-30,2021.82,29,Home Goods,STORE_001,HOME_002
2024-01-30,311.76,15,Grocery,STORE_001,GROC_003
2024-01-30,793.69,19,Beauty,STORE_001,BEAU_003
2024-01-30,2174.72,27,Electronics,STORE_002,ELEC_004
2024-01-30,1043.94,22,Clothing,STORE_002,CLTH_002
2024-01-30,1136.33,17,Home Goods,STORE_002,HOME_001
2024-01-30,453.53,18,Grocery,STORE_002,GROC_002
2024-01-30,759.96,19,Beauty,STORE_002,BEAU_003
2024-01-30,2918.16,33,Electronics,STORE_003,ELEC_002
2024-01-30,1057.29,22,Clothing,STORE_003,CLTH_004
2024-01-30,1516.55,26,Home Goods,STORE_003,HOME_002
2024-01-30,474.41,17,Grocery,STORE_003,GROC_004
2024-01-30,863.47,22,Beauty,STORE_003,BEAU_001
2024-01-31,2392.13,23,Electronics,STORE_001,ELEC_002
2024-01-31,720.77,17,Clothing,STORE_001,CLTH_002
2024-01-31,1425.67,28,Home Goods,STORE_001,HOME_001
2024-01-31,441.69,17,Grocery,STORE_001,GROC_003
2024-01-31,739.13,22,Beauty,STORE_001,BEAU_001
2024-01-31,2310.61,25,Electronics,STORE_002,ELEC_004
2024-01-31,779.78,16,Clothing,STORE_002,CLTH_004
2024-01-31,1544.72,25,Home Goods,STORE_002,HOME_003
2024-01-31,351.42,15,Grocery,STORE_002,GROC_003
2024-01-31,484.16,13,Beauty,STORE_002,BEAU_004
2024-01-31,3380.39,33,Electronics,STORE_003,ELEC_001
2024-01-31,1180.86,24,Clothing,STORE_003,CLTH_002
2024-01-31,1351.06,28,Home Goods,STORE_003,HOME_004
2024-01-31,722.34,26,Grocery,STORE_003,GROC_001
2024-01-31,922.45,24,Beauty,STORE_003,BEAU_002
2024-02-01,2606.16,33,Electronics,STORE_001,ELEC_003
2024-02-01,929.65,18,Clothing,STORE_001,CLTH_003
2024-02-01,1231.34,22,Home Goods,STORE_001,HOME_004
2024-02-01,305.04,14,Grocery,STORE_001,GROC_004
2024-02-01,415.92,12,Beauty,STORE_001,BEAU_002
2024-02-01,1525.72,19,Electronics,STORE_002,ELEC_001
2024-02-01,1189.46,23,Clothing,STORE_002,CLTH_001
2024-02-01,1000.30,17,Home Goods,STORE_002,HOME_002
2024-02-01,392.38,18,Grocery,STORE_002,GROC_001
2024-02-01,805.18,19,Beauty,STORE_002,BEAU_004
2024-02-01,2712.90,30,Electronics,STORE_003,ELEC_004
2024-02-01,1044.15,23,Clothing,STORE_003,CLTH_004
2024-02-01,1572.35,28,Home Goods,STORE_003,HOME_001
2024-02-01,374.90,14,Grocery,STORE_003,GROC_001
2024-02-01,929.28,22,Beauty,STORE_003,BEAU_001
2024-02-02,2333.71,23,Electronics,STORE_001,ELEC_003
2024-02-02,405.51,9,Clothing,STORE_001,CLTH_004
2024-02-02,1509.00,30,Home Goods,STORE_001,HOME_004
2024-02-02,493.02,21,Grocery,STORE_001,GROC_002
2024-02-02,1035.82,23,Beauty,STORE_001,BEAU_002
2024-02-02,2322.25,32,Electronics,STORE_002,ELEC_001
2024-02-02,497.46,14,Clothing,STORE_002,CLTH_004
2024-02-02,1096.40,18,Home Goods,STORE_002,HOME_002
2024-02-02,551.08,20,Grocery,STORE_002,GROC_002
2024-02-02,589.17,20,Beauty,STORE_002,BEAU_004
2024-02-02,3090.50,35,Electronics,STORE_003,ELEC_001
2024-02-02,1029.69,22,Clothing,STORE_003,CLTH_001
2024-02-02,1897.57,28,Home Goods,STORE_003,HOME_004
2024-02-02,594.10,19,Grocery,STORE_003,GROC_003
2024-02-02,600.34,16,Beauty,STORE_003,BEAU_003
2024-02-03,3222.49,32,Electronics,STORE_001,ELEC_002
2024-02-03,1304.21,24,Clothing,STORE_001,CLTH_004
2024-02-03,1397.07,25,Home Goods,STORE_001,HOME_002
2024-02-03,584.48,23,Grocery,STORE_001,GROC_004
2024-02-03,669.10,19,Beauty,STORE_001,BEAU_003
2024-02-03,1972.85,23,Electronics,STORE_002,ELEC_003
2024-02-03,953.59,21,Clothing,STORE_002,CLTH_003
2024-02-03,1778.75,27,Home Goods,STORE_002,HOME_004
2024-02-03,388.72,15,Grocery,STORE_002,GROC_002
2024-02-03,445.36,13,Beauty,STORE_002,BEAU_003
2024-02-03,3975.29,39,Electronics,STORE_003,ELEC_002
2024-02-03,1334.99,30,Clothing,STORE_003,CLTH_001
2024-02-03,1463.25,27,Home Goods,STORE_003,HOME_002
2024-02-03,648.03,21,Grocery,STORE_003,GROC_003
2024-02-03,982.65,29,Beauty,STORE_003,BEAU_001
2024-02-04,2497.87,32,Electronics,STORE_001,ELEC_002
2024-02-04,1114.20,26,Clothing,STORE_001,CLTH_003
2024-02-04,1952.48,27,Home Goods,STORE_001,HOME_003
2024-02-04,416.49,17,Grocery,STORE_001,GROC_004
2024-02-04,790.00,20,Beauty,STORE_001,BEAU_002
2024-02-04,2788.29,27,Electronics,STORE_002,ELEC_002
2024-02-04,927.70,19,Clothing,STORE_002,CLTH_004
2024-02-04,1567.58,28,Home Goods,STORE_002,HOME_002
2024-02-04,535.61,16,Grocery,STORE_002,GROC_003
2024-02-04,602.65,17,Beauty,STORE_002,BEAU_004
2024-02-04,3732.57,44,Electronics,STORE_003,ELEC_003
2024-02-04,1103.26,29,Clothing,STORE_003,CLTH_001
2024-02-04,2388.96,39,Home Goods,STORE_003,HOME_001
2024-02-04,528.62,19,Grocery,STORE_003,GROC_002
2024-02-04,822.84,23,Beauty,STORE_003,BEAU_002
2024-02-05,2280.34,25,Electronics,STORE_001,ELEC_004
2024-02-05,1118.17,25,Clothing,STORE_001,CLTH_004
2024-02-05,1943.58,35,Home Goods,STORE_001,HOME_001
2024-02-05,451.24,20,Grocery,STORE_001,GROC_004
2024-02-05,881.13,20,Beauty,STORE_001,BEAU_002
2024-02-05,2056.21,25,Electronics,STORE_002,ELEC_003
2024-02-05,835.52,19,Clothing,STORE_002,CLTH_004
2024-02-05,1500.30,17,Home Goods,STORE_002,HOME_002
2024-02-05,583.77,20,Grocery,STORE_002,GROC_001
2024-02-05,661.11,16,Beauty,STORE_002,BEAU_004
2024-02-05,3272.08,39,Electronics,STORE_003,ELEC_004
2024-02-05,1295.79,31,Clothing,STORE_003,CLTH_001
2024-02-05,2705.36,37,Home Goods,STORE_003,HOME_004
2024-02-05,698.61,24,Grocery,STORE_003,GROC_003
2024-02-05,1002.32,24,Beauty,STORE_003,BEAU_003
2024-02-06,2301.54,29,Electronics,STORE_001,ELEC_002
2024-02-06,839.92,21,Clothing,STORE_001,CLTH_002
2024-02-06,1097.47,21,Home Goods,STORE_001,HOME_004
2024-02-06,432.68,21,Grocery,STORE_001,GROC_001
2024-02-06,940.04,21,Beauty,STORE_001,BEAU_001
2024-02-06,2557.47,26,Electronics,STORE_002,ELEC_004
2024-02-06,768.80,18,Clothing,STORE_002,CLTH_003
2024-02-06,1427.33,24,Home Goods,STORE_002,HOME_004
2024-02-06,519.68,18,Grocery,STORE_002,GROC_004
2024-02-06,379.64,9,Beauty,STORE_002,BEAU_001
2024-02-06,2968.06,34,Electronics,STORE_003,ELEC_002
2024-02-06,1009.34,24,Clothing,STORE_003,CLTH_003
2024-02-06,1790.04,30,Home Goods,STORE_003,HOME_001
2024-02-06,580.01,21,Grocery,STORE_003,GROC_004
2024-02-06,622.58,17,Beauty,STORE_003,BEAU_001
2024-02-07,2697.71,29,Electronics,STORE_001,ELEC_004
2024-02-07,787.26,18,Clothing,STORE_001,CLTH_002
2024-02-07,1656.38,25,Home Goods,STORE_001,HOME_003
2024-02-07,343.12,13,Grocery,STORE_001,GROC_002
2024-02-07,805.17,19,Beauty,STORE_001,BEAU_003
2024-02-07,2101.72,22,Electronics,STORE_002,ELEC_004
2024-02-07,909.19,19,Clothing,STORE_002,CLTH_004
2024-02-07,1037.14,15,Home Goods,STORE_002,HOME_003
2024-02-07,224.97,8,Grocery,STORE_002,GROC_002
2024-02-07,488.67,13,Beauty,STORE_002,BEAU_002
2024-02-07,3819.51,37,Electronics,STORE_003,ELEC_004
2024-02-07,938.17,19,Clothing,STORE_003,CLTH_003
2024-02-07,1600.26,29,Home Goods,STORE_003,HOME_002
2024-02-07,603.04,24,Grocery,STORE_003,GROC_001
2024-02-07,703.74,18,Beauty,STORE_003,BEAU_003
2024-02-08,2469.86,28,Electronics,STORE_001,ELEC_004
2024-02-08,889.40,23,Clothing,STORE_001,CLTH_002
2024-02-08,1147.19,19,Home Goods,STORE_001,HOME_001
2024-02-08,307.45,14,Grocery,STORE_001,GROC_004
2024-02-08,494.49,17,Beauty,STORE_001,BEAU_003
2024-02-08,1593.96,19,Electronics,STORE_002,ELEC_001
2024-02-08,860.57,19,Clothing,STORE_002,CLTH_003
2024-02-08,1145.13,17,Home Goods,STORE_002,HOME_004
2024-02-08,414.89,15,Grocery,STORE_002,GROC_004
2024-02-08,828.37,22,Beauty,STORE_002,BEAU_002
2024-02-08,3442.65,34,Electronics,STORE_003,ELEC_002
2024-02-08,1606.95,27,Clothing,STORE_003,CLTH_001
2024-02-08,1796.92,26,Home Goods,STORE_003,HOME_002
2024-02-08,367.52,15,Grocery,STORE_003,GROC_003
2024-02-08,896.77,21,Beauty,STORE_003,BEAU_004
2024-02-09,2124.33,27,Electronics,STORE_001,ELEC_003
2024-02-09,1023.09,26,Clothing,STORE_001,CLTH_002
2024-02-09,1107.48,23,Home Goods,STORE_001,HOME_003
2024-02-09,444.86,18,Grocery,STORE_001,GROC_002
2024-02-09,1078.50,24,Beauty,STORE_001,BEAU_004
2024-02-09,2033.15,20,Electronics,STORE_002,ELEC_002
2024-02-09,674.89,17,Clothing,STORE_002,CLTH_003
2024-02-09,718.82,13,Home Goods,STORE_002,HOME_001
2024-02-09,328.98,13,Grocery,STORE_002,GROC_002
2024-02-09,354.38,10,Beauty,STORE_002,BEAU_004
2024-02-09,2983.44,31,Electronics,STORE_003,ELEC_001
2024-02-09,1071.51,27,Clothing,STORE_003,CLTH_002
2024-02-09,1918.73,33,Home Goods,STORE_003,HOME_001
2024-02-09,509.85,19,Grocery,STORE_003,GROC_002
2024-02-09,614.80,18,Beauty,STORE_003,BEAU_004
2024-02-10,3688.17,37,Electronics,STORE_001,ELEC_004
2024-02-10,780.29,19,Clothing,STORE_001,CLTH_002
2024-02-10,2004.57,31,Home Goods,STORE_001,HOME_002
2024-02-10,353.93,14,Grocery,STORE_001,GROC_001
2024-02-10,924.28,27,Beauty,STORE_001,BEAU_004
2024-02-10,2359.64,28,Electronics,STORE_002,ELEC_004
2024-02-10,989.80,21,Clothing,STORE_002,CLTH_002
2024-02-10,1380.90,20,Home Goods,STORE_002,HOME_003
2024-02-10,226.82,10,Grocery,STORE_002,GROC_004
2024-02-10,779.19,18,Beauty,STORE_002,BEAU_001
2024-02-10,3100.98,34,Electronics,STORE_003,ELEC_003
2024-02-10,1153.53,24,Clothing,STORE_003,CLTH_002
2024-02-10,2233.90,29,Home Goods,STORE_003,HOME_002
2024-02-10,554.57,25,Grocery,STORE_003,GROC_001
2024-02-10,1181.69,28,Beauty,STORE_003,BEAU_002
2024-02-11,2698.05,27,Electronics,STORE_001,ELEC_004
2024-02-11,992.01,27,Clothing,STORE_001,CLTH_002
2024-02-11,1754.46,26,Home Goods,STORE_001,HOME_002
2024-02-11,221.42,11,Grocery,STORE_001,GROC_003
2024-02-11,1050.51,22,Beauty,STORE_001,BEAU_001
2024-02-11,3315.09,39,Electronics,STORE_002,ELEC_004
2024-02-11,943.78,18,Clothing,STORE_002,CLTH_002
2024-02-11,1164.95,23,Home Goods,STORE_002,HOME_002
2024-02-11,380.18,16,Grocery,STORE_002,GROC_003
2024-02-11,491.61,13,Beauty,STORE_002,BEAU_001
2024-02-11,3310.68,44,Electronics,STORE_003,ELEC_003
2024-02-11,1657.95,32,Clothing,STORE_003,CLTH_004
2024-02-11,1914.18,33,Home Goods,STORE_003,HOME_001
2024-02-11,548.13,28,Grocery,STORE_003,GROC_003
2024-02-11,1226.56,33,Beauty,STORE_003,BEAU_002
2024-02-12,2448.30,26,Electronics,STORE_001,ELEC_003
2024-02-12,898.67,19,Clothing,STORE_001,CLTH_003
2024-02-12,1940.42,29,Home Goods,STORE_001,HOME_001
2024-02-12,452.32,17,Grocery,STORE_001,GROC_002
2024-02-12,1011.00,21,Beauty,STORE_001,BEAU_004
2024-02-12,2605.38,28,Electronics,STORE_002,ELEC_002
2024-02-12,584.81,15,Clothing,STORE_002,CLTH_001
2024-02-12,1918.98,26,Home Goods,STORE_002,HOME_002
2024-02-12,339.51,12,Grocery,STORE_002,GROC_002
2024-02-12,735.73,17,Beauty,STORE_002,BEAU_001
2024-02-12,4278.07,41,Electronics,STORE_003,ELEC_004
2024-02-12,537.02,13,Clothing,STORE_003,CLTH_004
2024-02-12,1699.45,23,Home Goods,STORE_003,HOME_002
2024-02-12,705.84,22,Grocery,STORE_003,GROC_003
2024-02-12,753.06,19,Beauty,STORE_003,BEAU_002
2024-02-13,2704.23,31,Electronics,STORE_001,ELEC_002
2024-02-13,1048.02,25,Clothing,STORE_001,CLTH_002
2024-02-13,1707.88,25,Home Goods,STORE_001,HOME_001
2024-02-13,405.46,14,Grocery,STORE_001,GROC_004
2024-02-13,711.29,16,Beauty,STORE_001,BEAU_001
2024-02-13,2220.23,25,Electronics,STORE_002,ELEC_003
2024-02-13,638.43,12,Clothing,STORE_002,CLTH_003
2024-02-13,1328.21,19,Home Goods,STORE_002,HOME_002
2024-02-13,411.07,16,Grocery,STORE_002,GROC_002
2024-02-13,552.88,14,Beauty,STORE_002,BEAU_004
2024-02-13,3283.51,34,Electronics,STORE_003,ELEC_003
2024-02-13,1035.65,20,Clothing,STORE_003,CLTH_004
2024-02-13,1199.94,18,Home Goods,STORE_003,HOME_001
2024-02-13,744.20,22,Grocery,STORE_003,GROC_003
2024-02-13,732.73,21,Beauty,STORE_003,BEAU_003
2024-02-14,2394.88,26,Electronics,STORE_001,ELEC_004
2024-02-14,839.96,17,Clothing,STORE_001,CLTH_002
2024-02-14,1586.32,26,Home Goods,STORE_001,HOME_002
2024-02-14,587.46,21,Grocery,STORE_001,GROC_001
2024-02-14,746.91,20,Beauty,STORE_001,BEAU_002
2024-02-14,2633.30,26,Electronics,STORE_002,ELEC_001
2024-02-14,1052.11,21,Clothing,STORE_002,CLTH_002
2024-02-14,928.02,17,Home Goods,STORE_002,HOME_003
2024-02-14,420.95,15,Grocery,STORE_002,GROC_003
2024-02-14,473.52,12,Beauty,STORE_002,BEAU_001
2024-02-14,3233.05,34,Electronics,STORE_003,ELEC_004
2024-02-14,806.41,19,Clothing,STORE_003,CLTH_001
2024-02-14,1426.00,23,Home Goods,STORE_003,HOME_001
2024-02-14,596.57,22,Grocery,STORE_003,GROC_001
2024-02-14,1165.32,23,Beauty,STORE_003,BEAU_001
2024-02-15,3226.32,31,Electronics,STORE_001,ELEC_002
2024-02-15,1583.05,25,Clothing,STORE_001,CLTH_002
2024-02-15,1732.73,25,Home Goods,STORE_001,HOME_004
2024-02-15,413.44,16,Grocery,STORE_001,GROC_003
2024-02-15,1062.13,22,Beauty,STORE_001,BEAU_001
2024-02-15,2203.42,25,Electronics,STORE_002,ELEC_001
2024-02-15,827.91,17,Clothing,STORE_002,CLTH_003
2024-02-15,1187.58,17,Home Goods,STORE_002,HOME_001
2024-02-15,172.11,7,Grocery,STORE_002,GROC_002
2024-02-15,873.15,22,Beauty,STORE_002,BEAU_004
2024-02-15,3633.16,30,Electronics,STORE_003,ELEC_002
2024-02-15,1368.87,25,Clothing,STORE_003,CLTH_001
2024-02-15,1521.34,21,Home Goods,STORE_003,HOME_003
2024-02-15,686.50,24,Grocery,STORE_003,GROC_003
2024-02-15,1124.47,27,Beauty,STORE_003,BEAU_001
2024-02-16,4169.16,37,Electronics,STORE_001,ELEC_003
2024-02-16,720.34,17,Clothing,STORE_001,CLTH_003
2024-02-16,1065.56,18,Home Goods,STORE_001,HOME_001
2024-02-16,471.07,20,Grocery,STORE_001,GROC_001
2024-02-16,844.41,17,Beauty,STORE_001,BEAU_002
2024-02-16,2155.44,22,Electronics,STORE_002,ELEC_003
2024-02-16,883.83,19,Clothing,STORE_002,CLTH_001
2024-02-16,1242.85,17,Home Goods,STORE_002,HOME_001
2024-02-16,457.04,16,Grocery,STORE_002,GROC_004
2024-02-16,459.22,11,Beauty,STORE_002,BEAU_004
2024-02-16,3108.10,36,Electronics,STORE_003,ELEC_002
2024-02-16,869.10,19,Clothing,STORE_003,CLTH_002
2024-02-16,1316.10,26,Home Goods,STORE_003,HOME_001
2024-02-16,690.72,21,Grocery,STORE_003,GROC_003
2024-02-16,1042.88,30,Beauty,STORE_003,BEAU_001
2024-02-17,2795.64,33,Electronics,STORE_001,ELEC_001
2024-02-17,1213.53,25,Clothing,STORE_001,CLTH_002
2024-02-17,1565.47,25,Home Goods,STORE_001,HOME_002
2024-02-17,446.26,17,Grocery,STORE_001,GROC_001
2024-02-17,1021.41,22,Beauty,STORE_001,BEAU_001
2024-02-17,3671.33,35,Electronics,STORE_002,ELEC_002
2024-02-17,1050.28,18,Clothing,STORE_002,CLTH_004
2024-02-17,1688.03,25,Home Goods,STORE_002,HOME_004
2024-02-17,465.58,17,Grocery,STORE_002,GROC_002
2024-02-17,884.52,17,Beauty,STORE_002,BEAU_003
2024-02-17,3492.23,42,Electronics,STORE_003,ELEC_002
2024-02-17,1596.84,32,Clothing,STORE_003,CLTH_004
2024-02-17,1836.15,35,Home Goods,STORE_003,HOME_002
2024-02-17,748.89,30,Grocery,STORE_003,GROC_001
2024-02-17,1239.00,30,Beauty,STORE_003,BEAU_004
2024-02-18,3176.02,33,Electronics,STORE_001,ELEC_003
2024-02-18,1706.68,27,Clothing,STORE_001,CLTH_003
2024-02-18,1387.23,30,Home Goods,STORE_001,HOME_003
2024-02-18,578.20,19,Grocery,STORE_001,GROC_002
2024-02-18,597.98,23,Beauty,STORE_001,BEAU_001
2024-02-18,2230.95,23,Electronics,STORE_002,ELEC_004
2024-02-18,1185.91,22,Clothing,STORE_002,CLTH_002
2024-02-18,1006.34,17,Home Goods,STORE_002,HOME_001
2024-02-18,430.79,14,Grocery,STORE_002,GROC_002
2024-02-18,683.86,18,Beauty,STORE_002,BEAU_004
2024-02-18,4314.03,43,Electronics,STORE_003,ELEC_001
2024-02-18,1613.79,33,Clothing,STORE_003,CLTH_001
2024-02-18,2285.43,32,Home Goods,STORE_003,HOME_002
2024-02-18,483.66,16,Grocery,STORE_003,GROC_001
2024-02-18,1083.78,28,Beauty,STORE_003,BEAU_002
2024-02-19,1722.10,21,Electronics,STORE_001,ELEC_003
2024-02-19,1074.35,19,Clothing,STORE_001,CLTH_001
2024-02-19,1269.75,23,Home Goods,STORE_001,HOME_004
2024-02-19,630.21,21,Grocery,STORE_001,GROC_003
2024-02-19,455.64,10,Beauty,STORE_001,BEAU_003
2024-02-19,1953.40,19,Electronics,STORE_002,ELEC_002
2024-02-19,998.32,19,Clothing,STORE_002,CLTH_001
2024-02-19,1273.04,23,Home Goods,STORE_002,HOME_004
2024-02-19,374.25,13,Grocery,STORE_002,GROC_003
2024-02-19,511.20,14,Beauty,STORE_002,BEAU_002
2024-02-19,4176.49,35,Electronics,STORE_003,ELEC_001
2024-02-19,713.89,17,Clothing,STORE_003,CLTH_002
2024-02-19,1441.08,23,Home Goods,STORE_003,HOME_003
2024-02-19,465.52,18,Grocery,STORE_003,GROC_002
2024-02-19,634.48,16,Beauty,STORE_003,BEAU_001
2024-02-20,2750.20,33,Electronics,STORE_001,ELEC_002
2024-02-20,1061.80,24,Clothing,STORE_001,CLTH_001
2024-02-20,1741.46,25,Home Goods,STORE_001,HOME_002
2024-02-20,391.89,14,Grocery,STORE_001,GROC_003
2024-02-20,899.72,21,Beauty,STORE_001,BEAU_003
2024-02-20,1914.34,19,Electronics,STORE_002,ELEC_001
2024-02-20,611.56,15,Clothing,STORE_002,CLTH_004
2024-02-20,1031.41,15,Home Goods,STORE_002,HOME_004
2024-02-20,397.90,18,Grocery,STORE_002,GROC_002
2024-02-20,442.77,12,Beauty,STORE_002,BEAU_003
2024-02-20,4052.40,40,Electronics,STORE_003,ELEC_001
2024-02-20,1077.99,22,Clothing,STORE_003,CLTH_003
2024-02-20,1921.24,28,Home Goods,STORE_003,HOME_004
2024-02-20,601.75,23,Grocery,STORE_003,GROC_001
2024-02-20,579.25,14,Beauty,STORE_003,BEAU_004
2024-02-21,4128.70,35,Electronics,STORE_001,ELEC_004
2024-02-21,958.82,21,Clothing,STORE_001,CLTH_003
2024-02-21,1539.95,25,Home Goods,STORE_001,HOME_003
2024-02-21,446.84,20,Grocery,STORE_001,GROC_001
2024-02-21,528.00,16,Beauty,STORE_001,BEAU_002
2024-02-21,3073.24,30,Electronics,STORE_002,ELEC_004
2024-02-21,691.79,15,Clothing,STORE_002,CLTH_002
2024-02-21,745.65,11,Home Goods,STORE_002,HOME_001
2024-02-21,259.98,8,Grocery,STORE_002,GROC_002
2024-02-21,729.42,18,Beauty,STORE_002,BEAU_002
2024-02-21,3109.33,37,Electronics,STORE_003,ELEC_001
2024-02-21,1498.67,26,Clothing,STORE_003,CLTH_004
2024-02-21,2183.04,32,Home Goods,STORE_003,HOME_003
2024-02-21,582.56,24,Grocery,STORE_003,GROC_001
2024-02-21,816.65,20,Beauty,STORE_003,BEAU_004
2024-02-22,2771.70,31,Electronics,STORE_001,ELEC_004
2024-02-22,889.72,18,Clothing,STORE_001,CLTH_001
2024-02-22,1548.24,25,Home Goods,STORE_001,HOME_001
2024-02-22,295.34,11,Grocery,STORE_001,GROC_003
2024-02-22,970.75,22,Beauty,STORE_001,BEAU_004
2024-02-22,3257.16,28,Electronics,STORE_002,ELEC_004
2024-02-22,695.62,16,Clothing,STORE_002,CLTH_003
2024-02-22,1532.01,20,Home Goods,STORE_002,HOME_003
2024-02-22,367.28,11,Grocery,STORE_002,GROC_003
2024-02-22,595.08,11,Beauty,STORE_002,BEAU_002
2024-02-22,3085.13,35,Electronics,STORE_003,ELEC_004
2024-02-22,968.40,19,Clothing,STORE_003,CLTH_001
2024-02-22,1747.36,28,Home Goods,STORE_003,HOME_004
2024-02-22,445.16,14,Grocery,STORE_003,GROC_002
2024-02-22,1245.83,27,Beauty,STORE_003,BEAU_004
2024-02-23,2788.63,29,Electronics,STORE_001,ELEC_002
2024-02-23,1148.23,20,Clothing,STORE_001,CLTH_001
2024-02-23,1381.56,21,Home Goods,STORE_001,HOME_003
2024-02-23,425.16,15,Grocery,STORE_001,GROC_004
2024-02-23,1000.53,20,Beauty,STORE_001,BEAU_004
2024-02-23,2151.75,20,Electronics,STORE_002,ELEC_003
2024-02-23,1208.75,24,Clothing,STORE_002,CLTH_001
2024-02-23,1420.12,24,Home Goods,STORE_002,HOME_002
2024-02-23,398.84,16,Grocery,STORE_002,GROC_002
2024-02-23,315.06,7,Beauty,STORE_002,BEAU_004
2024-02-23,3276.60,33,Electronics,STORE_003,ELEC_004
2024-02-23,1473.96,25,Clothing,STORE_003,CLTH_001
2024-02-23,1647.36,26,Home Goods,STORE_003,HOME_003
2024-02-23,454.16,17,Grocery,STORE_003,GROC_003
2024-02-23,1086.50,27,Beauty,STORE_003,BEAU_004
2024-02-24,2707.60,30,Electronics,STORE_001,ELEC_003
2024-02-24,1906.49,30,Clothing,STORE_001,CLTH_004
2024-02-24,1803.49,30,Home Goods,STORE_001,HOME_003
2024-02-24,368.98,12,Grocery,STORE_001,GROC_003
2024-02-24,1082.77,28,Beauty,STORE_001,BEAU_002
2024-02-24,1855.33,23,Electronics,STORE_002,ELEC_003
2024-02-24,1019.28,23,Clothing,STORE_002,CLTH_004
2024-02-24,1110.71,25,Home Goods,STORE_002,HOME_001
2024-02-24,373.94,13,Grocery,STORE_002,GROC_002
2024-02-24,545.18,13,Beauty,STORE_002,BEAU_004
2024-02-24,3927.53,45,Electronics,STORE_003,ELEC_003
2024-02-24,1147.26,27,Clothing,STORE_003,CLTH_001
2024-02-24,2465.11,41,Home Goods,STORE_003,HOME_002
2024-02-24,531.38,21,Grocery,STORE_003,GROC_002
2024-02-24,972.03,23,Beauty,STORE_003,BEAU_003
2024-02-25,3334.79,35,Electronics,STORE_001,ELEC_001
2024-02-25,1153.18,22,Clothing,STORE_001,CLTH_001
2024-02-25,1970.26,32,Home Goods,STORE_001,HOME_003
2024-02-25,543.96,21,Grocery,STORE_001,GROC_002
2024-02-25,1264.43,25,Beauty,STORE_001,BEAU_004
2024-02-25,2460.12,29,Electronics,STORE_002,ELEC_002
2024-02-25,915.83,18,Clothing,STORE_002,CLTH_001
2024-02-25,1395.58,21,Home Goods,STORE_002,HOME_002
2024-02-25,207.78,9,Grocery,STORE_002,GROC_002
2024-02-25,654.11,14,Beauty,STORE_002,BEAU_004
2024-02-25,4357.04,41,Electronics,STORE_003,ELEC_003
2024-02-25,1377.19,29,Clothing,STORE_003,CLTH_002
2024-02-25,2016.60,30,Home Goods,STORE_003,HOME_003
2024-02-25,815.18,27,Grocery,STORE_003,GROC_003
2024-02-25,1144.40,30,Beauty,STORE_003,BEAU_003
2024-02-26,2568.87,24,Electronics,STORE_001,ELEC_002
2024-02-26,1118.87,22,Clothing,STORE_001,CLTH_004
2024-02-26,1544.31,24,Home Goods,STORE_001,HOME_002
2024-02-26,461.27,17,Grocery,STORE_001,GROC_001
2024-02-26,813.38,18,Beauty,STORE_001,BEAU_001
2024-02-26,2509.69,29,Electronics,STORE_002,ELEC_001
2024-02-26,931.89,19,Clothing,STORE_002,CLTH_004
2024-02-26,1201.34,17,Home Goods,STORE_002,HOME_001
2024-02-26,191.01,9,Grocery,STORE_002,GROC_003
2024-02-26,905.36,20,Beauty,STORE_002,BEAU_001
2024-02-26,3529.55,35,Electronics,STORE_003,ELEC_004
2024-02-26,1399.06,29,Clothing,STORE_003,CLTH_002
2024-02-26,2337.57,33,Home Goods,STORE_003,HOME_002
2024-02-26,803.32,29,Grocery,STORE_003,GROC_003
2024-02-26,1064.51,29,Beauty,STORE_003,BEAU_001
2024-02-27,2549.79,27,Electronics,STORE_001,ELEC_001
2024-02-27,882.08,25,Clothing,STORE_001,CLTH_001
2024-02-27,1735.43,27,Home Goods,STORE_001,HOME_003
2024-02-27,493.90,22,Grocery,STORE_001,GROC_002
2024-02-27,907.92,23,Beauty,STORE_001,BEAU_004
2024-02-27,2417.46,26,Electronics,STORE_002,ELEC_001
2024-02-27,698.50,14,Clothing,STORE_002,CLTH_004
2024-02-27,1255.40,17,Home Goods,STORE_002,HOME_001
2024-02-27,466.91,16,Grocery,STORE_002,GROC_004
2024-02-27,627.93,17,Beauty,STORE_002,BEAU_004
2024-02-27,3622.02,33,Electronics,STORE_003,ELEC_001
2024-02-27,1048.37,20,Clothing,STORE_003,CLTH_001
2024-02-27,1183.51,22,Home Goods,STORE_003,HOME_002
2024-02-27,583.99,25,Grocery,STORE_003,GROC_001
2024-02-27,583.14,14,Beauty,STORE_003,BEAU_004
2024-02-28,2726.39,28,Electronics,STORE_001,ELEC_004
2024-02-28,1054.47,20,Clothing,STORE_001,CLTH_002
2024-02-28,1100.80,18,Home Goods,STORE_001,HOME_003
2024-02-28,343.12,14,Grocery,STORE_001,GROC_002
2024-02-28,1150.02,23,Beauty,STORE_001,BEAU_004
2024-02-28,1815.50,20,Electronics,STORE_002,ELEC_001
2024-02-28,949.32,21,Clothing,STORE_002,CLTH_004
2024-02-28,1422.87,21,Home Goods,STORE_002,HOME_002
2024-02-28,270.88,10,Grocery,STORE_002,GROC_002
2024-02-28,542.38,14,Beauty,STORE_002,BEAU_004
2024-02-28,2866.72,33,Electronics,STORE_003,ELEC_004
2024-02-28,1144.32,24,Clothing,STORE_003,CLTH_001
2024-02-28,1993.36,31,Home Goods,STORE_003,HOME_001
2024-02-28,434.47,18,Grocery,STORE_003,GROC_002
2024-02-28,893.72,21,Beauty,STORE_003,BEAU_003
2024-02-29,3010.28,34,Electronics,STORE_001,ELEC_004
2024-02-29,1323.86,25,Clothing,STORE_001,CLTH_004
2024-02-29,1620.18,27,Home Goods,STORE_001,HOME_003
2024-02-29,571.12,19,Grocery,STORE_001,GROC_001
2024-02-29,1146.25,24,Beauty,STORE_001,BEAU_004
2024-02-29,3332.76,30,Electronics,STORE_002,ELEC_002
2024-02-29,1100.66,24,Clothing,STORE_002,CLTH_002
2024-02-29,1678.98,25,Home Goods,STORE_002,HOME_004
2024-02-29,303.74,12,Grocery,STORE_002,GROC_004
2024-02-29,651.70,16,Beauty,STORE_002,BEAU_002
2024-02-29,2725.16,29,Electronics,STORE_003,ELEC_004
2024-02-29,1069.23,23,Clothing,STORE_003,CLTH_002
2024-02-29,1585.07,26,Home Goods,STORE_003,HOME_003
2024-02-29,645.87,18,Grocery,STORE_003,GROC_002
2024-02-29,1049.51,22,Beauty,STORE_003,BEAU_002
2024-03-01,2706.92,32,Electronics,STORE_001,ELEC_003
2024-03-01,1430.70,26,Clothing,STORE_001,CLTH_002
2024-03-01,1201.18,20,Home Goods,STORE_001,HOME_003
2024-03-01,504.50,21,Grocery,STORE_001,GROC_002
2024-03-01,549.31,17,Beauty,STORE_001,BEAU_003
2024-03-01,1677.47,22,Electronics,STORE_002,ELEC_004
2024-03-01,939.96,20,Clothing,STORE_002,CLTH_003
2024-03-01,1481.38,19,Home Goods,STORE_002,HOME_004
2024-03-01,456.24,13,Grocery,STORE_002,GROC_002
2024-03-01,590.34,15,Beauty,STORE_002,BEAU_002
2024-03-01,3626.32,36,Electronics,STORE_003,ELEC_003
2024-03-01,1202.49,28,Clothing,STORE_003,CLTH_002
2024-03-01,1324.58,21,Home Goods,STORE_003,HOME_002
2024-03-01,397.46,14,Grocery,STORE_003,GROC_001
2024-03-01,981.57,24,Beauty,STORE_003,BEAU_003
2024-03-02,2861.05,32,Electronics,STORE_001,ELEC_004
2024-03-02,924.96,24,Clothing,STORE_001,CLTH_003
2024-03-02,1649.90,24,Home Goods,STORE_001,HOME_002
2024-03-02,557.38,21,Grocery,STORE_001,GROC_001
2024-03-02,953.08,22,Beauty,STORE_001,BEAU_004
2024-03-02,2305.86,26,Electronics,STORE_002,ELEC_002
2024-03-02,1483.05,25,Clothing,STORE_002,CLTH_002
2024-03-02,1472.21,24,Home Goods,STORE_002,HOME_001
2024-03-02,420.08,13,Grocery,STORE_002,GROC_003
2024-03-02,934.64,23,Beauty,STORE_002,BEAU_002
2024-03-02,4104.10,39,Electronics,STORE_003,ELEC_004
2024-03-02,1155.78,27,Clothing,STORE_003,CLTH_002
2024-03-02,3275.38,43,Home Goods,STORE_003,HOME_004
2024-03-02,755.51,26,Grocery,STORE_003,GROC_001
2024-03-02,1429.98,32,Beauty,STORE_003,BEAU_002
2024-03-03,3248.86,29,Electronics,STORE_001,ELEC_003
2024-03-03,1393.82,26,Clothing,STORE_001,CLTH_003
2024-03-03,1417.02,23,Home Goods,STORE_001,HOME_003
2024-03-03,559.59,20,Grocery,STORE_001,GROC_002
2024-03-03,1297.62,27,Beauty,STORE_001,BEAU_001
2024-03-03,3114.76,28,Electronics,STORE_002,ELEC_001
2024-03-03,1121.21,23,Clothing,STORE_002,CLTH_002
2024-03-03,1301.36,26,Home Goods,STORE_002,HOME_004
2024-03-03,636.42,22,Grocery,STORE_002,GROC_002
2024-03-03,727.99,19,Beauty,STORE_002,BEAU_002
2024-03-03,3788.71,44,Electronics,STORE_003,ELEC_002
2024-03-03,1639.35,30,Clothing,STORE_003,CLTH_003
2024-03-03,1832.89,30,Home Goods,STORE_003,HOME_001
2024-03-03,501.04,18,Grocery,STORE_003,GROC_001
2024-03-03,1163.95,27,Beauty,STORE_003,BEAU_003
2024-03-04,3162.06,33,Electronics,STORE_001,ELEC_004
2024-03-04,825.97,16,Clothing,STORE_001,CLTH_001
2024-03-04,1857.48,27,Home Goods,STORE_001,HOME_003
2024-03-04,482.17,17,Grocery,STORE_001,GROC_003
2024-03-04,782.08,17,Beauty,STORE_001,BEAU_001
2024-03-04,2564.92,22,Electronics,STORE_002,ELEC_001
2024-03-04,746.72,15,Clothing,STORE_002,CLTH_004
2024-03-04,1506.57,21,Home Goods,STORE_002,HOME_002
2024-03-04,262.28,11,Grocery,STORE_002,GROC_002
2024-03-04,805.18,21,Beauty,STORE_002,BEAU_001
2024-03-04,3392.86,34,Electronics,STORE_003,ELEC_001
2024-03-04,1479.77,26,Clothing,STORE_003,CLTH_001
2024-03-04,2090.71,27,Home Goods,STORE_003,HOME_002
2024-03-04,508.99,18,Grocery,STORE_003,GROC_002
2024-03-04,746.52,20,Beauty,STORE_003,BEAU_002
2024-03-05,2924.17,32,Electronics,STORE_001,ELEC_003
2024-03-05,1384.97,27,Clothing,STORE_001,CLTH_004
2024-03-05,1618.21,27,Home Goods,STORE_001,HOME_003
2024-03-05,604.49,19,Grocery,STORE_001,GROC_001
2024-03-05,752.01,20,Beauty,STORE_001,BEAU_003
2024-03-05,1829.71,23,Electronics,STORE_002,ELEC_001
2024-03-05,834.90,19,Clothing,STORE_002,CLTH_001
2024-03-05,994.50,17,Home Goods,STORE_002,HOME_001
2024-03-05,277.16,12,Grocery,STORE_002,GROC_004
2024-03-05,990.08,21,Beauty,STORE_002,BEAU_003
2024-03-05,2946.81,31,Electronics,STORE_003,ELEC_001
2024-03-05,833.70,18,Clothing,STORE_003,CLTH_002
2024-03-05,2228.71,32,Home Goods,STORE_003,HOME_002
2024-03-05,307.73,11,Grocery,STORE_003,GROC_004
2024-03-05,1024.61,23,Beauty,STORE_003,BEAU_004
2024-03-06,3303.69,35,Electronics,STORE_001,ELEC_003
2024-03-06,1511.84,26,Clothing,STORE_001,CLTH_001
2024-03-06,1957.90,30,Home Goods,STORE_001,HOME_003
2024-03-06,348.91,14,Grocery,STORE_001,GROC_002
2024-03-06,531.66,14,Beauty,STORE_001,BEAU_001
2024-03-06,2065.59,20,Electronics,STORE_002,ELEC_002
2024-03-06,629.94,13,Clothing,STORE_002,CLTH_004
2024-03-06,1085.66,17,Home Goods,STORE_002,HOME_002
2024-03-06,396.07,13,Grocery,STORE_002,GROC_002
2024-03-06,492.06,13,Beauty,STORE_002,BEAU_001
2024-03-06,3197.46,36,Electronics,STORE_003,ELEC_004
2024-03-06,1162.76,25,Clothing,STORE_003,CLTH_004
2024-03-06,1814.64,27,Home Goods,STORE_003,HOME_001
2024-03-06,641.84,20,Grocery,STORE_003,GROC_002
2024-03-06,867.65,21,Beauty,STORE_003,BEAU_001
2024-03-07,2863.59,32,Electronics,STORE_001,ELEC_003
2024-03-07,1059.16,18,Clothing,STORE_001,CLTH_004
2024-03-07,1565.11,26,Home Goods,STORE_001,HOME_002
2024-03-07,714.33,22,Grocery,STORE_001,GROC_003
2024-03-07,712.36,18,Beauty,STORE_001,BEAU_004
2024-03-07,2955.85,25,Electronics,STORE_002,ELEC_001
2024-03-07,894.95,19,Clothing,STORE_002,CLTH_004
2024-03-07,1802.84,27,Home Goods,STORE_002,HOME_001
2024-03-07,574.06,18,Grocery,STORE_002,GROC_001
2024-03-07,507.38,12,Beauty,STORE_002,BEAU_001
2024-03-07,3293.37,31,Electronics,STORE_003,ELEC_004
2024-03-07,1269.22,25,Clothing,STORE_003,CLTH_002
2024-03-07,2022.76,24,Home Goods,STORE_003,HOME_004
2024-03-07,430.50,16,Grocery,STORE_003,GROC_001
2024-03-07,899.22,24,Beauty,STORE_003,BEAU_002
2024-03-08,2985.28,26,Electronics,STORE_001,ELEC_003
2024-03-08,1010.06,19,Clothing,STORE_001,CLTH_001
2024-03-08,1589.07,24,Home Goods,STORE_001,HOME_003
2024-03-08,415.55,15,Grocery,STORE_001,GROC_004
2024-03-08,453.12,16,Beauty,STORE_001,BEAU_003
2024-03-08,2204.30,24,Electronics,STORE_002,ELEC_004
2024-03-08,514.64,12,Clothing,STORE_002,CLTH_003
2024-03-08,786.33,13,Home Goods,STORE_002,HOME_003
2024-03-08,379.31,15,Grocery,STORE_002,GROC_001
2024-03-08,861.67,19,Beauty,STORE_002,BEAU_002
2024-03-08,3586.83,28,Electronics,STORE_003,ELEC_001
2024-03-08,1006.29,27,Clothing,STORE_003,CLTH_001
2024-03-08,2090.12,29,Home Goods,STORE_003,HOME_001
2024-03-08,410.19,15,Grocery,STORE_003,GROC_001
2024-03-08,761.80,21,Beauty,STORE_003,BEAU_003
2024-03-09,3040.28,32,Electronics,STORE_001,ELEC_002
2024-03-09,1728.07,30,Clothing,STORE_001,CLTH_003
2024-03-09,1372.42,24,Home Goods,STORE_001,HOME_002
2024-03-09,726.37,24,Grocery,STORE_001,GROC_002
2024-03-09,812.75,20,Beauty,STORE_001,BEAU_004
2024-03-09,2645.47,26,Electronics,STORE_002,ELEC_001
2024-03-09,841.37,15,Clothing,STORE_002,CLTH_003
2024-03-09,2315.12,33,Home Goods,STORE_002,HOME_004
2024-03-09,494.20,18,Grocery,STORE_002,GROC_003
2024-03-09,766.51,17,Beauty,STORE_002,BEAU_003
2024-03-09,3612.25,46,Electronics,STORE_003,ELEC_003
2024-03-09,1044.91,26,Clothing,STORE_003,CLTH_004
2024-03-09,2178.79,37,Home Goods,STORE_003,HOME_003
2024-03-09,656.01,25,Grocery,STORE_003,GROC_001
2024-03-09,590.76,18,Beauty,STORE_003,BEAU_004
2024-03-10,3064.63,32,Electronics,STORE_001,ELEC_003
2024-03-10,1032.32,23,Clothing,STORE_001,CLTH_001
2024-03-10,2715.96,32,Home Goods,STORE_001,HOME_003
2024-03-10,530.14,19,Grocery,STORE_001,GROC_004
2024-03-10,829.03,21,Beauty,STORE_001,BEAU_002
2024-03-10,2888.10,30,Electronics,STORE_002,ELEC_002
2024-03-10,1178.43,23,Clothing,STORE_002,CLTH_003
2024-03-10,1078.30,20,Home Goods,STORE_002,HOME_001
2024-03-10,326.46,12,Grocery,STORE_002,GROC_001
2024-03-10,333.06,7,Beauty,STORE_002,BEAU_003
2024-03-10,4205.19,36,Electronics,STORE_003,ELEC_004
2024-03-10,1289.65,23,Clothing,STORE_003,CLTH_003
2024-03-10,2269.83,37,Home Goods,STORE_003,HOME_004
2024-03-10,624.55,19,Grocery,STORE_003,GROC_003
2024-03-10,1508.84,36,Beauty,STORE_003,BEAU_004
2024-03-11,2538.59,28,Electronics,STORE_001,ELEC_002
2024-03-11,1173.78,26,Clothing,STORE_001,CLTH_002
2024-03-11,1841.58,27,Home Goods,STORE_001,HOME_004
2024-03-11,528.60,21,Grocery,STORE_001,GROC_004
2024-03-11,844.56,18,Beauty,STORE_001,BEAU_004
2024-03-11,2557.02,28,Electronics,STORE_002,ELEC_002
2024-03-11,434.48,9,Clothing,STORE_002,CLTH_002
2024-03-11,1732.25,26,Home Goods,STORE_002,HOME_002
2024-03-11,29.41,1,Grocery,STORE_002,GROC_004
2024-03-11,435.21,11,Beauty,STORE_002,BEAU_003
2024-03-11,3604.74,30,Electronics,STORE_003,ELEC_001
2024-03-11,1298.89,27,Clothing,STORE_003,CLTH_004
2024-03-11,1748.69,28,Home Goods,STORE_003,HOME_003
2024-03-11,494.58,17,Grocery,STORE_003,GROC_003
2024-03-11,526.04,17,Beauty,STORE_003,BEAU_002
2024-03-12,2701.18,27,Electronics,STORE_001,ELEC_003
2024-03-12,1026.51,21,Clothing,STORE_001,CLTH_004
2024-03-12,1641.19,26,Home Goods,STORE_001,HOME_004
2024-03-12,237.34,11,Grocery,STORE_001,GROC_002
2024-03-12,870.75,21,Beauty,STORE_001,BEAU_004
2024-03-12,2130.02,22,Electronics,STORE_002,ELEC_002
2024-03-12,575.57,11,Clothing,STORE_002,CLTH_004
2024-03-12,1101.61,19,Home Goods,STORE_002,HOME_003
2024-03-12,422.88,14,Grocery,STORE_002,GROC_001
2024-03-12,873.00,21,Beauty,STORE_002,BEAU_003
2024-03-12,4537.90,36,Electronics,STORE_003,ELEC_001
2024-03-12,993.78,23,Clothing,STORE_003,CLTH_004
2024-03-12,2501.97,32,Home Goods,STORE_003,HOME_001
2024-03-12,352.37,15,Grocery,STORE_003,GROC_001
2024-03-12,1018.39,25,Beauty,STORE_003,BEAU_003
2024-03-13,3689.10,35,Electronics,STORE_001,ELEC_002
2024-03-13,763.60,18,Clothing,STORE_001,CLTH_004
2024-03-13,1601.35,22,Home Goods,STORE_001,HOME_003
2024-03-13,353.71,15,Grocery,STORE_001,GROC_004
2024-03-13,520.11,13,Beauty,STORE_001,BEAU_004
2024-03-13,2520.63,27,Electronics,STORE_002,ELEC_002
2024-03-13,822.60,15,Clothing,STORE_002,CLTH_003
2024-03-13,1375.90,20,Home Goods,STORE_002,HOME_002
2024-03-13,306.49,12,Grocery,STORE_002,GROC_001
2024-03-13,464.59,12,Beauty,STORE_002,BEAU_004
2024-03-13,3308.15,32,Electronics,STORE_003,ELEC_001
2024-03-13,1216.47,21,Clothing,STORE_003,CLTH_002
2024-03-13,2039.70,29,Home Goods,STORE_003,HOME_004
2024-03-13,672.63,22,Grocery,STORE_003,GROC_003
2024-03-13,743.48,16,Beauty,STORE_003,BEAU_003
2024-03-14,2884.51,32,Electronics,STORE_001,ELEC_004
2024-03-14,1138.73,21,Clothing,STORE_001,CLTH_004
2024-03-14,1774.13,25,Home Goods,STORE_001,HOME_002
2024-03-14,367.75,15,Grocery,STORE_001,GROC_002
2024-03-14,967.28,21,Beauty,STORE_001,BEAU_004
2024-03-14,2815.45,28,Electronics,STORE_002,ELEC_004
2024-03-14,751.58,13,Clothing,STORE_002,CLTH_002
2024-03-14,1185.46,17,Home Goods,STORE_002,HOME_001
2024-03-14,329.08,12,Grocery,STORE_002,GROC_004
2024-03-14,336.75,7,Beauty,STORE_002,BEAU_002
2024-03-14,4161.54,47,Electronics,STORE_003,ELEC_002
2024-03-14,873.09,18,Clothing,STORE_003,CLTH_002
2024-03-14,1873.42,31,Home Goods,STORE_003,HOME_001
2024-03-14,654.80,20,Grocery,STORE_003,GROC_001
2024-03-14,1315.55,30,Beauty,STORE_003,BEAU_002
2024-03-15,2870.92,28,Electronics,STORE_001,ELEC_004
2024-03-15,1102.13,22,Clothing,STORE_001,CLTH_002
2024-03-15,1497.71,23,Home Goods,STORE_001,HOME_004
2024-03-15,453.37,14,Grocery,STORE_001,GROC_004
2024-03-15,1003.43,24,Beauty,STORE_001,BEAU_001
2024-03-15,1573.20,17,Electronics,STORE_002,ELEC_002
2024-03-15,843.57,18,Clothing,STORE_002,CLTH_003
2024-03-15,1571.07,25,Home Goods,STORE_002,HOME_003
2024-03-15,244.72,9,Grocery,STORE_002,GROC_001
2024-03-15,766.83,21,Beauty,STORE_002,BEAU_002
2024-03-15,9583.16,95,Electronics,STORE_003,ELEC_003
2024-03-15,831.04,16,Clothing,STORE_003,CLTH_002
2024-03-15,1597.58,30,Home Goods,STORE_003,HOME_003
2024-03-15,504.57,22,Grocery,STORE_003,GROC_004
2024-03-15,888.30,23,Beauty,STORE_003,BEAU_003
2024-03-16,3338.62,29,Electronics,STORE_001,ELEC_004
2024-03-16,956.24,21,Clothing,STORE_001,CLTH_002
2024-03-16,2265.91,27,Home Goods,STORE_001,HOME_001
2024-03-16,570.05,22,Grocery,STORE_001,GROC_002
2024-03-16,838.39,23,Beauty,STORE_001,BEAU_004
2024-03-16,3114.40,31,Electronics,STORE_002,ELEC_003
2024-03-16,707.19,19,Clothing,STORE_002,CLTH_002
2024-03-16,1075.36,17,Home Goods,STORE_002,HOME_001
2024-03-16,543.91,21,Grocery,STORE_002,GROC_004
2024-03-16,815.04,20,Beauty,STORE_002,BEAU_001
2024-03-16,4371.90,41,Electronics,STORE_003,ELEC_003
2024-03-16,1507.34,31,Clothing,STORE_003,CLTH_001
2024-03-16,1788.18,35,Home Goods,STORE_003,HOME_002
2024-03-16,496.39,23,Grocery,STORE_003,GROC_004
2024-03-16,1008.81,24,Beauty,STORE_003,BEAU_004
2024-03-17,2729.79,30,Electronics,STORE_001,ELEC_002
2024-03-17,1054.62,20,Clothing,STORE_001,CLTH_004
2024-03-17,1701.02,30,Home Goods,STORE_001,HOME_003
2024-03-17,337.09,14,Grocery,STORE_001,GROC_003
2024-03-17,852.40,19,Beauty,STORE_001,BEAU_002
2024-03-17,2254.95,24,Electronics,STORE_002,ELEC_004
2024-03-17,905.29,25,Clothing,STORE_002,CLTH_001
2024-03-17,1848.39,22,Home Goods,STORE_002,HOME_003
2024-03-17,494.57,17,Grocery,STORE_002,GROC_002
2024-03-17,563.81,13,Beauty,STORE_002,BEAU_003
2024-03-17,4844.99,45,Electronics,STORE_003,ELEC_002
2024-03-17,1765.77,31,Clothing,STORE_003,CLTH_002
2024-03-17,1886.28,29,Home Goods,STORE_003,HOME_001
2024-03-17,675.15,25,Grocery,STORE_003,GROC_003
2024-03-17,956.87,24,Beauty,STORE_003,BEAU_001
2024-03-18,2024.94,24,Electronics,STORE_001,ELEC_001
2024-03-18,756.29,16,Clothing,STORE_001,CLTH_003
2024-03-18,1596.61,28,Home Goods,STORE_001,HOME_002
2024-03-18,364.06,13,Grocery,STORE_001,GROC_001
2024-03-18,794.12,20,Beauty,STORE_001,BEAU_003
2024-03-18,3567.75,27,Electronics,STORE_002,ELEC_002
2024-03-18,845.01,16,Clothing,STORE_002,CLTH_001
2024-03-18,1369.52,22,Home Goods,STORE_002,HOME_004
2024-03-18,451.04,15,Grocery,STORE_002,GROC_004
2024-03-18,687.77,16,Beauty,STORE_002,BEAU_004
2024-03-18,3679.11,38,Electronics,STORE_003,ELEC_004
2024-03-18,1112.80,24,Clothing,STORE_003,CLTH_002
2024-03-18,2349.95,31,Home Goods,STORE_003,HOME_001
2024-03-18,525.24,18,Grocery,STORE_003,GROC_003
2024-03-18,1019.75,22,Beauty,STORE_003,BEAU_003
2024-03-19,2551.48,26,Electronics,STORE_001,ELEC_004
2024-03-19,1106.31,19,Clothing,STORE_001,CLTH_003
2024-03-19,2022.09,25,Home Goods,STORE_001,HOME_001
2024-03-19,445.24,14,Grocery,STORE_001,GROC_003
2024-03-19,725.42,17,Beauty,STORE_001,BEAU_001
2024-03-19,3347.01,30,Electronics,STORE_002,ELEC_002
2024-03-19,585.62,11,Clothing,STORE_002,CLTH_003
2024-03-19,1264.45,19,Home Goods,STORE_002,HOME_001
2024-03-19,418.69,14,Grocery,STORE_002,GROC_001
2024-03-19,1017.79,21,Beauty,STORE_002,BEAU_003
2024-03-19,3778.53,40,Electronics,STORE_003,ELEC_001
2024-03-19,832.59,17,Clothing,STORE_003,CLTH_003
2024-03-19,2194.09,29,Home Goods,STORE_003,HOME_004
2024-03-19,480.35,19,Grocery,STORE_003,GROC_003
2024-03-19,903.32,24,Beauty,STORE_003,BEAU_001
2024-03-20,3903.44,32,Electronics,STORE_001,ELEC_001
2024-03-20,983.32,18,Clothing,STORE_001,CLTH_003
2024-03-20,1847.99,27,Home Goods,STORE_001,HOME_003
2024-03-20,535.81,19,Grocery,STORE_001,GROC_003
2024-03-20,603.88,13,Beauty,STORE_001,BEAU_001
2024-03-20,3220.00,29,Electronics,STORE_002,ELEC_002
2024-03-20,638.32,15,Clothing,STORE_002,CLTH_004
2024-03-20,1003.31,15,Home Goods,STORE_002,HOME_002
2024-03-20,409.20,15,Grocery,STORE_002,GROC_003
2024-03-20,400.99,10,Beauty,STORE_002,BEAU_002
2024-03-20,3323.91,37,Electronics,STORE_003,ELEC_002
2024-03-20,957.93,21,Clothing,STORE_003,CLTH_002
2024-03-20,2379.48,29,Home Goods,STORE_003,HOME_001
2024-03-20,488.97,19,Grocery,STORE_003,GROC_002
2024-03-20,905.57,20,Beauty,STORE_003,BEAU_004
2024-03-21,3252.24,31,Electronics,STORE_001,ELEC_003
2024-03-21,878.28,21,Clothing,STORE_001,CLTH_003
2024-03-21,1860.60,24,Home Goods,STORE_001,HOME_002
2024-03-21,499.49,20,Grocery,STORE_001,GROC_002
2024-03-21,860.63,20,Beauty,STORE_001,BEAU_003
2024-03-21,2778.31,24,Electronics,STORE_002,ELEC_002
2024-03-21,1142.48,25,Clothing,STORE_002,CLTH_001
2024-03-21,1648.37,25,Home Goods,STORE_002,HOME_002
2024-03-21,426.59,17,Grocery,STORE_002,GROC_004
2024-03-21,743.26,19,Beauty,STORE_002,BEAU_002
2024-03-21,3415.67,34,Electronics,STORE_003,ELEC_004
2024-03-21,975.66,22,Clothing,STORE_003,CLTH_001
2024-03-21,1514.88,30,Home Goods,STORE_003,HOME_001
2024-03-21,419.39,17,Grocery,STORE_003,GROC_001
2024-03-21,1204.06,24,Beauty,STORE_003,BEAU_001
2024-03-22,2331.10,25,Electronics,STORE_001,ELEC_003
2024-03-22,622.55,17,Clothing,STORE_001,CLTH_001
2024-03-22,1620.80,25,Home Goods,STORE_001,HOME_001
2024-03-22,446.30,14,Grocery,STORE_001,GROC_002
2024-03-22,844.26,20,Beauty,STORE_001,BEAU_002
2024-03-22,1813.30,21,Electronics,STORE_002,ELEC_003
2024-03-22,638.27,11,Clothing,STORE_002,CLTH_001
2024-03-22,1749.12,25,Home Goods,STORE_002,HOME_003
2024-03-22,83.81,3,Grocery,STORE_002,GROC_002
2024-03-22,777.62,20,Beauty,STORE_002,BEAU_002
2024-03-22,3856.72,33,Electronics,STORE_003,ELEC_002
2024-03-22,1290.11,22,Clothing,STORE_003,CLTH_004
2024-03-22,1944.78,27,Home Goods,STORE_003,HOME_002
2024-03-22,832.02,27,Grocery,STORE_003,GROC_002
2024-03-22,958.97,23,Beauty,STORE_003,BEAU_004
2024-03-23,3542.09,35,Electronics,STORE_001,ELEC_004
2024-03-23,1214.14,25,Clothing,STORE_001,CLTH_001
2024-03-23,1534.14,24,Home Goods,STORE_001,HOME_003
2024-03-23,585.74,19,Grocery,STORE_001,GROC_002
2024-03-23,1028.14,26,Beauty,STORE_001,BEAU_002
2024-03-23,2753.86,25,Electronics,STORE_002,ELEC_001
2024-03-23,1018.64,21,Clothing,STORE_002,CLTH_002
2024-03-23,1343.31,18,Home Goods,STORE_002,HOME_002
2024-03-23,486.89,18,Grocery,STORE_002,GROC_003
2024-03-23,861.53,22,Beauty,STORE_002,BEAU_004
2024-03-23,4057.01,40,Electronics,STORE_003,ELEC_001
2024-03-23,1101.73,26,Clothing,STORE_003,CLTH_004
2024-03-23,2338.75,38,Home Goods,STORE_003,HOME_001
2024-03-23,369.67,15,Grocery,STORE_003,GROC_004
2024-03-23,850.78,19,Beauty,STORE_003,BEAU_003
2024-03-24,4165.86,40,Electronics,STORE_001,ELEC_003
2024-03-24,875.83,19,Clothing,STORE_001,CLTH_004
2024-03-24,1408.16,28,Home Goods,STORE_001,HOME_002
2024-03-24,712.10,23,Grocery,STORE_001,GROC_001
2024-03-24,528.27,16,Beauty,STORE_001,BEAU_002
2024-03-24,3316.76,32,Electronics,STORE_002,ELEC_004
2024-03-24,771.35,17,Clothing,STORE_002,CLTH_002
2024-03-24,1548.31,21,Home Goods,STORE_002,HOME_001
2024-03-24,492.83,17,Grocery,STORE_002,GROC_003
2024-03-24,878.51,20,Beauty,STORE_002,BEAU_001
2024-03-24,3428.40,33,Electronics,STORE_003,ELEC_004
2024-03-24,1235.64,23,Clothing,STORE_003,CLTH_002
2024-03-24,1808.30,30,Home Goods,STORE_003,HOME_003
2024-03-24,655.18,25,Grocery,STORE_003,GROC_001
2024-03-24,1118.73,23,Beauty,STORE_003,BEAU_001
2024-03-25,3270.70,31,Electronics,STORE_001,ELEC_003
2024-03-25,665.14,17,Clothing,STORE_001,CLTH_004
2024-03-25,1716.06,24,Home Goods,STORE_001,HOME_004
2024-03-25,337.88,13,Grocery,STORE_001,GROC_003
2024-03-25,549.51,16,Beauty,STORE_001,BEAU_001
2024-03-25,2539.61,27,Electronics,STORE_002,ELEC_002
2024-03-25,823.35,18,Clothing,STORE_002,CLTH_003
2024-03-25,1015.87,17,Home Goods,STORE_002,HOME_001
2024-03-25,553.25,17,Grocery,STORE_002,GROC_002
2024-03-25,576.15,11,Beauty,STORE_002,BEAU_003
2024-03-25,3128.40,35,Electronics,STORE_003,ELEC_002
2024-03-25,1701.65,29,Clothing,STORE_003,CLTH_001
2024-03-25,2073.09,24,Home Goods,STORE_003,HOME_001
2024-03-25,780.23,24,Grocery,STORE_003,GROC_003
2024-03-25,917.61,21,Beauty,STORE_003,BEAU_002
2024-03-26,3012.25,33,Electronics,STORE_001,ELEC_004
2024-03-26,930.54,20,Clothing,STORE_001,CLTH_002
2024-03-26,1195.77,20,Home Goods,STORE_001,HOME_002
2024-03-26,640.69,21,Grocery,STORE_001,GROC_003
2024-03-26,1006.47,22,Beauty,STORE_001,BEAU_001
2024-03-26,2561.65,25,Electronics,STORE_002,ELEC_004
2024-03-26,875.09,16,Clothing,STORE_002,CLTH_004
2024-03-26,888.25,17,Home Goods,STORE_002,HOME_002
2024-03-26,229.27,9,Grocery,STORE_002,GROC_004
2024-03-26,412.45,14,Beauty,STORE_002,BEAU_002
2024-03-26,3043.86,32,Electronics,STORE_003,ELEC_004
2024-03-26,1267.06,27,Clothing,STORE_003,CLTH_004
2024-03-26,1664.67,23,Home Goods,STORE_003,HOME_004
2024-03-26,597.93,23,Grocery,STORE_003,GROC_003
2024-03-26,708.53,17,Beauty,STORE_003,BEAU_003
2024-03-27,3617.59,33,Electronics,STORE_001,ELEC_004
2024-03-27,836.31,18,Clothing,STORE_001,CLTH_003
2024-03-27,1417.05,18,Home Goods,STORE_001,HOME_001
2024-03-27,523.13,20,Grocery,STORE_001,GROC_001
2024-03-27,655.93,16,Beauty,STORE_001,BEAU_004
2024-03-27,2572.84,26,Electronics,STORE_002,ELEC_004
2024-03-27,832.35,18,Clothing,STORE_002,CLTH_004
2024-03-27,1112.09,14,Home Goods,STORE_002,HOME_002
2024-03-27,534.14,18,Grocery,STORE_002,GROC_004
2024-03-27,922.65,17,Beauty,STORE_002,BEAU_004
2024-03-27,2443.96,30,Electronics,STORE_003,ELEC_001
2024-03-27,873.99,20,Clothing,STORE_003,CLTH_003
2024-03-27,1755.13,28,Home Goods,STORE_003,HOME_001
2024-03-27,399.91,16,Grocery,STORE_003,GROC_001
2024-03-27,714.05,18,Beauty,STORE_003,BEAU_004
2024-03-28,3035.11,28,Electronics,STORE_001,ELEC_003
2024-03-28,1252.49,29,Clothing,STORE_001,CLTH_003
2024-03-28,873.80,15,Home Goods,STORE_001,HOME_001
2024-03-28,598.31,21,Grocery,STORE_001,GROC_004
2024-03-28,1026.18,22,Beauty,STORE_001,BEAU_001
2024-03-28,2928.86,26,Electronics,STORE_002,ELEC_003
2024-03-28,695.66,17,Clothing,STORE_002,CLTH_004
2024-03-28,1108.90,16,Home Goods,STORE_002,HOME_004
2024-03-28,228.41,10,Grocery,STORE_002,GROC_002
2024-03-28,773.00,17,Beauty,STORE_002,BEAU_003
2024-03-28,3817.98,34,Electronics,STORE_003,ELEC_002
2024-03-28,800.04,23,Clothing,STORE_003,CLTH_002
2024-03-28,2730.66,33,Home Goods,STORE_003,HOME_001
2024-03-28,716.74,25,Grocery,STORE_003,GROC_004
2024-03-28,755.54,20,Beauty,STORE_003,BEAU_004
2024-03-29,2774.74,27,Electronics,STORE_001,ELEC_004
2024-03-29,1019.55,21,Clothing,STORE_001,CLTH_004
2024-03-29,1161.68,19,Home Goods,STORE_001,HOME_003
2024-03-29,671.07,25,Grocery,STORE_001,GROC_004
2024-03-29,829.28,20,Beauty,STORE_001,BEAU_004
2024-03-29,1850.93,19,Electronics,STORE_002,ELEC_003
2024-03-29,876.43,17,Clothing,STORE_002,CLTH_001
2024-03-29,735.46,14,Home Goods,STORE_002,HOME_003
2024-03-29,225.52,9,Grocery,STORE_002,GROC_001
2024-03-29,733.36,17,Beauty,STORE_002,BEAU_004
2024-03-29,3874.93,34,Electronics,STORE_003,ELEC_003
2024-03-29,1161.69,21,Clothing,STORE_003,CLTH_003
2024-03-29,1436.12,23,Home Goods,STORE_003,HOME_002
2024-03-29,751.19,26,Grocery,STORE_003,GROC_001
2024-03-29,1004.69,24,Beauty,STORE_003,BEAU_001
2024-03-30,3853.74,37,Electronics,STORE_001,ELEC_003
2024-03-30,1320.08,30,Clothing,STORE_001,CLTH_002
2024-03-30,1899.05,25,Home Goods,STORE_001,HOME_002
2024-03-30,828.06,22,Grocery,STORE_001,GROC_004
2024-03-30,850.39,25,Beauty,STORE_001,BEAU_002
2024-03-30,2342.71,28,Electronics,STORE_002,ELEC_004
2024-03-30,1377.01,24,Clothing,STORE_002,CLTH_002
2024-03-30,1830.08,26,Home Goods,STORE_002,HOME_003
2024-03-30,416.25,15,Grocery,STORE_002,GROC_004
2024-03-30,614.84,14,Beauty,STORE_002,BEAU_002
2024-03-30,4911.13,41,Electronics,STORE_003,ELEC_004
2024-03-30,1080.33,26,Clothing,STORE_003,CLTH_004
2024-03-30,2192.19,31,Home Goods,STORE_003,HOME_001
2024-03-30,491.73,19,Grocery,STORE_003,GROC_004
2024-03-30,1399.09,30,Beauty,STORE_003,BEAU_001
2024-03-31,3092.09,36,Electronics,STORE_001,ELEC_004
2024-03-31,813.91,19,Clothing,STORE_001,CLTH_002
2024-03-31,1988.22,28,Home Goods,STORE_001,HOME_002
2024-03-31,594.33,20,Grocery,STORE_001,GROC_004
2024-03-31,887.26,19,Beauty,STORE_001,BEAU_004
2024-03-31,3310.51,29,Electronics,STORE_002,ELEC_001
2024-03-31,1179.14,25,Clothing,STORE_002,CLTH_002
2024-03-31,1417.48,21,Home Goods,STORE_002,HOME_002
2024-03-31,547.21,21,Grocery,STORE_002,GROC_002
2024-03-31,741.10,23,Beauty,STORE_002,BEAU_001
2024-03-31,3436.17,42,Electronics,STORE_003,ELEC_003
2024-03-31,1185.56,23,Clothing,STORE_003,CLTH_003
2024-03-31,2628.07,31,Home Goods,STORE_003,HOME_001
2024-03-31,793.23,27,Grocery,STORE_003,GROC_003
2024-03-31,978.86,25,Beauty,STORE_003,BEAU_002
2024-04-01,3299.50,29,Electronics,STORE_001,ELEC_004
2024-04-01,1041.04,20,Clothing,STORE_001,CLTH_004
2024-04-01,1751.41,26,Home Goods,STORE_001,HOME_003
2024-04-01,683.19,20,Grocery,STORE_001,GROC_004
2024-04-01,746.87,16,Beauty,STORE_001,BEAU_003
2024-04-01,2078.06,20,Electronics,STORE_002,ELEC_004
2024-04-01,710.92,15,Clothing,STORE_002,CLTH_004
2024-04-01,1477.53,19,Home Goods,STORE_002,HOME_001
2024-04-01,355.58,11,Grocery,STORE_002,GROC_004
2024-04-01,788.84,14,Beauty,STORE_002,BEAU_003
2024-04-01,3904.53,39,Electronics,STORE_003,ELEC_001
2024-04-01,1460.17,28,Clothing,STORE_003,CLTH_003
2024-04-01,1120.23,22,Home Goods,STORE_003,HOME_002
2024-04-01,632.37,19,Grocery,STORE_003,GROC_002
2024-04-01,1278.04,26,Beauty,STORE_003,BEAU_004
2024-04-02,3160.48,31,Electronics,STORE_001,ELEC_002
2024-04-02,721.13,15,Clothing,STORE_001,CLTH_004
2024-04-02,957.70,13,Home Goods,STORE_001,HOME_003
2024-04-02,204.19,7,Grocery,STORE_001,GROC_001
2024-04-02,701.34,17,Beauty,STORE_001,BEAU_001
2024-04-02,1877.91,20,Electronics,STORE_002,ELEC_002
2024-04-02,899.90,19,Clothing,STORE_002,CLTH_001
2024-04-02,1224.74,16,Home Goods,STORE_002,HOME_001
2024-04-02,384.07,14,Grocery,STORE_002,GROC_001
2024-04-02,743.05,22,Beauty,STORE_002,BEAU_004
2024-04-02,2895.46,35,Electronics,STORE_003,ELEC_001
2024-04-02,1270.95,24,Clothing,STORE_003,CLTH_002
2024-04-02,1671.57,32,Home Goods,STORE_003,HOME_003
2024-04-02,518.32,17,Grocery,STORE_003,GROC_002
2024-04-02,852.16,23,Beauty,STORE_003,BEAU_002
2024-04-03,2957.96,31,Electronics,STORE_001,ELEC_002
2024-04-03,784.41,16,Clothing,STORE_001,CLTH_003
2024-04-03,1438.75,23,Home Goods,STORE_001,HOME_001
2024-04-03,469.26,17,Grocery,STORE_001,GROC_004
2024-04-03,845.10,19,Beauty,STORE_001,BEAU_002
2024-04-03,1965.79,18,Electronics,STORE_002,ELEC_003
2024-04-03,593.46,11,Clothing,STORE_002,CLTH_002
2024-04-03,811.30,11,Home Goods,STORE_002,HOME_004
2024-04-03,320.28,13,Grocery,STORE_002,GROC_002
2024-04-03,417.57,11,Beauty,STORE_002,BEAU_001
2024-04-03,4628.41,35,Electronics,STORE_003,ELEC_002
2024-04-03,868.72,18,Clothing,STORE_003,CLTH_001
2024-04-03,1714.19,28,Home Goods,STORE_003,HOME_004
2024-04-03,686.85,22,Grocery,STORE_003,GROC_003
2024-04-03,1171.70,29,Beauty,STORE_003,BEAU_004
2024-04-04,3437.85,33,Electronics,STORE_001,ELEC_001
2024-04-04,1326.46,23,Clothing,STORE_001,CLTH_004
2024-04-04,1614.63,24,Home Goods,STORE_001,HOME_002
2024-04-04,421.43,17,Grocery,STORE_001,GROC_002
2024-04-04,613.81,13,Beauty,STORE_001,BEAU_003
2024-04-04,2234.58,22,Electronics,STORE_002,ELEC_001
2024-04-04,900.95,19,Clothing,STORE_002,CLTH_004
2024-04-04,1821.76,24,Home Goods,STORE_002,HOME_004
2024-04-04,472.88,18,Grocery,STORE_002,GROC_002
2024-04-04,515.69,17,Beauty,STORE_002,BEAU_002
2024-04-04,3257.88,34,Electronics,STORE_003,ELEC_002
2024-04-04,1112.17,23,Clothing,STORE_003,CLTH_001
2024-04-04,1780.79,28,Home Goods,STORE_003,HOME_002
2024-04-04,538.91,22,Grocery,STORE_003,GROC_002
2024-04-04,979.35,29,Beauty,STORE_003,BEAU_002
2024-04-05,2932.09,30,Electronics,STORE_001,ELEC_004
2024-04-05,884.09,20,Clothing,STORE_001,CLTH_004
2024-04-05,1999.11,28,Home Goods,STORE_001,HOME_002
2024-04-05,439.00,18,Grocery,STORE_001,GROC_004
2024-04-05,815.55,20,Beauty,STORE_001,BEAU_001
2024-04-05,2113.36,21,Electronics,STORE_002,ELEC_001
2024-04-05,812.55,16,Clothing,STORE_002,CLTH_004
2024-04-05,1979.25,20,Home Goods,STORE_002,HOME_003
2024-04-05,320.44,14,Grocery,STORE_002,GROC_002
2024-04-05,903.83,20,Beauty,STORE_002,BEAU_001
2024-04-05,3681.37,39,Electronics,STORE_003,ELEC_002
2024-04-05,1117.23,24,Clothing,STORE_003,CLTH_004
2024-04-05,1574.33,25,Home Goods,STORE_003,HOME_003
2024-04-05,433.50,18,Grocery,STORE_003,GROC_003
2024-04-05,801.48,21,Beauty,STORE_003,BEAU_001
2024-04-06,2516.73,26,Electronics,STORE_001,ELEC_001
2024-04-06,1240.49,25,Clothing,STORE_001,CLTH_004
2024-04-06,1729.32,24,Home Goods,STORE_001,HOME_003
2024-04-06,468.24,15,Grocery,STORE_001,GROC_002
2024-04-06,684.32,18,Beauty,STORE_001,BEAU_001
2024-04-06,1735.88,20,Electronics,STORE_002,ELEC_002
2024-04-06,909.64,18,Clothing,STORE_002,CLTH_003
2024-04-06,1363.21,20,Home Goods,STORE_002,HOME_001
2024-04-06,341.39,11,Grocery,STORE_002,GROC_001
2024-04-06,376.55,11,Beauty,STORE_002,BEAU_004
2024-04-06,5427.11,44,Electronics,STORE_003,ELEC_001
2024-04-06,1744.14,31,Clothing,STORE_003,CLTH_002
2024-04-06,2465.93,34,Home Goods,STORE_003,HOME_001
2024-04-06,618.73,25,Grocery,STORE_003,GROC_002
2024-04-06,1022.23,21,Beauty,STORE_003,BEAU_003
2024-04-07,3064.20,33,Electronics,STORE_001,ELEC_004
2024-04-07,1264.62,24,Clothing,STORE_001,CLTH_003
2024-04-07,1397.18,21,Home Goods,STORE_001,HOME_003
2024-04-07,360.22,14,Grocery,STORE_001,GROC_003
2024-04-07,913.04,21,Beauty,STORE_001,BEAU_004
2024-04-07,2497.70,30,Electronics,STORE_002,ELEC_003
2024-04-07,1136.10,21,Clothing,STORE_002,CLTH_001
2024-04-07,1319.78,21,Home Goods,STORE_002,HOME_002
2024-04-07,431.74,16,Grocery,STORE_002,GROC_002
2024-04-07,919.96,19,Beauty,STORE_002,BEAU_002
2024-04-07,4299.66,41,Electronics,STORE_003,ELEC_004
2024-04-07,968.93,23,Clothing,STORE_003,CLTH_001
2024-04-07,2406.29,37,Home Goods,STORE_003,HOME_002
2024-04-07,627.61,20,Grocery,STORE_003,GROC_001
2024-04-07,1672.67,30,Beauty,STORE_003,BEAU_003
2024-04-08,2988.34,27,Electronics,STORE_001,ELEC_003
2024-04-08,631.50,14,Clothing,STORE_001,CLTH_002
2024-04-08,1586.62,23,Home Goods,STORE_001,HOME_004
2024-04-08,502.04,17,Grocery,STORE_001,GROC_001
2024-04-08,807.97,17,Beauty,STORE_001,BEAU_002
2024-04-08,2314.69,26,Electronics,STORE_002,ELEC_002
2024-04-08,979.60,22,Clothing,STORE_002,CLTH_002
2024-04-08,1529.60,21,Home Goods,STORE_002,HOME_001
2024-04-08,397.92,11,Grocery,STORE_002,GROC_004
2024-04-08,492.03,12,Beauty,STORE_002,BEAU_003
2024-04-08,3330.44,32,Electronics,STORE_003,ELEC_004
2024-04-08,1384.15,28,Clothing,STORE_003,CLTH_004
2024-04-08,1676.03,28,Home Goods,STORE_003,HOME_004
2024-04-08,538.96,21,Grocery,STORE_003,GROC_004
2024-04-08,1176.47,24,Beauty,STORE_003,BEAU_001
2024-04-09,3725.37,29,Electronics,STORE_001,ELEC_003
2024-04-09,1326.92,24,Clothing,STORE_001,CLTH_004
2024-04-09,1264.23,22,Home Goods,STORE_001,HOME_004
2024-04-09,600.27,19,Grocery,STORE_001,GROC_002
2024-04-09,949.80,23,Beauty,STORE_001,BEAU_003
2024-04-09,2962.52,25,Electronics,STORE_002,ELEC_004
2024-04-09,1104.11,19,Clothing,STORE_002,CLTH_004
2024-04-09,1047.83,15,Home Goods,STORE_002,HOME_003
2024-04-09,284.54,11,Grocery,STORE_002,GROC_001
2024-04-09,445.09,12,Beauty,STORE_002,BEAU_001
2024-04-09,3068.28,35,Electronics,STORE_003,ELEC_003
2024-04-09,1148.15,20,Clothing,STORE_003,CLTH_001
2024-04-09,2158.88,28,Home Goods,STORE_003,HOME_001
2024-04-09,508.12,19,Grocery,STORE_003,GROC_002
2024-04-09,1241.91,27,Beauty,STORE_003,BEAU_003
2024-04-10,2208.29,22,Electronics,STORE_001,ELEC_001
2024-04-10,877.94,22,Clothing,STORE_001,CLTH_002
2024-04-10,1650.85,23,Home Goods,STORE_001,HOME_003
2024-04-10,562.11,20,Grocery,STORE_001,GROC_003
2024-04-10,654.91,16,Beauty,STORE_001,BEAU_003
2024-04-10,3456.21,31,Electronics,STORE_002,ELEC_001
2024-04-10,744.37,18,Clothing,STORE_002,CLTH_002
2024-04-10,628.66,10,Home Goods,STORE_002,HOME_001
2024-04-10,373.96,17,Grocery,STORE_002,GROC_001
2024-04-10,763.61,16,Beauty,STORE_002,BEAU_003
2024-04-10,3816.36,36,Electronics,STORE_003,ELEC_003
2024-04-10,1079.64,22,Clothing,STORE_003,CLTH_002
2024-04-10,2101.54,27,Home Goods,STORE_003,HOME_002
2024-04-10,641.74,19,Grocery,STORE_003,GROC_001
2024-04-10,1054.44,24,Beauty,STORE_003,BEAU_004
2024-04-11,2143.45,25,Electronics,STORE_001,ELEC_001
2024-04-11,1353.47,26,Clothing,STORE_001,CLTH_001
2024-04-11,1077.57,17,Home Goods,STORE_001,HOME_002
2024-04-11,540.72,19,Grocery,STORE_001,GROC_003
2024-04-11,692.00,16,Beauty,STORE_001,BEAU_003
2024-04-11,2327.28,22,Electronics,STORE_002,ELEC_002
2024-04-11,377.54,10,Clothing,STORE_002,CLTH_002
2024-04-11,1534.27,23,Home Goods,STORE_002,HOME_002
2024-04-11,386.63,13,Grocery,STORE_002,GROC_002
2024-04-11,446.59,12,Beauty,STORE_002,BEAU_004
2024-04-11,3416.13,38,Electronics,STORE_003,ELEC_002
2024-04-11,1535.33,25,Clothing,STORE_003,CLTH_004
2024-04-11,2272.59,36,Home Goods,STORE_003,HOME_001
2024-04-11,484.30,20,Grocery,STORE_003,GROC_004
2024-04-11,862.11,22,Beauty,STORE_003,BEAU_003
2024-04-12,2710.89,26,Electronics,STORE_001,ELEC_004
2024-04-12,1094.79,20,Clothing,STORE_001,CLTH_004
2024-04-12,1822.93,29,Home Goods,STORE_001,HOME_002
2024-04-12,321.66,8,Grocery,STORE_001,GROC_003
2024-04-12,590.04,17,Beauty,STORE_001,BEAU_004
2024-04-12,2571.94,23,Electronics,STORE_002,ELEC_001
2024-04-12,682.48,16,Clothing,STORE_002,CLTH_001
2024-04-12,1617.28,23,Home Goods,STORE_002,HOME_002
2024-04-12,588.31,19,Grocery,STORE_002,GROC_004
2024-04-12,438.24,12,Beauty,STORE_002,BEAU_003
2024-04-12,4157.59,31,Electronics,STORE_003,ELEC_004
2024-04-12,1170.91,21,Clothing,STORE_003,CLTH_003
2024-04-12,2030.06,28,Home Goods,STORE_003,HOME_001
2024-04-12,427.41,18,Grocery,STORE_003,GROC_001
2024-04-12,561.27,18,Beauty,STORE_003,BEAU_004
2024-04-13,4159.90,39,Electronics,STORE_001,ELEC_002
2024-04-13,909.41,22,Clothing,STORE_001,CLTH_001
2024-04-13,1675.63,28,Home Goods,STORE_001,HOME_003
2024-04-13,348.19,13,Grocery,STORE_001,GROC_003
2024-04-13,1075.79,22,Beauty,STORE_001,BEAU_001
2024-04-13,2551.31,26,Electronics,STORE_002,ELEC_001
2024-04-13,1322.92,23,Clothing,STORE_002,CLTH_001
2024-04-13,1549.72,25,Home Goods,STORE_002,HOME_003
2024-04-13,490.74,18,Grocery,STORE_002,GROC_004
2024-04-13,524.00,15,Beauty,STORE_002,BEAU_004
2024-04-13,3581.25,39,Electronics,STORE_003,ELEC_002
2024-04-13,1112.45,25,Clothing,STORE_003,CLTH_004
2024-04-13,1860.86,27,Home Goods,STORE_003,HOME_003
2024-04-13,805.46,26,Grocery,STORE_003,GROC_001
2024-04-13,925.55,22,Beauty,STORE_003,BEAU_003
2024-04-14,3357.61,33,Electronics,STORE_001,ELEC_003
2024-04-14,1029.35,27,Clothing,STORE_001,CLTH_003
2024-04-14,2015.81,29,Home Goods,STORE_001,HOME_001
2024-04-14,595.53,24,Grocery,STORE_001,GROC_001
2024-04-14,839.26,22,Beauty,STORE_001,BEAU_004
2024-04-14,1999.36,22,Electronics,STORE_002,ELEC_004
2024-04-14,923.90,20,Clothing,STORE_002,CLTH_001
2024-04-14,1494.68,20,Home Goods,STORE_002,HOME_003
2024-04-14,581.52,18,Grocery,STORE_002,GROC_004
2024-04-14,777.07,18,Beauty,STORE_002,BEAU_002
2024-04-14,4323.11,43,Electronics,STORE_003,ELEC_004
2024-04-14,1219.76,27,Clothing,STORE_003,CLTH_001
2024-04-14,2395.49,30,Home Goods,STORE_003,HOME_004
2024-04-14,721.96,27,Grocery,STORE_003,GROC_003
2024-04-14,924.52,24,Beauty,STORE_003,BEAU_002
2024-04-15,2901.06,29,Electronics,STORE_001,ELEC_002
2024-04-15,978.24,18,Clothing,STORE_001,CLTH_002
2024-04-15,1651.13,22,Home Goods,STORE_001,HOME_004
2024-04-15,647.19,23,Grocery,STORE_001,GROC_004
2024-04-15,902.79,20,Beauty,STORE_001,BEAU_004
2024-04-15,2696.85,26,Electronics,STORE_002,ELEC_003
2024-04-15,485.59,10,Clothing,STORE_002,CLTH_002
2024-04-15,1031.62,17,Home Goods,STORE_002,HOME_003
2024-04-15,319.12,11,Grocery,STORE_002,GROC_001
2024-04-15,387.49,10,Beauty,STORE_002,BEAU_003
2024-04-15,4003.14,37,Electronics,STORE_003,ELEC_001
2024-04-15,1321.17,24,Clothing,STORE_003,CLTH_001
2024-04-15,1894.84,26,Home Goods,STORE_003,HOME_001
2024-04-15,815.12,28,Grocery,STORE_003,GROC_001
2024-04-15,1075.90,25,Beauty,STORE_003,BEAU_001
2024-04-16,1873.55,25,Electronics,STORE_001,ELEC_003
2024-04-16,1376.58,25,Clothing,STORE_001,CLTH_002
2024-04-16,1258.18,16,Home Goods,STORE_001,HOME_001
2024-04-16,382.06,14,Grocery,STORE_001,GROC_003
2024-04-16,798.41,19,Beauty,STORE_001,BEAU_001
2024-04-16,1852.00,18,Electronics,STORE_002,ELEC_002
2024-04-16,1164.01,21,Clothing,STORE_002,CLTH_001
2024-04-16,1265.74,20,Home Goods,STORE_002,HOME_001
2024-04-16,334.25,12,Grocery,STORE_002,GROC_001
2024-04-16,255.68,6,Beauty,STORE_002,BEAU_002
2024-04-16,4067.60,45,Electronics,STORE_003,ELEC_003
2024-04-16,774.02,19,Clothing,STORE_003,CLTH_001
2024-04-16,1897.74,28,Home Goods,STORE_003,HOME_002
2024-04-16,394.36,15,Grocery,STORE_003,GROC_001
2024-04-16,624.25,16,Beauty,STORE_003,BEAU_004
2024-04-17,3992.64,36,Electronics,STORE_001,ELEC_003
2024-04-17,1071.58,18,Clothing,STORE_001,CLTH_002
2024-04-17,1835.80,27,Home Goods,STORE_001,HOME_003
2024-04-17,505.23,17,Grocery,STORE_001,GROC_004
2024-04-17,869.15,22,Beauty,STORE_001,BEAU_004
2024-04-17,1965.78,22,Electronics,STORE_002,ELEC_003
2024-04-17,456.13,10,Clothing,STORE_002,CLTH_003
2024-04-17,1369.39,18,Home Goods,STORE_002,HOME_003
2024-04-17,410.42,15,Grocery,STORE_002,GROC_004
2024-04-17,697.04,16,Beauty,STORE_002,BEAU_004
2024-04-17,2627.19,34,Electronics,STORE_003,ELEC_002
2024-04-17,1268.97,28,Clothing,STORE_003,CLTH_002
2024-04-17,1703.91,25,Home Goods,STORE_003,HOME_004
2024-04-17,420.46,17,Grocery,STORE_003,GROC_002
2024-04-17,849.09,20,Beauty,STORE_003,BEAU_004
2024-04-18,3599.46,37,Electronics,STORE_001,ELEC_004
2024-04-18,1540.61,30,Clothing,STORE_001,CLTH_002
2024-04-18,2005.76,23,Home Goods,STORE_001,HOME_002
2024-04-18,661.23,18,Grocery,STORE_001,GROC_003
2024-04-18,863.16,21,Beauty,STORE_001,BEAU_002
2024-04-18,1914.83,20,Electronics,STORE_002,ELEC_004
2024-04-18,818.37,16,Clothing,STORE_002,CLTH_002
2024-04-18,878.82,14,Home Goods,STORE_002,HOME_003
2024-04-18,467.86,17,Grocery,STORE_002,GROC_004
2024-04-18,613.69,15,Beauty,STORE_002,BEAU_002
2024-04-18,4714.45,45,Electronics,STORE_003,ELEC_002
2024-04-18,1430.75,29,Clothing,STORE_003,CLTH_002
2024-04-18,2626.43,32,Home Goods,STORE_003,HOME_004
2024-04-18,284.69,12,Grocery,STORE_003,GROC_004
2024-04-18,894.78,22,Beauty,STORE_003,BEAU_004
2024-04-19,3121.99,30,Electronics,STORE_001,ELEC_003
2024-04-19,1632.32,30,Clothing,STORE_001,CLTH_003
2024-04-19,1723.15,23,Home Goods,STORE_001,HOME_001
2024-04-19,389.66,15,Grocery,STORE_001,GROC_004
2024-04-19,1009.72,26,Beauty,STORE_001,BEAU_001
2024-04-19,3019.82,31,Electronics,STORE_002,ELEC_004
2024-04-19,991.94,19,Clothing,STORE_002,CLTH_004
2024-04-19,1720.05,24,Home Goods,STORE_002,HOME_001
2024-04-19,377.05,13,Grocery,STORE_002,GROC_003
2024-04-19,383.74,10,Beauty,STORE_002,BEAU_003
2024-04-19,4212.53,38,Electronics,STORE_003,ELEC_002
2024-04-19,699.59,16,Clothing,STORE_003,CLTH_002
2024-04-19,1846.07,25,Home Goods,STORE_003,HOME_002
2024-04-19,465.31,17,Grocery,STORE_003,GROC_001
2024-04-19,1064.52,23,Beauty,STORE_003,BEAU_004
2024-04-20,3303.27,33,Electronics,STORE_001,ELEC_004
2024-04-20,1342.01,22,Clothing,STORE_001,CLTH_003
2024-04-20,1956.44,31,Home Goods,STORE_001,HOME_002
2024-04-20,308.13,15,Grocery,STORE_001,GROC_002
2024-04-20,915.54,21,Beauty,STORE_001,BEAU_002
2024-04-20,2509.46,22,Electronics,STORE_002,ELEC_003
2024-04-20,964.55,16,Clothing,STORE_002,CLTH_001
2024-04-20,1582.15,21,Home Goods,STORE_002,HOME_002
2024-04-20,207.24,7,Grocery,STORE_002,GROC_004
2024-04-20,567.88,18,Beauty,STORE_002,BEAU_001
2024-04-20,5687.66,57,Electronics,STORE_003,ELEC_003
2024-04-20,1272.50,25,Clothing,STORE_003,CLTH_002
2024-04-20,2715.04,33,Home Goods,STORE_003,HOME_003
2024-04-20,858.66,28,Grocery,STORE_003,GROC_004
2024-04-20,1572.95,34,Beauty,STORE_003,BEAU_002
2024-04-21,3845.52,39,Electronics,STORE_001,ELEC_002
2024-04-21,1276.24,28,Clothing,STORE_001,CLTH_002
2024-04-21,2159.85,31,Home Goods,STORE_001,HOME_003
2024-04-21,356.19,16,Grocery,STORE_001,GROC_003
2024-04-21,848.74,22,Beauty,STORE_001,BEAU_004
2024-04-21,3224.60,32,Electronics,STORE_002,ELEC_004
2024-04-21,1235.04,22,Clothing,STORE_002,CLTH_004
2024-04-21,1171.16,20,Home Goods,STORE_002,HOME_004
2024-04-21,209.20,7,Grocery,STORE_002,GROC_001
2024-04-21,752.62,15,Beauty,STORE_002,BEAU_004
2024-04-21,3510.35,38,Electronics,STORE_003,ELEC_002
2024-04-21,842.91,20,Clothing,STORE_003,CLTH_001
2024-04-21,2631.35,33,Home Goods,STORE_003,HOME_004
2024-04-21,612.40,20,Grocery,STORE_003,GROC_003
2024-04-21,1175.51,26,Beauty,STORE_003,BEAU_004
2024-04-22,3305.82,33,Electronics,STORE_001,ELEC_004
2024-04-22,768.60,17,Clothing,STORE_001,CLTH_004
2024-04-22,1519.40,19,Home Goods,STORE_001,HOME_003
2024-04-22,351.04,14,Grocery,STORE_001,GROC_001
2024-04-22,758.02,18,Beauty,STORE_001,BEAU_001
2024-04-22,2251.84,24,Electronics,STORE_002,ELEC_004
2024-04-22,714.88,14,Clothing,STORE_002,CLTH_004
2024-04-22,1000.50,15,Home Goods,STORE_002,HOME_004
2024-04-22,548.31,16,Grocery,STORE_002,GROC_002
2024-04-22,774.48,16,Beauty,STORE_002,BEAU_001
2024-04-22,3062.60,29,Electronics,STORE_003,ELEC_002
2024-04-22,1042.51,22,Clothing,STORE_003,CLTH_003
2024-04-22,2205.11,30,Home Goods,STORE_003,HOME_004
2024-04-22,611.69,25,Grocery,STORE_003,GROC_004
2024-04-22,1130.05,24,Beauty,STORE_003,BEAU_002
2024-04-23,3434.38,28,Electronics,STORE_001,ELEC_001
2024-04-23,1341.51,28,Clothing,STORE_001,CLTH_004
2024-04-23,1346.97,18,Home Goods,STORE_001,HOME_003
2024-04-23,543.85,17,Grocery,STORE_001,GROC_004
2024-04-23,883.91,19,Beauty,STORE_001,BEAU_001
2024-04-23,2844.89,28,Electronics,STORE_002,ELEC_004
2024-04-23,688.93,13,Clothing,STORE_002,CLTH_004
2024-04-23,928.00,15,Home Goods,STORE_002,HOME_002
2024-04-23,386.13,13,Grocery,STORE_002,GROC_003
2024-04-23,759.26,18,Beauty,STORE_002,BEAU_004
2024-04-23,2240.07,25,Electronics,STORE_003,ELEC_003
2024-04-23,1035.43,22,Clothing,STORE_003,CLTH_002
2024-04-23,1594.01,22,Home Goods,STORE_003,HOME_002
2024-04-23,726.30,23,Grocery,STORE_003,GROC_004
2024-04-23,594.65,22,Beauty,STORE_003,BEAU_002
2024-04-24,3276.05,32,Electronics,STORE_001,ELEC_003
2024-04-24,1271.86,27,Clothing,STORE_001,CLTH_001
2024-04-24,1471.28,22,Home Goods,STORE_001,HOME_001
2024-04-24,502.56,20,Grocery,STORE_001,GROC_003
2024-04-24,1028.93,25,Beauty,STORE_001,BEAU_003
2024-04-24,1562.69,20,Electronics,STORE_002,ELEC_001
2024-04-24,799.39,20,Clothing,STORE_002,CLTH_004
2024-04-24,606.09,9,Home Goods,STORE_002,HOME_001
2024-04-24,446.39,15,Grocery,STORE_002,GROC_001
2024-04-24,673.14,19,Beauty,STORE_002,BEAU_003
2024-04-24,3126.38,34,Electronics,STORE_003,ELEC_004
2024-04-24,1115.33,21,Clothing,STORE_003,CLTH_002
2024-04-24,1975.62,28,Home Goods,STORE_003,HOME_004
2024-04-24,435.02,16,Grocery,STORE_003,GROC_003
2024-04-24,781.90,21,Beauty,STORE_003,BEAU_003
2024-04-25,2604.04,27,Electronics,STORE_001,ELEC_004
2024-04-25,741.08,17,Clothing,STORE_001,CLTH_004
2024-04-25,1855.26,26,Home Goods,STORE_001,HOME_003
2024-04-25,434.72,16,Grocery,STORE_001,GROC_001
2024-04-25,880.03,20,Beauty,STORE_001,BEAU_004
2024-04-25,2418.72,23,Electronics,STORE_002,ELEC_001
2024-04-25,932.96,16,Clothing,STORE_002,CLTH_001
2024-04-25,838.83,12,Home Goods,STORE_002,HOME_003
2024-04-25,169.43,6,Grocery,STORE_002,GROC_003
2024-04-25,828.99,20,Beauty,STORE_002,BEAU_003
2024-04-25,3812.91,38,Electronics,STORE_003,ELEC_002
2024-04-25,884.88,21,Clothing,STORE_003,CLTH_004
2024-04-25,1634.89,24,Home Goods,STORE_003,HOME_002
2024-04-25,488.87,15,Grocery,STORE_003,GROC_003
2024-04-25,896.22,19,Beauty,STORE_003,BEAU_003
2024-04-26,2273.77,23,Electronics,STORE_001,ELEC_003
2024-04-26,1185.39,21,Clothing,STORE_001,CLTH_003
2024-04-26,1889.06,26,Home Goods,STORE_001,HOME_004
2024-04-26,607.38,18,Grocery,STORE_001,GROC_003
2024-04-26,654.81,14,Beauty,STORE_001,BEAU_001
2024-04-26,2003.22,24,Electronics,STORE_002,ELEC_002
2024-04-26,799.05,15,Clothing,STORE_002,CLTH_002
2024-04-26,783.26,13,Home Goods,STORE_002,HOME_002
2024-04-26,531.52,17,Grocery,STORE_002,GROC_002
2024-04-26,1098.81,22,Beauty,STORE_002,BEAU_004
2024-04-26,3891.28,36,Electronics,STORE_003,ELEC_004
2024-04-26,1208.53,21,Clothing,STORE_003,CLTH_004
2024-04-26,1472.31,24,Home Goods,STORE_003,HOME_004
2024-04-26,406.22,22,Grocery,STORE_003,GROC_004
2024-04-26,894.02,22,Beauty,STORE_003,BEAU_004
2024-04-27,3687.57,39,Electronics,STORE_001,ELEC_004
2024-04-27,1085.55,23,Clothing,STORE_001,CLTH_001
2024-04-27,2001.91,29,Home Goods,STORE_001,HOME_003
2024-04-27,662.29,23,Grocery,STORE_001,GROC_004
2024-04-27,1113.36,27,Beauty,STORE_001,BEAU_001
2024-04-27,3087.68,28,Electronics,STORE_002,ELEC_003
2024-04-27,1502.20,25,Clothing,STORE_002,CLTH_004
2024-04-27,1865.21,25,Home Goods,STORE_002,HOME_003
2024-04-27,464.44,16,Grocery,STORE_002,GROC_003
2024-04-27,627.18,14,Beauty,STORE_002,BEAU_004
2024-04-27,3449.11,37,Electronics,STORE_003,ELEC_004
2024-04-27,1182.53,29,Clothing,STORE_003,CLTH_002
2024-04-27,2745.96,34,Home Goods,STORE_003,HOME_004
2024-04-27,593.30,25,Grocery,STORE_003,GROC_001
2024-04-27,1189.94,28,Beauty,STORE_003,BEAU_004
2024-04-28,3245.60,34,Electronics,STORE_001,ELEC_004
2024-04-28,884.97,19,Clothing,STORE_001,CLTH_003
2024-04-28,2196.67,30,Home Goods,STORE_001,HOME_001
2024-04-28,483.64,19,Grocery,STORE_001,GROC_002
2024-04-28,1389.08,29,Beauty,STORE_001,BEAU_001
2024-04-28,3259.45,29,Electronics,STORE_002,ELEC_002
2024-04-28,1182.86,24,Clothing,STORE_002,CLTH_004
2024-04-28,1897.56,28,Home Goods,STORE_002,HOME_004
2024-04-28,421.54,16,Grocery,STORE_002,GROC_004
2024-04-28,798.48,18,Beauty,STORE_002,BEAU_001
2024-04-28,4200.84,40,Electronics,STORE_003,ELEC_002
2024-04-28,1231.51,26,Clothing,STORE_003,CLTH_004
2024-04-28,2696.39,36,Home Goods,STORE_003,HOME_003
2024-04-28,684.45,25,Grocery,STORE_003,GROC_002
2024-04-28,1420.51,34,Beauty,STORE_003,BEAU_004
2024-04-29,2600.76,30,Electronics,STORE_001,ELEC_002
2024-04-29,1061.16,23,Clothing,STORE_001,CLTH_004
2024-04-29,1759.81,28,Home Goods,STORE_001,HOME_001
2024-04-29,426.17,17,Grocery,STORE_001,GROC_002
2024-04-29,790.88,17,Beauty,STORE_001,BEAU_001
2024-04-29,2588.32,22,Electronics,STORE_002,ELEC_002
2024-04-29,901.42,19,Clothing,STORE_002,CLTH_002
2024-04-29,1033.73,20,Home Goods,STORE_002,HOME_002
2024-04-29,598.93,18,Grocery,STORE_002,GROC_004
2024-04-29,661.43,14,Beauty,STORE_002,BEAU_003
2024-04-29,3015.34,38,Electronics,STORE_003,ELEC_003
2024-04-29,1627.48,32,Clothing,STORE_003,CLTH_004
2024-04-29,2852.56,36,Home Goods,STORE_003,HOME_003
2024-04-29,561.15,18,Grocery,STORE_003,GROC_001
2024-04-29,1011.14,24,Beauty,STORE_003,BEAU_003
2024-04-30,2658.46,36,Electronics,STORE_001,ELEC_003
2024-04-30,646.94,12,Clothing,STORE_001,CLTH_004
2024-04-30,1512.62,21,Home Goods,STORE_001,HOME_003
2024-04-30,445.83,16,Grocery,STORE_001,GROC_002
2024-04-30,837.78,19,Beauty,STORE_001,BEAU_004
2024-04-30,2526.74,28,Electronics,STORE_002,ELEC_004
2024-04-30,390.15,8,Clothing,STORE_002,CLTH_001
2024-04-30,1035.91,15,Home Goods,STORE_002,HOME_001
2024-04-30,268.45,8,Grocery,STORE_002,GROC_003
2024-04-30,179.56,5,Beauty,STORE_002,BEAU_001
2024-04-30,4133.16,41,Electronics,STORE_003,ELEC_004
2024-04-30,1058.76,18,Clothing,STORE_003,CLTH_003
2024-04-30,2249.85,29,Home Goods,STORE_003,HOME_003
2024-04-30,571.45,18,Grocery,STORE_003,GROC_001
2024-04-30,1409.93,34,Beauty,STORE_003,BEAU_002
2024-05-01,2445.51,28,Electronics,STORE_001,ELEC_003
2024-05-01,772.08,18,Clothing,STORE_001,CLTH_002
2024-05-01,1063.07,19,Home Goods,STORE_001,HOME_001
2024-05-01,501.92,16,Grocery,STORE_001,GROC_002
2024-05-01,1171.51,24,Beauty,STORE_001,BEAU_003
2024-05-01,1830.50,20,Electronics,STORE_002,ELEC_003
2024-05-01,821.28,17,Clothing,STORE_002,CLTH_001
2024-05-01,1264.43,18,Home Goods,STORE_002,HOME_004
2024-05-01,393.74,14,Grocery,STORE_002,GROC_001
2024-05-01,774.80,20,Beauty,STORE_002,BEAU_003
2024-05-01,4327.73,38,Electronics,STORE_003,ELEC_003
2024-05-01,1221.94,27,Clothing,STORE_003,CLTH_001
2024-05-01,1406.90,19,Home Goods,STORE_003,HOME_002
2024-05-01,420.92,18,Grocery,STORE_003,GROC_001
2024-05-01,948.21,23,Beauty,STORE_003,BEAU_003
2024-05-02,3297.56,29,Electronics,STORE_001,ELEC_004
2024-05-02,1160.30,22,Clothing,STORE_001,CLTH_002
2024-05-02,1400.91,24,Home Goods,STORE_001,HOME_004
2024-05-02,459.99,16,Grocery,STORE_001,GROC_001
2024-05-02,783.02,19,Beauty,STORE_001,BEAU_001
2024-05-02,2656.90,23,Electronics,STORE_002,ELEC_004
2024-05-02,936.64,16,Clothing,STORE_002,CLTH_001
2024-05-02,1522.04,23,Home Goods,STORE_002,HOME_002
2024-05-02,232.80,9,Grocery,STORE_002,GROC_001
2024-05-02,788.96,18,Beauty,STORE_002,BEAU_001
2024-05-02,3180.55,31,Electronics,STORE_003,ELEC_001
2024-05-02,1017.92,26,Clothing,STORE_003,CLTH_001
2024-05-02,1488.81,26,Home Goods,STORE_003,HOME_002
2024-05-02,681.80,23,Grocery,STORE_003,GROC_004
2024-05-02,911.86,26,Beauty,STORE_003,BEAU_001
2024-05-03,3541.78,33,Electronics,STORE_001,ELEC_003
2024-05-03,1089.17,22,Clothing,STORE_001,CLTH_002
2024-05-03,1593.41,27,Home Goods,STORE_001,HOME_001
2024-05-03,656.80,21,Grocery,STORE_001,GROC_002
2024-05-03,523.24,12,Beauty,STORE_001,BEAU_004
2024-05-03,2162.34,25,Electronics,STORE_002,ELEC_002
2024-05-03,486.33,11,Clothing,STORE_002,CLTH_004
2024-05-03,1069.73,16,Home Goods,STORE_002,HOME_003
2024-05-03,392.26,17,Grocery,STORE_002,GROC_001
2024-05-03,549.93,14,Beauty,STORE_002,BEAU_002
2024-05-03,3684.55,39,Electronics,STORE_003,ELEC_003
2024-05-03,1701.23,29,Clothing,STORE_003,CLTH_004
2024-05-03,1852.39,29,Home Goods,STORE_003,HOME_001
2024-05-03,679.08,22,Grocery,STORE_003,GROC_004
2024-05-03,956.06,21,Beauty,STORE_003,BEAU_001
2024-05-04,3347.05,39,Electronics,STORE_001,ELEC_002
2024-05-04,1459.08,28,Clothing,STORE_001,CLTH_002
2024-05-04,1876.78,29,Home Goods,STORE_001,HOME_003
2024-05-04,454.98,16,Grocery,STORE_001,GROC_001
2024-05-04,993.80,23,Beauty,STORE_001,BEAU_004
2024-05-04,1982.67,20,Electronics,STORE_002,ELEC_004
2024-05-04,1035.41,21,Clothing,STORE_002,CLTH_002
2024-05-04,1897.39,27,Home Goods,STORE_002,HOME_003
2024-05-04,498.57,22,Grocery,STORE_002,GROC_002
2024-05-04,556.54,14,Beauty,STORE_002,BEAU_003
2024-05-04,3928.25,39,Electronics,STORE_003,ELEC_001
2024-05-04,1630.24,32,Clothing,STORE_003,CLTH_004
2024-05-04,2196.66,35,Home Goods,STORE_003,HOME_004
2024-05-04,688.44,27,Grocery,STORE_003,GROC_003
2024-05-04,760.88,25,Beauty,STORE_003,BEAU_003
2024-05-05,3815.00,36,Electronics,STORE_001,ELEC_004
2024-05-05,1397.47,26,Clothing,STORE_001,CLTH_001
2024-05-05,2136.41,29,Home Goods,STORE_001,HOME_002
2024-05-05,597.86,23,Grocery,STORE_001,GROC_002
2024-05-05,980.94,22,Beauty,STORE_001,BEAU_001
2024-05-05,2130.49,24,Electronics,STORE_002,ELEC_002
2024-05-05,797.96,17,Clothing,STORE_002,CLTH_004
2024-05-05,1558.35,21,Home Goods,STORE_002,HOME_004
2024-05-05,533.32,19,Grocery,STORE_002,GROC_001
2024-05-05,706.44,20,Beauty,STORE_002,BEAU_001
2024-05-05,3791.21,42,Electronics,STORE_003,ELEC_001
2024-05-05,1635.11,29,Clothing,STORE_003,CLTH_003
2024-05-05,1180.93,26,Home Goods,STORE_003,HOME_002
2024-05-05,803.98,27,Grocery,STORE_003,GROC_003
2024-05-05,908.64,20,Beauty,STORE_003,BEAU_004
2024-05-06,2421.50,24,Electronics,STORE_001,ELEC_001
2024-05-06,1009.32,18,Clothing,STORE_001,CLTH_004
2024-05-06,1341.47,19,Home Goods,STORE_001,HOME_002
2024-05-06,282.01,10,Grocery,STORE_001,GROC_004
2024-05-06,419.64,10,Beauty,STORE_001,BEAU_002
2024-05-06,2558.33,26,Electronics,STORE_002,ELEC_001
2024-05-06,678.27,14,Clothing,STORE_002,CLTH_002
2024-05-06,1311.53,19,Home Goods,STORE_002,HOME_003
2024-05-06,332.05,14,Grocery,STORE_002,GROC_004
2024-05-06,853.11,20,Beauty,STORE_002,BEAU_001
2024-05-06,2837.86,28,Electronics,STORE_003,ELEC_003
2024-05-06,1074.19,21,Clothing,STORE_003,CLTH_004
2024-05-06,2069.33,32,Home Goods,STORE_003,HOME_004
2024-05-06,506.19,20,Grocery,STORE_003,GROC_004
2024-05-06,1295.18,26,Beauty,STORE_003,BEAU_002
2024-05-07,3148.38,30,Electronics,STORE_001,ELEC_004
2024-05-07,1015.32,20,Clothing,STORE_001,CLTH_004
2024-05-07,1484.41,22,Home Goods,STORE_001,HOME_001
2024-05-07,507.10,19,Grocery,STORE_001,GROC_003
2024-05-07,815.39,20,Beauty,STORE_001,BEAU_004
2024-05-07,2365.02,26,Electronics,STORE_002,ELEC_002
2024-05-07,1066.66,19,Clothing,STORE_002,CLTH_004
2024-05-07,936.95,15,Home Goods,STORE_002,HOME_003
2024-05-07,331.95,11,Grocery,STORE_002,GROC_001
2024-05-07,498.17,13,Beauty,STORE_002,BEAU_004
2024-05-07,3552.51,39,Electronics,STORE_003,ELEC_004
2024-05-07,1097.56,22,Clothing,STORE_003,CLTH_001
2024-05-07,1957.97,30,Home Goods,STORE_003,HOME_003
2024-05-07,482.74,18,Grocery,STORE_003,GROC_002
2024-05-07,807.10,19,Beauty,STORE_003,BEAU_004
2024-05-08,2457.56,22,Electronics,STORE_001,ELEC_001
2024-05-08,1368.34,28,Clothing,STORE_001,CLTH_003
2024-05-08,1327.12,22,Home Goods,STORE_001,HOME_001
2024-05-08,603.52,21,Grocery,STORE_001,GROC_001
2024-05-08,479.58,12,Beauty,STORE_001,BEAU_001
2024-05-08,2240.84,25,Electronics,STORE_002,ELEC_002
2024-05-08,534.80,13,Clothing,STORE_002,CLTH_001
2024-05-08,1324.66,20,Home Goods,STORE_002,HOME_004
2024-05-08,473.59,14,Grocery,STORE_002,GROC_001
2024-05-08,813.59,20,Beauty,STORE_002,BEAU_004
2024-05-08,2880.36,34,Electronics,STORE_003,ELEC_002
2024-05-08,1244.99,25,Clothing,STORE_003,CLTH_002
2024-05-08,2020.60,29,Home Goods,STORE_003,HOME_001
2024-05-08,445.01,17,Grocery,STORE_003,GROC_001
2024-05-08,1254.14,25,Beauty,STORE_003,BEAU_003
2024-05-09,2085.86,26,Electronics,STORE_001,ELEC_004
2024-05-09,922.17,18,Clothing,STORE_001,CLTH_001
2024-05-09,1345.94,24,Home Goods,STORE_001,HOME_004
2024-05-09,523.53,19,Grocery,STORE_001,GROC_003
2024-05-09,806.56,19,Beauty,STORE_001,BEAU_001
2024-05-09,2992.44,25,Electronics,STORE_002,ELEC_001
2024-05-09,426.56,9,Clothing,STORE_002,CLTH_002
2024-05-09,1218.38,21,Home Goods,STORE_002,HOME_001
2024-05-09,284.58,10,Grocery,STORE_002,GROC_004
2024-05-09,875.80,18,Beauty,STORE_002,BEAU_002
2024-05-09,3400.23,35,Electronics,STORE_003,ELEC_001
2024-05-09,996.84,22,Clothing,STORE_003,CLTH_001
2024-05-09,1722.92,27,Home Goods,STORE_003,HOME_002
2024-05-09,465.06,22,Grocery,STORE_003,GROC_004
2024-05-09,864.91,20,Beauty,STORE_003,BEAU_002
2024-05-10,3080.12,35,Electronics,STORE_001,ELEC_003
2024-05-10,555.53,11,Clothing,STORE_001,CLTH_002
2024-05-10,2011.38,30,Home Goods,STORE_001,HOME_003
2024-05-10,466.32,17,Grocery,STORE_001,GROC_004
2024-05-10,549.98,13,Beauty,STORE_001,BEAU_002
2024-05-10,2527.87,24,Electronics,STORE_002,ELEC_001
2024-05-10,727.86,16,Clothing,STORE_002,CLTH_002
2024-05-10,1468.27,22,Home Goods,STORE_002,HOME_002
2024-05-10,534.56,18,Grocery,STORE_002,GROC_002
2024-05-10,597.38,13,Beauty,STORE_002,BEAU_003
2024-05-10,2205.98,24,Electronics,STORE_003,ELEC_001
2024-05-10,1229.78,22,Clothing,STORE_003,CLTH_001
2024-05-10,2273.75,28,Home Goods,STORE_003,HOME_003
2024-05-10,408.42,16,Grocery,STORE_003,GROC_002
2024-05-10,725.48,19,Beauty,STORE_003,BEAU_002
2024-05-11,4209.24,38,Electronics,STORE_001,ELEC_001
2024-05-11,1963.39,36,Clothing,STORE_001,CLTH_002
2024-05-11,1453.32,27,Home Goods,STORE_001,HOME_002
2024-05-11,567.49,20,Grocery,STORE_001,GROC_002
2024-05-11,832.84,19,Beauty,STORE_001,BEAU_002
2024-05-11,3074.35,27,Electronics,STORE_002,ELEC_002
2024-05-11,1211.25,19,Clothing,STORE_002,CLTH_004
2024-05-11,1289.01,20,Home Goods,STORE_002,HOME_004
2024-05-11,454.34,19,Grocery,STORE_002,GROC_004
2024-05-11,1002.03,22,Beauty,STORE_002,BEAU_004
2024-05-11,3227.85,35,Electronics,STORE_003,ELEC_003
2024-05-11,1373.03,28,Clothing,STORE_003,CLTH_002
2024-05-11,2417.55,34,Home Goods,STORE_003,HOME_004
2024-05-11,978.09,26,Grocery,STORE_003,GROC_004
2024-05-11,929.54,27,Beauty,STORE_003,BEAU_003
2024-05-12,3262.10,38,Electronics,STORE_001,ELEC_004
2024-05-12,1206.13,25,Clothing,STORE_001,CLTH_001
2024-05-12,1770.88,24,Home Goods,STORE_001,HOME_001
2024-05-12,588.39,24,Grocery,STORE_001,GROC_003
2024-05-12,710.66,18,Beauty,STORE_001,BEAU_003
2024-05-12,2378.78,23,Electronics,STORE_002,ELEC_004
2024-05-12,503.64,11,Clothing,STORE_002,CLTH_002
2024-05-12,1611.33,28,Home Goods,STORE_002,HOME_001
2024-05-12,228.30,9,Grocery,STORE_002,GROC_003
2024-05-12,1004.81,21,Beauty,STORE_002,BEAU_002
2024-05-12,4173.86,37,Electronics,STORE_003,ELEC_004
2024-05-12,1262.22,26,Clothing,STORE_003,CLTH_002
2024-05-12,2635.75,33,Home Goods,STORE_003,HOME_004
2024-05-12,506.22,22,Grocery,STORE_003,GROC_004
2024-05-12,1389.39,30,Beauty,STORE_003,BEAU_001
2024-05-13,1759.43,22,Electronics,STORE_001,ELEC_003
2024-05-13,1006.13,20,Clothing,STORE_001,CLTH_004
2024-05-13,2195.70,28,Home Goods,STORE_001,HOME_001
2024-05-13,333.74,13,Grocery,STORE_001,GROC_004
2024-05-13,974.66,22,Beauty,STORE_001,BEAU_002
2024-05-13,1763.53,17,Electronics,STORE_002,ELEC_001
2024-05-13,846.78,18,Clothing,STORE_002,CLTH_002
2024-05-13,853.67,11,Home Goods,STORE_002,HOME_004
2024-05-13,496.24,17,Grocery,STORE_002,GROC_001
2024-05-13,676.57,16,Beauty,STORE_002,BEAU_003
2024-05-13,4086.16,39,Electronics,STORE_003,ELEC_001
2024-05-13,942.73,21,Clothing,STORE_003,CLTH_001
2024-05-13,1933.20,29,Home Goods,STORE_003,HOME_001
2024-05-13,612.36,24,Grocery,STORE_003,GROC_003
2024-05-13,978.60,26,Beauty,STORE_003,BEAU_003
2024-05-14,2568.57,33,Electronics,STORE_001,ELEC_003
2024-05-14,932.35,17,Clothing,STORE_001,CLTH_001
2024-05-14,1882.41,32,Home Goods,STORE_001,HOME_001
2024-05-14,609.18,21,Grocery,STORE_001,GROC_002
2024-05-14,997.54,25,Beauty,STORE_001,BEAU_003
2024-05-14,2398.66,28,Electronics,STORE_002,ELEC_004
2024-05-14,1293.17,27,Clothing,STORE_002,CLTH_001
2024-05-14,1239.67,19,Home Goods,STORE_002,HOME_003
2024-05-14,273.83,12,Grocery,STORE_002,GROC_003
2024-05-14,683.20,16,Beauty,STORE_002,BEAU_001
2024-05-14,4505.07,42,Electronics,STORE_003,ELEC_004
2024-05-14,845.28,21,Clothing,STORE_003,CLTH_003
2024-05-14,2343.65,33,Home Goods,STORE_003,HOME_001
2024-05-14,776.80,25,Grocery,STORE_003,GROC_004
2024-05-14,715.66,17,Beauty,STORE_003,BEAU_001
2024-05-15,4348.16,32,Electronics,STORE_001,ELEC_001
2024-05-15,1554.80,25,Clothing,STORE_001,CLTH_001
2024-05-15,1154.81,20,Home Goods,STORE_001,HOME_002
2024-05-15,262.74,12,Grocery,STORE_001,GROC_001
2024-05-15,608.67,15,Beauty,STORE_001,BEAU_003
2024-05-15,1880.54,21,Electronics,STORE_002,ELEC_001
2024-05-15,394.14,10,Clothing,STORE_002,CLTH_004
2024-05-15,1298.61,20,Home Goods,STORE_002,HOME_004
2024-05-15,426.46,15,Grocery,STORE_002,GROC_001
2024-05-15,534.60,15,Beauty,STORE_002,BEAU_002
2024-05-15,3894.90,40,Electronics,STORE_003,ELEC_004
2024-05-15,969.15,22,Clothing,STORE_003,CLTH_001
2024-05-15,1796.68,31,Home Goods,STORE_003,HOME_003
2024-05-15,387.47,14,Grocery,STORE_003,GROC_002
2024-05-15,1151.86,26,Beauty,STORE_003,BEAU_004
2024-05-16,2579.48,32,Electronics,STORE_001,ELEC_003
2024-05-16,895.79,22,Clothing,STORE_001,CLTH_002
2024-05-16,1401.44,21,Home Goods,STORE_001,HOME_001
2024-05-16,433.47,17,Grocery,STORE_001,GROC_004
2024-05-16,739.83,18,Beauty,STORE_001,BEAU_003
2024-05-16,2113.81,23,Electronics,STORE_002,ELEC_002
2024-05-16,779.51,16,Clothing,STORE_002,CLTH_002
2024-05-16,1049.35,17,Home Goods,STORE_002,HOME_004
2024-05-16,489.24,19,Grocery,STORE_002,GROC_002
2024-05-16,804.26,21,Beauty,STORE_002,BEAU_003
2024-05-16,3686.81,33,Electronics,STORE_003,ELEC_003
2024-05-16,1100.52,19,Clothing,STORE_003,CLTH_001
2024-05-16,1830.72,32,Home Goods,STORE_003,HOME_001
2024-05-16,521.83,20,Grocery,STORE_003,GROC_002
2024-05-16,1178.07,24,Beauty,STORE_003,BEAU_002
2024-05-17,3018.51,35,Electronics,STORE_001,ELEC_003
2024-05-17,658.06,12,Clothing,STORE_001,CLTH_002
2024-05-17,1940.93,22,Home Goods,STORE_001,HOME_001
2024-05-17,479.85,19,Grocery,STORE_001,GROC_002
2024-05-17,854.80,19,Beauty,STORE_001,BEAU_004
2024-05-17,2308.25,24,Electronics,STORE_002,ELEC_004
2024-05-17,821.08,19,Clothing,STORE_002,CLTH_002
2024-05-17,1135.46,21,Home Goods,STORE_002,HOME_001
2024-05-17,304.18,11,Grocery,STORE_002,GROC_004
2024-05-17,936.64,20,Beauty,STORE_002,BEAU_001
2024-05-17,3576.06,33,Electronics,STORE_003,ELEC_004
2024-05-17,644.89,11,Clothing,STORE_003,CLTH_002
2024-05-17,1735.57,25,Home Goods,STORE_003,HOME_002
2024-05-17,391.49,15,Grocery,STORE_003,GROC_002
2024-05-17,1350.53,27,Beauty,STORE_003,BEAU_004
2024-05-18,3160.34,35,Electronics,STORE_001,ELEC_001
2024-05-18,1156.99,22,Clothing,STORE_001,CLTH_002
2024-05-18,2083.56,30,Home Goods,STORE_001,HOME_003
2024-05-18,603.59,22,Grocery,STORE_001,GROC_003
2024-05-18,720.10,19,Beauty,STORE_001,BEAU_001
2024-05-18,2701.38,27,Electronics,STORE_002,ELEC_001
2024-05-18,677.19,17,Clothing,STORE_002,CLTH_003
2024-05-18,1159.27,20,Home Goods,STORE_002,HOME_003
2024-05-18,422.36,15,Grocery,STORE_002,GROC_001
2024-05-18,842.96,19,Beauty,STORE_002,BEAU_002
2024-05-18,3540.03,38,Electronics,STORE_003,ELEC_002
2024-05-18,1281.54,24,Clothing,STORE_003,CLTH_003
2024-05-18,2168.62,32,Home Goods,STORE_003,HOME_002
2024-05-18,743.66,28,Grocery,STORE_003,GROC_002
2024-05-18,1396.54,33,Beauty,STORE_003,BEAU_003
2024-05-19,3634.55,38,Electronics,STORE_001,ELEC_002
2024-05-19,936.39,17,Clothing,STORE_001,CLTH_004
2024-05-19,1845.20,31,Home Goods,STORE_001,HOME_001
2024-05-19,426.47,17,Grocery,STORE_001,GROC_003
2024-05-19,1063.67,25,Beauty,STORE_001,BEAU_002
2024-05-19,2820.93,27,Electronics,STORE_002,ELEC_002
2024-05-19,741.04,19,Clothing,STORE_002,CLTH_003
2024-05-19,1179.85,17,Home Goods,STORE_002,HOME_001
2024-05-19,333.06,12,Grocery,STORE_002,GROC_001
2024-05-19,920.44,21,Beauty,STORE_002,BEAU_004
2024-05-19,3291.14,35,Electronics,STORE_003,ELEC_004
2024-05-19,1079.62,26,Clothing,STORE_003,CLTH_001
2024-05-19,2410.17,31,Home Goods,STORE_003,HOME_003
2024-05-19,538.23,23,Grocery,STORE_003,GROC_003
2024-05-19,908.62,23,Beauty,STORE_003,BEAU_002
2024-05-20,2095.79,26,Electronics,STORE_001,ELEC_004
2024-05-20,1307.39,25,Clothing,STORE_001,CLTH_002
2024-05-20,1488.64,21,Home Goods,STORE_001,HOME_003
2024-05-20,508.80,18,Grocery,STORE_001,GROC_002
2024-05-20,1060.64,22,Beauty,STORE_001,BEAU_001
2024-05-20,2168.00,21,Electronics,STORE_002,ELEC_001
2024-05-20,682.27,12,Clothing,STORE_002,CLTH_002
2024-05-20,1217.58,19,Home Goods,STORE_002,HOME_001
2024-05-20,289.81,12,Grocery,STORE_002,GROC_001
2024-05-20,361.33,12,Beauty,STORE_002,BEAU_001
2024-05-20,3931.31,36,Electronics,STORE_003,ELEC_002
2024-05-20,1253.38,27,Clothing,STORE_003,CLTH_001
2024-05-20,1960.38,32,Home Goods,STORE_003,HOME_003
2024-05-20,380.31,13,Grocery,STORE_003,GROC_001
2024-05-20,1059.11,24,Beauty,STORE_003,BEAU_003
2024-05-21,2939.15,28,Electronics,STORE_001,ELEC_003
2024-05-21,1275.64,28,Clothing,STORE_001,CLTH_001
2024-05-21,1376.12,23,Home Goods,STORE_001,HOME_001
2024-05-21,566.50,20,Grocery,STORE_001,GROC_003
2024-05-21,700.77,15,Beauty,STORE_001,BEAU_001
2024-05-21,1201.61,15,Electronics,STORE_002,ELEC_001
2024-05-21,1179.24,21,Clothing,STORE_002,CLTH_001
2024-05-21,956.89,16,Home Goods,STORE_002,HOME_002
2024-05-21,617.51,20,Grocery,STORE_002,GROC_003
2024-05-21,693.20,17,Beauty,STORE_002,BEAU_004
2024-05-21,3831.05,36,Electronics,STORE_003,ELEC_002
2024-05-21,1025.00,19,Clothing,STORE_003,CLTH_002
2024-05-21,1997.77,27,Home Goods,STORE_003,HOME_002
2024-05-21,590.01,23,Grocery,STORE_003,GROC_003
2024-05-21,996.58,23,Beauty,STORE_003,BEAU_002
2024-05-22,2022.94,20,Electronics,STORE_001,ELEC_004
2024-05-22,892.80,17,Clothing,STORE_001,CLTH_001
2024-05-22,1869.21,26,Home Goods,STORE_001,HOME_002
2024-05-22,362.41,14,Grocery,STORE_001,GROC_003
2024-05-22,584.43,16,Beauty,STORE_001,BEAU_001
2024-05-22,1924.19,24,Electronics,STORE_002,ELEC_002
2024-05-22,1083.65,17,Clothing,STORE_002,CLTH_002
2024-05-22,587.95,10,Home Goods,STORE_002,HOME_002
2024-05-22,274.76,12,Grocery,STORE_002,GROC_004
2024-05-22,548.92,11,Beauty,STORE_002,BEAU_002
2024-05-22,4381.22,35,Electronics,STORE_003,ELEC_002
2024-05-22,1224.88,27,Clothing,STORE_003,CLTH_002
2024-05-22,1695.98,31,Home Goods,STORE_003,HOME_001
2024-05-22,572.57,19,Grocery,STORE_003,GROC_002
2024-05-22,679.47,17,Beauty,STORE_003,BEAU_001
2024-05-23,3316.26,32,Electronics,STORE_001,ELEC_003
2024-05-23,1004.78,20,Clothing,STORE_001,CLTH_002
2024-05-23,1764.52,24,Home Goods,STORE_001,HOME_003
2024-05-23,364.82,14,Grocery,STORE_001,GROC_001
2024-05-23,794.81,19,Beauty,STORE_001,BEAU_001
2024-05-23,2066.96,21,Electronics,STORE_002,ELEC_002
2024-05-23,1127.03,22,Clothing,STORE_002,CLTH_003
2024-05-23,1311.38,21,Home Goods,STORE_002,HOME_004
2024-05-23,211.23,10,Grocery,STORE_002,GROC_001
2024-05-23,872.28,17,Beauty,STORE_002,BEAU_002
2024-05-23,4091.00,40,Electronics,STORE_003,ELEC_003
2024-05-23,1104.30,22,Clothing,STORE_003,CLTH_002
2024-05-23,2073.67,31,Home Goods,STORE_003,HOME_003
2024-05-23,574.66,23,Grocery,STORE_003,GROC_003
2024-05-23,524.73,14,Beauty,STORE_003,BEAU_001
2024-05-24,3373.74,31,Electronics,STORE_001,ELEC_001
2024-05-24,872.30,20,Clothing,STORE_001,CLTH_001
2024-05-24,1219.65,19,Home Goods,STORE_001,HOME_004
2024-05-24,428.34,17,Grocery,STORE_001,GROC_004
2024-05-24,693.51,16,Beauty,STORE_001,BEAU_004
2024-05-24,2480.59,26,Electronics,STORE_002,ELEC_002
2024-05-24,472.86,10,Clothing,STORE_002,CLTH_004
2024-05-24,1566.98,27,Home Goods,STORE_002,HOME_003
2024-05-24,407.61,14,Grocery,STORE_002,GROC_002
2024-05-24,884.81,21,Beauty,STORE_002,BEAU_003
2024-05-24,3178.64,33,Electronics,STORE_003,ELEC_001
2024-05-24,811.26,20,Clothing,STORE_003,CLTH_001
2024-05-24,1946.53,24,Home Goods,STORE_003,HOME_003
2024-05-24,473.50,18,Grocery,STORE_003,GROC_002
2024-05-24,1221.44,28,Beauty,STORE_003,BEAU_003
2024-05-25,4414.00,35,Electronics,STORE_001,ELEC_003
2024-05-25,1022.88,23,Clothing,STORE_001,CLTH_001
2024-05-25,1728.45,27,Home Goods,STORE_001,HOME_002
2024-05-25,667.36,21,Grocery,STORE_001,GROC_003
2024-05-25,890.58,19,Beauty,STORE_001,BEAU_004
2024-05-25,2931.93,31,Electronics,STORE_002,ELEC_003
2024-05-25,1073.99,20,Clothing,STORE_002,CLTH_002
2024-05-25,1469.66,22,Home Goods,STORE_002,HOME_002
2024-05-25,458.74,18,Grocery,STORE_002,GROC_004
2024-05-25,1040.18,21,Beauty,STORE_002,BEAU_002
2024-05-25,3216.38,35,Electronics,STORE_003,ELEC_001
2024-05-25,1307.17,25,Clothing,STORE_003,CLTH_001
2024-05-25,2699.04,34,Home Goods,STORE_003,HOME_001
2024-05-25,968.33,27,Grocery,STORE_003,GROC_003
2024-05-25,911.26,27,Beauty,STORE_003,BEAU_001
2024-05-26,3477.25,36,Electronics,STORE_001,ELEC_001
2024-05-26,1102.54,22,Clothing,STORE_001,CLTH_002
2024-05-26,2267.92,34,Home Goods,STORE_001,HOME_002
2024-05-26,537.89,18,Grocery,STORE_001,GROC_001
2024-05-26,1410.81,28,Beauty,STORE_001,BEAU_004
2024-05-26,2829.50,29,Electronics,STORE_002,ELEC_002
2024-05-26,770.58,17,Clothing,STORE_002,CLTH_004
2024-05-26,1628.54,20,Home Goods,STORE_002,HOME_001
2024-05-26,436.40,13,Grocery,STORE_002,GROC_003
2024-05-26,995.28,24,Beauty,STORE_002,BEAU_001
2024-05-26,3916.97,38,Electronics,STORE_003,ELEC_002
2024-05-26,1387.86,32,Clothing,STORE_003,CLTH_003
2024-05-26,2275.22,33,Home Goods,STORE_003,HOME_001
2024-05-26,622.40,26,Grocery,STORE_003,GROC_001
2024-05-26,1110.11,27,Beauty,STORE_003,BEAU_002
2024-05-27,3114.29,33,Electronics,STORE_001,ELEC_004
2024-05-27,1370.50,24,Clothing,STORE_001,CLTH_004
2024-05-27,1903.52,31,Home Goods,STORE_001,HOME_002
2024-05-27,277.84,11,Grocery,STORE_001,GROC_004
2024-05-27,1210.43,23,Beauty,STORE_001,BEAU_003
2024-05-27,1872.37,20,Electronics,STORE_002,ELEC_002
2024-05-27,751.08,16,Clothing,STORE_002,CLTH_002
2024-05-27,852.87,13,Home Goods,STORE_002,HOME_004
2024-05-27,301.40,11,Grocery,STORE_002,GROC_001
2024-05-27,537.29,12,Beauty,STORE_002,BEAU_001
2024-05-27,3496.99,36,Electronics,STORE_003,ELEC_003
2024-05-27,1346.33,24,Clothing,STORE_003,CLTH_002
2024-05-27,1523.55,20,Home Goods,STORE_003,HOME_004
2024-05-27,514.89,20,Grocery,STORE_003,GROC_001
2024-05-27,730.81,20,Beauty,STORE_003,BEAU_001
2024-05-28,2621.21,27,Electronics,STORE_001,ELEC_001
2024-05-28,1244.65,24,Clothing,STORE_001,CLTH_002
2024-05-28,1660.97,24,Home Goods,STORE_001,HOME_001
2024-05-28,340.88,13,Grocery,STORE_001,GROC_002
2024-05-28,484.00,13,Beauty,STORE_001,BEAU_003
2024-05-28,2588.27,26,Electronics,STORE_002,ELEC_001
2024-05-28,721.69,15,Clothing,STORE_002,CLTH_001
2024-05-28,1197.61,23,Home Goods,STORE_002,HOME_004
2024-05-28,456.84,18,Grocery,STORE_002,GROC_003
2024-05-28,461.83,11,Beauty,STORE_002,BEAU_002
2024-05-28,3634.58,37,Electronics,STORE_003,ELEC_004
2024-05-28,1378.92,30,Clothing,STORE_003,CLTH_002
2024-05-28,1728.33,30,Home Goods,STORE_003,HOME_001
2024-05-28,819.99,25,Grocery,STORE_003,GROC_004
2024-05-28,1064.74,23,Beauty,STORE_003,BEAU_004
2024-05-29,3310.11,32,Electronics,STORE_001,ELEC_003
2024-05-29,1241.81,25,Clothing,STORE_001,CLTH_001
2024-05-29,1273.94,20,Home Goods,STORE_001,HOME_002
2024-05-29,735.32,21,Grocery,STORE_001,GROC_003
2024-05-29,974.03,22,Beauty,STORE_001,BEAU_004
2024-05-29,2657.77,28,Electronics,STORE_002,ELEC_003
2024-05-29,1036.66,21,Clothing,STORE_002,CLTH_002
2024-05-29,1713.66,25,Home Goods,STORE_002,HOME_003
2024-05-29,373.48,16,Grocery,STORE_002,GROC_001
2024-05-29,405.75,12,Beauty,STORE_002,BEAU_001
2024-05-29,3496.35,31,Electronics,STORE_003,ELEC_003
2024-05-29,1121.53,25,Clothing,STORE_003,CLTH_001
2024-05-29,1256.84,20,Home Goods,STORE_003,HOME_002
2024-05-29,481.12,18,Grocery,STORE_003,GROC_003
2024-05-29,1319.44,28,Beauty,STORE_003,BEAU_004
2024-05-30,3084.53,30,Electronics,STORE_001,ELEC_004
2024-05-30,676.69,14,Clothing,STORE_001,CLTH_004
2024-05-30,866.04,14,Home Goods,STORE_001,HOME_003
2024-05-30,392.67,15,Grocery,STORE_001,GROC_001
2024-05-30,880.11,21,Beauty,STORE_001,BEAU_003
2024-05-30,2144.43,25,Electronics,STORE_002,ELEC_002
2024-05-30,888.81,23,Clothing,STORE_002,CLTH_004
2024-05-30,1616.28,23,Home Goods,STORE_002,HOME_001
2024-05-30,451.49,16,Grocery,STORE_002,GROC_003
2024-05-30,306.39,8,Beauty,STORE_002,BEAU_002
2024-05-30,2932.07,30,Electronics,STORE_003,ELEC_003
2024-05-30,960.52,24,Clothing,STORE_003,CLTH_001
2024-05-30,1569.04,26,Home Goods,STORE_003,HOME_002
2024-05-30,634.24,21,Grocery,STORE_003,GROC_004
2024-05-30,1091.17,24,Beauty,STORE_003,BEAU_001
2024-05-31,1925.46,26,Electronics,STORE_001,ELEC_004
2024-05-31,1243.93,22,Clothing,STORE_001,CLTH_004
2024-05-31,1868.51,30,Home Goods,STORE_001,HOME_004
2024-05-31,532.22,20,Grocery,STORE_001,GROC_003
2024-05-31,778.18,17,Beauty,STORE_001,BEAU_004
2024-05-31,2513.30,26,Electronics,STORE_002,ELEC_002
2024-05-31,1247.10,22,Clothing,STORE_002,CLTH_004
2024-05-31,1433.37,22,Home Goods,STORE_002,HOME_004
2024-05-31,415.47,14,Grocery,STORE_002,GROC_004
2024-05-31,826.78,17,Beauty,STORE_002,BEAU_001
2024-05-31,3706.55,39,Electronics,STORE_003,ELEC_004
2024-05-31,1293.31,25,Clothing,STORE_003,CLTH_003
2024-05-31,1804.39,25,Home Goods,STORE_003,HOME_003
2024-05-31,428.38,15,Grocery,STORE_003,GROC_004
2024-05-31,494.12,12,Beauty,STORE_003,BEAU_004
2024-06-01,3615.46,37,Electronics,STORE_001,ELEC_004
2024-06-01,1271.42,23,Clothing,STORE_001,CLTH_002
2024-06-01,2875.53,37,Home Goods,STORE_001,HOME_003
2024-06-01,693.55,18,Grocery,STORE_001,GROC_003
2024-06-01,1292.85,22,Beauty,STORE_001,BEAU_004
2024-06-01,2444.85,28,Electronics,STORE_002,ELEC_002
2024-06-01,1431.50,26,Clothing,STORE_002,CLTH_001
2024-06-01,1887.61,29,Home Goods,STORE_002,HOME_002
2024-06-01,702.02,26,Grocery,STORE_002,GROC_002
2024-06-01,936.99,18,Beauty,STORE_002,BEAU_003
2024-06-01,3302.16,39,Electronics,STORE_003,ELEC_001
2024-06-01,1473.84,30,Clothing,STORE_003,CLTH_003
2024-06-01,2432.78,35,Home Goods,STORE_003,HOME_003
2024-06-01,633.61,24,Grocery,STORE_003,GROC_002
2024-06-01,1013.51,22,Beauty,STORE_003,BEAU_004
2024-06-02,3644.55,31,Electronics,STORE_001,ELEC_001
2024-06-02,1327.66,25,Clothing,STORE_001,CLTH_001
2024-06-02,1654.52,27,Home Goods,STORE_001,HOME_001
2024-06-02,415.84,16,Grocery,STORE_001,GROC_001
2024-06-02,1563.97,29,Beauty,STORE_001,BEAU_004
2024-06-02,2289.15,24,Electronics,STORE_002,ELEC_001
2024-06-02,1212.36,22,Clothing,STORE_002,CLTH_004
2024-06-02,1350.98,20,Home Goods,STORE_002,HOME_002
2024-06-02,374.83,13,Grocery,STORE_002,GROC_004
2024-06-02,865.18,19,Beauty,STORE_002,BEAU_004
2024-06-02,3583.86,33,Electronics,STORE_003,ELEC_003
2024-06-02,1868.77,29,Clothing,STORE_003,CLTH_004
2024-06-02,2553.29,39,Home Goods,STORE_003,HOME_001
2024-06-02,754.46,27,Grocery,STORE_003,GROC_002
2024-06-02,870.79,22,Beauty,STORE_003,BEAU_003
2024-06-03,3086.83,29,Electronics,STORE_001,ELEC_001
2024-06-03,1175.14,24,Clothing,STORE_001,CLTH_004
2024-06-03,1659.57,25,Home Goods,STORE_001,HOME_003
2024-06-03,489.06,18,Grocery,STORE_001,GROC_001
2024-06-03,1145.63,25,Beauty,STORE_001,BEAU_002
2024-06-03,2727.61,23,Electronics,STORE_002,ELEC_004
2024-06-03,571.86,12,Clothing,STORE_002,CLTH_004
2024-06-03,1867.48,25,Home Goods,STORE_002,HOME_002
2024-06-03,285.39,12,Grocery,STORE_002,GROC_002
2024-06-03,902.74,18,Beauty,STORE_002,BEAU_001
2024-06-03,3142.24,31,Electronics,STORE_003,ELEC_001
2024-06-03,1502.25,27,Clothing,STORE_003,CLTH_001
2024-06-03,2131.19,32,Home Goods,STORE_003,HOME_002
2024-06-03,913.72,26,Grocery,STORE_003,GROC_004
2024-06-03,1633.30,31,Beauty,STORE_003,BEAU_004
2024-06-04,3317.01,32,Electronics,STORE_001,ELEC_004
2024-06-04,1067.33,21,Clothing,STORE_001,CLTH_004
2024-06-04,1862.03,24,Home Goods,STORE_001,HOME_001
2024-06-04,308.27,11,Grocery,STORE_001,GROC_003
2024-06-04,801.20,18,Beauty,STORE_001,BEAU_003
2024-06-04,1917.97,19,Electronics,STORE_002,ELEC_001
2024-06-04,768.28,14,Clothing,STORE_002,CLTH_003
2024-06-04,1417.05,20,Home Goods,STORE_002,HOME_003
2024-06-04,286.17,12,Grocery,STORE_002,GROC_003
2024-06-04,463.98,14,Beauty,STORE_002,BEAU_003
2024-06-04,3380.16,36,Electronics,STORE_003,ELEC_004
2024-06-04,1376.30,24,Clothing,STORE_003,CLTH_002
2024-06-04,1949.63,23,Home Goods,STORE_003,HOME_004
2024-06-04,628.51,21,Grocery,STORE_003,GROC_003
2024-06-04,733.63,18,Beauty,STORE_003,BEAU_004
2024-06-05,2147.93,25,Electronics,STORE_001,ELEC_003
2024-06-05,1188.86,23,Clothing,STORE_001,CLTH_003
2024-06-05,1529.41,24,Home Goods,STORE_001,HOME_004
2024-06-05,363.08,16,Grocery,STORE_001,GROC_003
2024-06-05,779.41,17,Beauty,STORE_001,BEAU_003
2024-06-05,2060.96,20,Electronics,STORE_002,ELEC_002
2024-06-05,703.11,12,Clothing,STORE_002,CLTH_003
2024-06-05,1439.99,22,Home Goods,STORE_002,HOME_001
2024-06-05,449.65,18,Grocery,STORE_002,GROC_003
2024-06-05,902.04,19,Beauty,STORE_002,BEAU_002
2024-06-05,2722.06,29,Electronics,STORE_003,ELEC_001
2024-06-05,1047.03,20,Clothing,STORE_003,CLTH_003
2024-06-05,1081.87,16,Home Goods,STORE_003,HOME_004
2024-06-05,520.68,21,Grocery,STORE_003,GROC_002
2024-06-05,722.56,19,Beauty,STORE_003,BEAU_002
2024-06-06,2401.15,23,Electronics,STORE_001,ELEC_001
2024-06-06,1201.60,25,Clothing,STORE_001,CLTH_004
2024-06-06,1684.77,23,Home Goods,STORE_001,HOME_001
2024-06-06,434.31,16,Grocery,STORE_001,GROC_004
2024-06-06,635.20,15,Beauty,STORE_001,BEAU_003
2024-06-06,2317.12,22,Electronics,STORE_002,ELEC_003
2024-06-06,376.78,8,Clothing,STORE_002,CLTH_001
2024-06-06,1529.98,21,Home Goods,STORE_002,HOME_001
2024-06-06,395.33,14,Grocery,STORE_002,GROC_003
2024-06-06,819.58,17,Beauty,STORE_002,BEAU_002
2024-06-06,3517.35,32,Electronics,STORE_003,ELEC_001
2024-06-06,1326.25,25,Clothing,STORE_003,CLTH_003
2024-06-06,2106.00,29,Home Goods,STORE_003,HOME_003
2024-06-06,609.37,19,Grocery,STORE_003,GROC_004
2024-06-06,1151.81,26,Beauty,STORE_003,BEAU_002
2024-06-07,2189.28,25,Electronics,STORE_001,ELEC_004
2024-06-07,727.46,20,Clothing,STORE_001,CLTH_004
2024-06-07,1696.29,24,Home Goods,STORE_001,HOME_003
2024-06-07,588.10,20,Grocery,STORE_001,GROC_001
2024-06-07,583.31,15,Beauty,STORE_001,BEAU_002
2024-06-07,2599.62,25,Electronics,STORE_002,ELEC_004
2024-06-07,618.57,13,Clothing,STORE_002,CLTH_002
2024-06-07,1305.05,20,Home Goods,STORE_002,HOME_003
2024-06-07,233.97,9,Grocery,STORE_002,GROC_004
2024-06-07,727.33,17,Beauty,STORE_002,BEAU_003
2024-06-07,3369.00,35,Electronics,STORE_003,ELEC_002
2024-06-07,1453.49,27,Clothing,STORE_003,CLTH_003
2024-06-07,2598.42,33,Home Goods,STORE_003,HOME_001
2024-06-07,503.24,17,Grocery,STORE_003,GROC_004
2024-06-07,871.93,21,Beauty,STORE_003,BEAU_004
2024-06-08,3826.87,33,Electronics,STORE_001,ELEC_002
2024-06-08,1521.65,27,Clothing,STORE_001,CLTH_003
2024-06-08,2304.67,31,Home Goods,STORE_001,HOME_004
2024-06-08,398.73,16,Grocery,STORE_001,GROC_002
2024-06-08,732.14,23,Beauty,STORE_001,BEAU_001
2024-06-08,3765.21,35,Electronics,STORE_002,ELEC_002
2024-06-08,1028.37,18,Clothing,STORE_002,CLTH_001
2024-06-08,1471.74,21,Home Goods,STORE_002,HOME_004
2024-06-08,219.59,8,Grocery,STORE_002,GROC_003
2024-06-08,650.93,16,Beauty,STORE_002,BEAU_002
2024-06-08,4685.78,37,Electronics,STORE_003,ELEC_001
2024-06-08,1169.49,28,Clothing,STORE_003,CLTH_004
2024-06-08,2375.94,31,Home Goods,STORE_003,HOME_001
2024-06-08,648.81,24,Grocery,STORE_003,GROC_004
2024-06-08,1321.53,27,Beauty,STORE_003,BEAU_002
2024-06-09,2235.64,31,Electronics,STORE_001,ELEC_002
2024-06-09,855.45,18,Clothing,STORE_001,CLTH_001
2024-06-09,1967.51,29,Home Goods,STORE_001,HOME_001
2024-06-09,462.12,17,Grocery,STORE_001,GROC_002
2024-06-09,979.50,23,Beauty,STORE_001,BEAU_002
2024-06-09,1888.33,25,Electronics,STORE_002,ELEC_004
2024-06-09,734.22,18,Clothing,STORE_002,CLTH_003
2024-06-09,1393.51,25,Home Goods,STORE_002,HOME_003
2024-06-09,650.53,21,Grocery,STORE_002,GROC_004
2024-06-09,714.37,17,Beauty,STORE_002,BEAU_004
2024-06-09,3687.97,40,Electronics,STORE_003,ELEC_002
2024-06-09,1321.65,26,Clothing,STORE_003,CLTH_004
2024-06-09,2599.94,37,Home Goods,STORE_003,HOME_002
2024-06-09,825.54,25,Grocery,STORE_003,GROC_004
2024-06-09,1333.00,26,Beauty,STORE_003,BEAU_002
2024-06-10,2849.12,27,Electronics,STORE_001,ELEC_004
2024-06-10,1209.01,25,Clothing,STORE_001,CLTH_002
2024-06-10,1801.07,28,Home Goods,STORE_001,HOME_004
2024-06-10,425.56,14,Grocery,STORE_001,GROC_003
2024-06-10,715.56,19,Beauty,STORE_001,BEAU_004
2024-06-10,1824.64,20,Electronics,STORE_002,ELEC_003
2024-06-10,1030.53,20,Clothing,STORE_002,CLTH_003
2024-06-10,1326.46,20,Home Goods,STORE_002,HOME_003
2024-06-10,400.44,14,Grocery,STORE_002,GROC_003
2024-06-10,1038.85,21,Beauty,STORE_002,BEAU_003
2024-06-10,3296.55,30,Electronics,STORE_003,ELEC_002
2024-06-10,1316.74,27,Clothing,STORE_003,CLTH_002
2024-06-10,2297.73,27,Home Goods,STORE_003,HOME_002
2024-06-10,460.80,22,Grocery,STORE_003,GROC_002
2024-06-10,1178.12,27,Beauty,STORE_003,BEAU_001
2024-06-11,3733.71,31,Electronics,STORE_001,ELEC_003
2024-06-11,700.20,15,Clothing,STORE_001,CLTH_002
2024-06-11,1459.65,21,Home Goods,STORE_001,HOME_002
2024-06-11,518.86,20,Grocery,STORE_001,GROC_004
2024-06-11,1009.80,23,Beauty,STORE_001,BEAU_004
2024-06-11,1798.52,19,Electronics,STORE_002,ELEC_003
2024-06-11,1047.18,21,Clothing,STORE_002,CLTH_004
2024-06-11,1397.09,19,Home Goods,STORE_002,HOME_004
2024-06-11,355.79,15,Grocery,STORE_002,GROC_003
2024-06-11,983.79,19,Beauty,STORE_002,BEAU_003
2024-06-11,3668.80,34,Electronics,STORE_003,ELEC_002
2024-06-11,843.26,17,Clothing,STORE_003,CLTH_004
2024-06-11,1894.21,31,Home Goods,STORE_003,HOME_003
2024-06-11,508.15,21,Grocery,STORE_003,GROC_003
2024-06-11,1047.66,26,Beauty,STORE_003,BEAU_001
2024-06-12,2610.37,29,Electronics,STORE_001,ELEC_002
2024-06-12,1425.39,26,Clothing,STORE_001,CLTH_004
2024-06-12,1195.81,22,Home Goods,STORE_001,HOME_003
2024-06-12,430.42,15,Grocery,STORE_001,GROC_004
2024-06-12,800.93,20,Beauty,STORE_001,BEAU_001
2024-06-12,1619.34,16,Electronics,STORE_002,ELEC_001
2024-06-12,899.37,17,Clothing,STORE_002,CLTH_001
2024-06-12,1174.68,23,Home Goods,STORE_002,HOME_002
2024-06-12,307.97,11,Grocery,STORE_002,GROC_004
2024-06-12,753.66,16,Beauty,STORE_002,BEAU_004
2024-06-12,4806.12,40,Electronics,STORE_003,ELEC_002
2024-06-12,955.46,21,Clothing,STORE_003,CLTH_002
2024-06-12,1316.75,19,Home Goods,STORE_003,HOME_004
2024-06-12,485.78,19,Grocery,STORE_003,GROC_004
2024-06-12,1061.72,24,Beauty,STORE_003,BEAU_001
2024-06-13,3005.85,33,Electronics,STORE_001,ELEC_004
2024-06-13,855.04,14,Clothing,STORE_001,CLTH_004
2024-06-13,1157.52,17,Home Goods,STORE_001,HOME_002
2024-06-13,672.09,28,Grocery,STORE_001,GROC_003
2024-06-13,692.21,15,Beauty,STORE_001,BEAU_002
2024-06-13,2574.86,25,Electronics,STORE_002,ELEC_002
2024-06-13,509.51,9,Clothing,STORE_002,CLTH_003
2024-06-13,1746.70,25,Home Goods,STORE_002,HOME_003
2024-06-13,286.42,10,Grocery,STORE_002,GROC_004
2024-06-13,519.54,11,Beauty,STORE_002,BEAU_003
2024-06-13,2662.73,28,Electronics,STORE_003,ELEC_003
2024-06-13,1415.24,25,Clothing,STORE_003,CLTH_002
2024-06-13,2157.61,32,Home Goods,STORE_003,HOME_004
2024-06-13,284.38,8,Grocery,STORE_003,GROC_002
2024-06-13,951.15,22,Beauty,STORE_003,BEAU_004
2024-06-14,3644.50,31,Electronics,STORE_001,ELEC_001
2024-06-14,1024.80,21,Clothing,STORE_001,CLTH_004
2024-06-14,1241.69,16,Home Goods,STORE_001,HOME_003
2024-06-14,634.30,22,Grocery,STORE_001,GROC_002
2024-06-14,870.05,22,Beauty,STORE_001,BEAU_004
2024-06-14,2010.63,19,Electronics,STORE_002,ELEC_002
2024-06-14,627.72,15,Clothing,STORE_002,CLTH_001
2024-06-14,1661.18,21,Home Goods,STORE_002,HOME_002
2024-06-14,411.01,14,Grocery,STORE_002,GROC_001
2024-06-14,750.55,16,Beauty,STORE_002,BEAU_004
2024-06-14,2606.42,30,Electronics,STORE_003,ELEC_003
2024-06-14,1054.45,26,Clothing,STORE_003,CLTH_002
2024-06-14,1729.40,22,Home Goods,STORE_003,HOME_001
2024-06-14,614.05,22,Grocery,STORE_003,GROC_001
2024-06-14,827.16,20,Beauty,STORE_003,BEAU_002
2024-06-15,3488.76,32,Electronics,STORE_001,ELEC_003
2024-06-15,1254.33,22,Clothing,STORE_001,CLTH_003
2024-06-15,1862.65,27,Home Goods,STORE_001,HOME_003
2024-06-15,565.96,18,Grocery,STORE_001,GROC_004
2024-06-15,1186.02,26,Beauty,STORE_001,BEAU_001
2024-06-15,4159.84,36,Electronics,STORE_002,ELEC_001
2024-06-15,1227.10,25,Clothing,STORE_002,CLTH_003
2024-06-15,1350.07,21,Home Goods,STORE_002,HOME_001
2024-06-15,387.89,15,Grocery,STORE_002,GROC_001
2024-06-15,944.50,22,Beauty,STORE_002,BEAU_001
2024-06-15,4619.30,41,Electronics,STORE_003,ELEC_002
2024-06-15,1441.02,30,Clothing,STORE_003,CLTH_003
2024-06-15,2467.25,35,Home Goods,STORE_003,HOME_002
2024-06-15,379.19,16,Grocery,STORE_003,GROC_004
2024-06-15,1428.11,33,Beauty,STORE_003,BEAU_004
2024-06-16,2963.44,31,Electronics,STORE_001,ELEC_004
2024-06-16,1364.99,33,Clothing,STORE_001,CLTH_001
2024-06-16,2101.50,30,Home Goods,STORE_001,HOME_004
2024-06-16,466.82,17,Grocery,STORE_001,GROC_001
2024-06-16,604.07,14,Beauty,STORE_001,BEAU_001
2024-06-16,2930.34,29,Electronics,STORE_002,ELEC_002
2024-06-16,1151.25,22,Clothing,STORE_002,CLTH_001
2024-06-16,1553.83,25,Home Goods,STORE_002,HOME_002
2024-06-16,720.86,20,Grocery,STORE_002,GROC_001
2024-06-16,456.46,12,Beauty,STORE_002,BEAU_002
2024-06-16,4626.30,48,Electronics,STORE_003,ELEC_002
2024-06-16,1271.82,29,Clothing,STORE_003,CLTH_003
2024-06-16,2079.59,29,Home Goods,STORE_003,HOME_003
2024-06-16,901.94,31,Grocery,STORE_003,GROC_001
2024-06-16,1119.70,21,Beauty,STORE_003,BEAU_003
2024-06-17,3242.56,27,Electronics,STORE_001,ELEC_002
2024-06-17,1327.83,25,Clothing,STORE_001,CLTH_002
2024-06-17,1430.58,21,Home Goods,STORE_001,HOME_004
2024-06-17,618.23,20,Grocery,STORE_001,GROC_001
2024-06-17,808.47,20,Beauty,STORE_001,BEAU_003
2024-06-17,3167.00,29,Electronics,STORE_002,ELEC_004
2024-06-17,988.95,19,Clothing,STORE_002,CLTH_004
2024-06-17,1531.70,23,Home Goods,STORE_002,HOME_001
2024-06-17,582.60,22,Grocery,STORE_002,GROC_003
2024-06-17,477.58,12,Beauty,STORE_002,BEAU_003
2024-06-17,3129.73,30,Electronics,STORE_003,ELEC_001
2024-06-17,1208.77,26,Clothing,STORE_003,CLTH_001
2024-06-17,1785.66,34,Home Goods,STORE_003,HOME_003
2024-06-17,660.93,21,Grocery,STORE_003,GROC_003
2024-06-17,1047.32,23,Beauty,STORE_003,BEAU_002
2024-06-18,2276.53,20,Electronics,STORE_001,ELEC_001
2024-06-18,897.91,18,Clothing,STORE_001,CLTH_003
2024-06-18,1266.74,21,Home Goods,STORE_001,HOME_003
2024-06-18,590.59,20,Grocery,STORE_001,GROC_001
2024-06-18,925.09,22,Beauty,STORE_001,BEAU_002
2024-06-18,1239.45,14,Electronics,STORE_002,ELEC_001
2024-06-18,858.66,18,Clothing,STORE_002,CLTH_002
2024-06-18,1348.15,18,Home Goods,STORE_002,HOME_001
2024-06-18,480.45,15,Grocery,STORE_002,GROC_002
2024-06-18,677.67,17,Beauty,STORE_002,BEAU_003
2024-06-18,3735.95,33,Electronics,STORE_003,ELEC_001
2024-06-18,869.98,21,Clothing,STORE_003,CLTH_002
2024-06-18,2159.98,27,Home Goods,STORE_003,HOME_002
2024-06-18,613.80,20,Grocery,STORE_003,GROC_003
2024-06-18,610.21,16,Beauty,STORE_003,BEAU_001
2024-06-19,2823.62,27,Electronics,STORE_001,ELEC_001
2024-06-19,1027.36,22,Clothing,STORE_001,CLTH_003
2024-06-19,1181.52,19,Home Goods,STORE_001,HOME_001
2024-06-19,550.25,19,Grocery,STORE_001,GROC_003
2024-06-19,340.13,8,Beauty,STORE_001,BEAU_003
2024-06-19,2270.03,22,Electronics,STORE_002,ELEC_001
2024-06-19,923.12,19,Clothing,STORE_002,CLTH_001
2024-06-19,1776.72,25,Home Goods,STORE_002,HOME_003
2024-06-19,328.85,12,Grocery,STORE_002,GROC_001
2024-06-19,491.88,10,Beauty,STORE_002,BEAU_001
2024-06-19,3604.63,33,Electronics,STORE_003,ELEC_004
2024-06-19,816.89,19,Clothing,STORE_003,CLTH_004
2024-06-19,2086.27,27,Home Goods,STORE_003,HOME_003
2024-06-19,547.21,23,Grocery,STORE_003,GROC_002
2024-06-19,733.41,16,Beauty,STORE_003,BEAU_002
2024-06-20,3111.68,31,Electronics,STORE_001,ELEC_004
2024-06-20,1079.36,25,Clothing,STORE_001,CLTH_001
2024-06-20,1673.94,21,Home Goods,STORE_001,HOME_004
2024-06-20,573.40,19,Grocery,STORE_001,GROC_002
2024-06-20,547.50,16,Beauty,STORE_001,BEAU_002
2024-06-20,1888.98,23,Electronics,STORE_002,ELEC_003
2024-06-20,883.96,22,Clothing,STORE_002,CLTH_004
2024-06-20,1409.45,20,Home Goods,STORE_002,HOME_002
2024-06-20,431.25,16,Grocery,STORE_002,GROC_004
2024-06-20,676.23,16,Beauty,STORE_002,BEAU_001
2024-06-20,3652.34,36,Electronics,STORE_003,ELEC_004
2024-06-20,1049.39,23,Clothing,STORE_003,CLTH_004
2024-06-20,1857.21,32,Home Goods,STORE_003,HOME_003
2024-06-20,994.92,28,Grocery,STORE_003,GROC_001
2024-06-20,769.16,20,Beauty,STORE_003,BEAU_004
2024-06-21,2314.71,27,Electronics,STORE_001,ELEC_004
2024-06-21,748.43,15,Clothing,STORE_001,CLTH_001
2024-06-21,1348.78,22,Home Goods,STORE_001,HOME_003
2024-06-21,545.61,19,Grocery,STORE_001,GROC_003
2024-06-21,686.25,18,Beauty,STORE_001,BEAU_003
2024-06-21,2423.79,23,Electronics,STORE_002,ELEC_004
2024-06-21,1016.78,18,Clothing,STORE_002,CLTH_002
2024-06-21,1117.27,17,Home Goods,STORE_002,HOME_002
2024-06-21,489.12,16,Grocery,STORE_002,GROC_003
2024-06-21,802.08,18,Beauty,STORE_002,BEAU_004
2024-06-21,4471.17,41,Electronics,STORE_003,ELEC_003
2024-06-21,1184.05,21,Clothing,STORE_003,CLTH_002
2024-06-21,2838.32,37,Home Goods,STORE_003,HOME_002
2024-06-21,618.87,19,Grocery,STORE_003,GROC_002
2024-06-21,954.28,20,Beauty,STORE_003,BEAU_001
2024-06-22,2734.17,33,Electronics,STORE_001,ELEC_004
2024-06-22,1429.90,30,Clothing,STORE_001,CLTH_003
2024-06-22,1771.23,27,Home Goods,STORE_001,HOME_004
2024-06-22,765.85,26,Grocery,STORE_001,GROC_002
2024-06-22,990.63,25,Beauty,STORE_001,BEAU_001
2024-06-22,2750.00,26,Electronics,STORE_002,ELEC_001
2024-06-22,1124.09,25,Clothing,STORE_002,CLTH_001
2024-06-22,1040.68,14,Home Goods,STORE_002,HOME_001
2024-06-22,389.50,13,Grocery,STORE_002,GROC_001
2024-06-22,1040.98,21,Beauty,STORE_002,BEAU_002
2024-06-22,3586.02,39,Electronics,STORE_003,ELEC_003
2024-06-22,1352.61,28,Clothing,STORE_003,CLTH_002
2024-06-22,2865.23,41,Home Goods,STORE_003,HOME_002
2024-06-22,604.91,23,Grocery,STORE_003,GROC_002
2024-06-22,772.95,21,Beauty,STORE_003,BEAU_002
2024-06-23,3843.10,40,Electronics,STORE_001,ELEC_002
2024-06-23,926.23,20,Clothing,STORE_001,CLTH_004
2024-06-23,1727.70,25,Home Goods,STORE_001,HOME_003
2024-06-23,808.86,30,Grocery,STORE_001,GROC_003
2024-06-23,794.04,21,Beauty,STORE_001,BEAU_002
2024-06-23,2923.88,29,Electronics,STORE_002,ELEC_001
2024-06-23,918.89,20,Clothing,STORE_002,CLTH_002
2024-06-23,1253.51,19,Home Goods,STORE_002,HOME_004
2024-06-23,223.57,8,Grocery,STORE_002,GROC_003
2024-06-23,760.08,17,Beauty,STORE_002,BEAU_003
2024-06-23,3832.11,42,Electronics,STORE_003,ELEC_004
2024-06-23,1350.54,30,Clothing,STORE_003,CLTH_004
2024-06-23,2230.73,32,Home Goods,STORE_003,HOME_001
2024-06-23,596.94,22,Grocery,STORE_003,GROC_002
2024-06-23,1372.67,30,Beauty,STORE_003,BEAU_003
2024-06-24,3386.21,29,Electronics,STORE_001,ELEC_004
2024-06-24,873.22,21,Clothing,STORE_001,CLTH_003
2024-06-24,991.26,20,Home Goods,STORE_001,HOME_003
2024-06-24,507.44,18,Grocery,STORE_001,GROC_004
2024-06-24,443.25,11,Beauty,STORE_001,BEAU_003
2024-06-24,2917.62,25,Electronics,STORE_002,ELEC_002
2024-06-24,754.72,18,Clothing,STORE_002,CLTH_001
2024-06-24,1524.44,21,Home Goods,STORE_002,HOME_001
2024-06-24,649.50,20,Grocery,STORE_002,GROC_002
2024-06-24,564.18,14,Beauty,STORE_002,BEAU_004
2024-06-24,3472.44,31,Electronics,STORE_003,ELEC_001
2024-06-24,1274.47,31,Clothing,STORE_003,CLTH_004
2024-06-24,1488.97,26,Home Goods,STORE_003,HOME_001
2024-06-24,588.68,24,Grocery,STORE_003,GROC_002
2024-06-24,794.64,18,Beauty,STORE_003,BEAU_001
2024-06-25,2989.45,29,Electronics,STORE_001,ELEC_001
2024-06-25,1123.23,21,Clothing,STORE_001,CLTH_001
2024-06-25,969.20,15,Home Goods,STORE_001,HOME_003
2024-06-25,501.01,16,Grocery,STORE_001,GROC_001
2024-06-25,624.84,19,Beauty,STORE_001,BEAU_003
2024-06-25,2437.25,25,Electronics,STORE_002,ELEC_001
2024-06-25,724.08,15,Clothing,STORE_002,CLTH_003
2024-06-25,1512.98,21,Home Goods,STORE_002,HOME_001
2024-06-25,287.35,12,Grocery,STORE_002,GROC_004
2024-06-25,940.28,20,Beauty,STORE_002,BEAU_002
2024-06-25,3622.69,33,Electronics,STORE_003,ELEC_004
2024-06-25,1312.67,27,Clothing,STORE_003,CLTH_004
2024-06-25,1511.21,28,Home Goods,STORE_003,HOME_002
2024-06-25,557.56,19,Grocery,STORE_003,GROC_002
2024-06-25,1082.82,26,Beauty,STORE_003,BEAU_001
2024-06-26,3521.56,30,Electronics,STORE_001,ELEC_001
2024-06-26,1454.12,23,Clothing,STORE_001,CLTH_002
2024-06-26,2349.51,29,Home Goods,STORE_001,HOME_004
2024-06-26,682.66,22,Grocery,STORE_001,GROC_004
2024-06-26,764.25,19,Beauty,STORE_001,BEAU_001
2024-06-26,1606.76,18,Electronics,STORE_002,ELEC_003
2024-06-26,1108.68,21,Clothing,STORE_002,CLTH_002
2024-06-26,873.28,16,Home Goods,STORE_002,HOME_003
2024-06-26,525.96,16,Grocery,STORE_002,GROC_002
2024-06-26,854.02,20,Beauty,STORE_002,BEAU_004
2024-06-26,3645.85,36,Electronics,STORE_003,ELEC_001
2024-06-26,1089.64,21,Clothing,STORE_003,CLTH_001
2024-06-26,2331.10,30,Home Goods,STORE_003,HOME_002
2024-06-26,547.13,19,Grocery,STORE_003,GROC_002
2024-06-26,948.34,25,Beauty,STORE_003,BEAU_004
2024-06-27,3098.60,34,Electronics,STORE_001,ELEC_004
2024-06-27,944.84,18,Clothing,STORE_001,CLTH_002
2024-06-27,1722.52,24,Home Goods,STORE_001,HOME_002
2024-06-27,348.71,12,Grocery,STORE_001,GROC_004
2024-06-27,880.82,25,Beauty,STORE_001,BEAU_003
2024-06-27,2123.43,18,Electronics,STORE_002,ELEC_002
2024-06-27,1240.74,23,Clothing,STORE_002,CLTH_002
2024-06-27,1501.75,21,Home Goods,STORE_002,HOME_001
2024-06-27,510.31,18,Grocery,STORE_002,GROC_001
2024-06-27,680.00,17,Beauty,STORE_002,BEAU_003
2024-06-27,3094.75,32,Electronics,STORE_003,ELEC_004
2024-06-27,985.22,25,Clothing,STORE_003,CLTH_003
2024-06-27,2499.93,37,Home Goods,STORE_003,HOME_002
2024-06-27,343.13,14,Grocery,STORE_003,GROC_004
2024-06-27,703.77,20,Beauty,STORE_003,BEAU_003
2024-06-28,2968.53,31,Electronics,STORE_001,ELEC_001
2024-06-28,677.30,20,Clothing,STORE_001,CLTH_003
2024-06-28,1267.07,19,Home Goods,STORE_001,HOME_002
2024-06-28,553.89,18,Grocery,STORE_001,GROC_001
2024-06-28,1107.01,24,Beauty,STORE_001,BEAU_003
2024-06-28,2220.09,23,Electronics,STORE_002,ELEC_003
2024-06-28,973.42,22,Clothing,STORE_002,CLTH_004
2024-06-28,1284.09,19,Home Goods,STORE_002,HOME_003
2024-06-28,400.37,13,Grocery,STORE_002,GROC_004
2024-06-28,786.50,18,Beauty,STORE_002,BEAU_004
2024-06-28,3115.13,31,Electronics,STORE_003,ELEC_001
2024-06-28,1083.20,23,Clothing,STORE_003,CLTH_002
2024-06-28,2081.07,27,Home Goods,STORE_003,HOME_001
2024-06-28,525.25,17,Grocery,STORE_003,GROC_001
2024-06-28,1295.22,30,Beauty,STORE_003,BEAU_001
2024-06-29,3861.10,36,Electronics,STORE_001,ELEC_003
2024-06-29,923.88,24,Clothing,STORE_001,CLTH_003
2024-06-29,1708.35,23,Home Goods,STORE_001,HOME_004
2024-06-29,559.19,21,Grocery,STORE_001,GROC_002
2024-06-29,1160.16,28,Beauty,STORE_001,BEAU_004
2024-06-29,2476.11,24,Electronics,STORE_002,ELEC_001
2024-06-29,864.03,17,Clothing,STORE_002,CLTH_001
2024-06-29,1517.05,18,Home Goods,STORE_002,HOME_004
2024-06-29,346.75,16,Grocery,STORE_002,GROC_002
2024-06-29,517.02,13,Beauty,STORE_002,BEAU_002
2024-06-29,3580.26,33,Electronics,STORE_003,ELEC_003
2024-06-29,1133.58,27,Clothing,STORE_003,CLTH_002
2024-06-29,2766.97,39,Home Goods,STORE_003,HOME_003
2024-06-29,648.54,25,Grocery,STORE_003,GROC_003
2024-06-29,1084.44,28,Beauty,STORE_003,BEAU_003
2024-06-30,4327.00,40,Electronics,STORE_001,ELEC_003
2024-06-30,990.08,21,Clothing,STORE_001,CLTH_003
2024-06-30,2377.09,30,Home Goods,STORE_001,HOME_002
2024-06-30,748.43,23,Grocery,STORE_001,GROC_004
2024-06-30,1053.52,22,Beauty,STORE_001,BEAU_003
2024-06-30,3555.26,34,Electronics,STORE_002,ELEC_003
2024-06-30,1201.02,24,Clothing,STORE_002,CLTH_001
2024-06-30,1162.11,18,Home Goods,STORE_002,HOME_002
2024-06-30,589.45,21,Grocery,STORE_002,GROC_001
2024-06-30,731.35,19,Beauty,STORE_002,BEAU_003
2024-06-30,4627.04,43,Electronics,STORE_003,ELEC_001
2024-06-30,1452.63,26,Clothing,STORE_003,CLTH_002
2024-06-30,1896.77,34,Home Goods,STORE_003,HOME_004
2024-06-30,547.54,20,Grocery,STORE_003,GROC_004
2024-06-30,792.73,21,Beauty,STORE_003,BEAU_004
2024-07-01,2222.81,30,Electronics,STORE_001,ELEC_002
2024-07-01,1015.10,20,Clothing,STORE_001,CLTH_003
2024-07-01,1674.98,25,Home Goods,STORE_001,HOME_001
2024-07-01,645.32,22,Grocery,STORE_001,GROC_002
2024-07-01,1101.06,21,Beauty,STORE_001,BEAU_002
2024-07-01,1984.85,21,Electronics,STORE_002,ELEC_003
2024-07-01,714.19,14,Clothing,STORE_002,CLTH_003
2024-07-01,1290.79,19,Home Goods,STORE_002,HOME_002
2024-07-01,408.28,16,Grocery,STORE_002,GROC_002
2024-07-01,563.36,13,Beauty,STORE_002,BEAU_003
2024-07-01,2730.89,29,Electronics,STORE_003,ELEC_001
2024-07-01,729.25,16,Clothing,STORE_003,CLTH_004
2024-07-01,1869.38,25,Home Goods,STORE_003,HOME_001
2024-07-01,505.67,18,Grocery,STORE_003,GROC_003
2024-07-01,653.99,18,Beauty,STORE_003,BEAU_004
2024-07-02,3738.71,34,Electronics,STORE_001,ELEC_001
2024-07-02,956.81,18,Clothing,STORE_001,CLTH_002
2024-07-02,1305.66,19,Home Goods,STORE_001,HOME_004
2024-07-02,407.73,15,Grocery,STORE_001,GROC_002
2024-07-02,767.42,21,Beauty,STORE_001,BEAU_004
2024-07-02,2233.46,22,Electronics,STORE_002,ELEC_003
2024-07-02,907.82,17,Clothing,STORE_002,CLTH_004
2024-07-02,1187.21,18,Home Goods,STORE_002,HOME_001
2024-07-02,327.36,12,Grocery,STORE_002,GROC_004
2024-07-02,833.50,19,Beauty,STORE_002,BEAU_003
2024-07-02,3272.79,34,Electronics,STORE_003,ELEC_004
2024-07-02,1138.20,24,Clothing,STORE_003,CLTH_004
2024-07-02,1369.81,24,Home Goods,STORE_003,HOME_004
2024-07-02,610.59,26,Grocery,STORE_003,GROC_003
2024-07-02,899.19,24,Beauty,STORE_003,BEAU_004
2024-07-03,3501.35,31,Electronics,STORE_001,ELEC_001
2024-07-03,761.24,18,Clothing,STORE_001,CLTH_002
2024-07-03,1587.39,20,Home Goods,STORE_001,HOME_004
2024-07-03,520.11,19,Grocery,STORE_001,GROC_004
2024-07-03,803.20,19,Beauty,STORE_001,BEAU_003
2024-07-03,3320.99,31,Electronics,STORE_002,ELEC_003
2024-07-03,662.16,13,Clothing,STORE_002,CLTH_001
2024-07-03,1202.38,20,Home Goods,STORE_002,HOME_001
2024-07-03,412.03,15,Grocery,STORE_002,GROC_002
2024-07-03,415.21,10,Beauty,STORE_002,BEAU_004
2024-07-03,3238.80,33,Electronics,STORE_003,ELEC_004
2024-07-03,888.07,17,Clothing,STORE_003,CLTH_004
2024-07-03,2434.35,35,Home Goods,STORE_003,HOME_001
2024-07-03,307.76,13,Grocery,STORE_003,GROC_004
2024-07-03,1068.47,28,Beauty,STORE_003,BEAU_003
2024-07-04,2472.35,30,Electronics,STORE_001,ELEC_003
2024-07-04,1061.32,23,Clothing,STORE_001,CLTH_001
2024-07-04,1830.50,25,Home Goods,STORE_001,HOME_003
2024-07-04,893.87,35,Grocery,STORE_001,GROC_002
2024-07-04,812.78,18,Beauty,STORE_001,BEAU_004
2024-07-04,2146.40,23,Electronics,STORE_002,ELEC_002
2024-07-04,563.09,11,Clothing,STORE_002,CLTH_003
2024-07-04,1213.08,21,Home Goods,STORE_002,HOME_001
2024-07-04,532.75,18,Grocery,STORE_002,GROC_003
2024-07-04,717.24,16,Beauty,STORE_002,BEAU_003
2024-07-04,2388.83,29,Electronics,STORE_003,ELEC_004
2024-07-04,871.65,20,Clothing,STORE_003,CLTH_003
2024-07-04,1819.35,27,Home Goods,STORE_003,HOME_003
2024-07-04,554.88,23,Grocery,STORE_003,GROC_004
2024-07-04,921.31,22,Beauty,STORE_003,BEAU_004
2024-07-05,2254.39,26,Electronics,STORE_001,ELEC_001
2024-07-05,1182.98,23,Clothing,STORE_001,CLTH_003
2024-07-05,1441.09,23,Home Goods,STORE_001,HOME_004
2024-07-05,366.18,15,Grocery,STORE_001,GROC_003
2024-07-05,721.16,19,Beauty,STORE_001,BEAU_001
2024-07-05,1180.24,12,Electronics,STORE_002,ELEC_004
2024-07-05,1035.05,19,Clothing,STORE_002,CLTH_001
2024-07-05,1227.52,19,Home Goods,STORE_002,HOME_002
2024-07-05,276.14,10,Grocery,STORE_002,GROC_004
2024-07-05,1017.56,24,Beauty,STORE_002,BEAU_003
2024-07-05,2481.00,31,Electronics,STORE_003,ELEC_001
2024-07-05,1046.21,20,Clothing,STORE_003,CLTH_004
2024-07-05,2202.16,26,Home Goods,STORE_003,HOME_004
2024-07-05,789.28,27,Grocery,STORE_003,GROC_004
2024-07-05,820.42,23,Beauty,STORE_003,BEAU_003
2024-07-06,3399.38,33,Electronics,STORE_001,ELEC_004
2024-07-06,835.32,23,Clothing,STORE_001,CLTH_001
2024-07-06,1235.07,18,Home Goods,STORE_001,HOME_004
2024-07-06,633.58,23,Grocery,STORE_001,GROC_002
2024-07-06,440.28,13,Beauty,STORE_001,BEAU_001
2024-07-06,1977.55,21,Electronics,STORE_002,ELEC_004
2024-07-06,800.65,18,Clothing,STORE_002,CLTH_003
2024-07-06,1844.85,31,Home Goods,STORE_002,HOME_004
2024-07-06,575.78,19,Grocery,STORE_002,GROC_001
2024-07-06,604.03,16,Beauty,STORE_002,BEAU_002
2024-07-06,3990.57,43,Electronics,STORE_003,ELEC_004
2024-07-06,1465.41,35,Clothing,STORE_003,CLTH_003
2024-07-06,2691.87,40,Home Goods,STORE_003,HOME_001
2024-07-06,716.09,32,Grocery,STORE_003,GROC_004
2024-07-06,1134.14,25,Beauty,STORE_003,BEAU_004
2024-07-07,3199.16,33,Electronics,STORE_001,ELEC_001
2024-07-07,1012.07,24,Clothing,STORE_001,CLTH_004
2024-07-07,1748.57,31,Home Goods,STORE_001,HOME_003
2024-07-07,459.16,19,Grocery,STORE_001,GROC_004
2024-07-07,862.31,20,Beauty,STORE_001,BEAU_004
2024-07-07,2725.29,31,Electronics,STORE_002,ELEC_001
2024-07-07,1027.79,22,Clothing,STORE_002,CLTH_003
2024-07-07,1446.22,23,Home Goods,STORE_002,HOME_003
2024-07-07,351.45,16,Grocery,STORE_002,GROC_004
2024-07-07,849.19,23,Beauty,STORE_002,BEAU_003
2024-07-07,3240.10,35,Electronics,STORE_003,ELEC_003
2024-07-07,1475.12,31,Clothing,STORE_003,CLTH_002
2024-07-07,2138.94,31,Home Goods,STORE_003,HOME_003
2024-07-07,561.64,22,Grocery,STORE_003,GROC_004
2024-07-07,1100.87,28,Beauty,STORE_003,BEAU_002
2024-07-08,3084.52,33,Electronics,STORE_001,ELEC_001
2024-07-08,808.66,18,Clothing,STORE_001,CLTH_002
2024-07-08,948.81,17,Home Goods,STORE_001,HOME_004
2024-07-08,291.94,13,Grocery,STORE_001,GROC_003
2024-07-08,764.41,19,Beauty,STORE_001,BEAU_004
2024-07-08,2234.73,27,Electronics,STORE_002,ELEC_002
2024-07-08,821.94,17,Clothing,STORE_002,CLTH_001
2024-07-08,1634.06,23,Home Goods,STORE_002,HOME_002
2024-07-08,329.28,12,Grocery,STORE_002,GROC_002
2024-07-08,722.35,20,Beauty,STORE_002,BEAU_001
2024-07-08,2654.58,30,Electronics,STORE_003,ELEC_002
2024-07-08,1100.55,23,Clothing,STORE_003,CLTH_001
2024-07-08,1943.69,29,Home Goods,STORE_003,HOME_001
2024-07-08,668.37,20,Grocery,STORE_003,GROC_002
2024-07-08,1446.04,31,Beauty,STORE_003,BEAU_002
2024-07-09,3335.97,35,Electronics,STORE_001,ELEC_002
2024-07-09,765.16,20,Clothing,STORE_001,CLTH_002
2024-07-09,1456.02,22,Home Goods,STORE_001,HOME_002
2024-07-09,550.24,22,Grocery,STORE_001,GROC_004
2024-07-09,726.59,16,Beauty,STORE_001,BEAU_001
2024-07-09,2417.46,26,Electronics,STORE_002,ELEC_001
2024-07-09,691.77,14,Clothing,STORE_002,CLTH_002
2024-07-09,1178.77,20,Home Goods,STORE_002,HOME_001
2024-07-09,231.14,9,Grocery,STORE_002,GROC_002
2024-07-09,109.03,3,Beauty,STORE_002,BEAU_003
2024-07-09,2720.43,32,Electronics,STORE_003,ELEC_004
2024-07-09,1290.27,25,Clothing,STORE_003,CLTH_003
2024-07-09,1886.44,27,Home Goods,STORE_003,HOME_003
2024-07-09,608.05,24,Grocery,STORE_003,GROC_002
2024-07-09,820.23,20,Beauty,STORE_003,BEAU_004
2024-07-10,2279.39,23,Electronics,STORE_001,ELEC_001
2024-07-10,1037.36,21,Clothing,STORE_001,CLTH_002
2024-07-10,1840.58,27,Home Goods,STORE_001,HOME_003
2024-07-10,301.00,13,Grocery,STORE_001,GROC_001
2024-07-10,1214.35,25,Beauty,STORE_001,BEAU_003
2024-07-10,2618.55,27,Electronics,STORE_002,ELEC_002
2024-07-10,961.62,25,Clothing,STORE_002,CLTH_004
2024-07-10,1580.49,20,Home Goods,STORE_002,HOME_003
2024-07-10,328.22,11,Grocery,STORE_002,GROC_003
2024-07-10,623.46,17,Beauty,STORE_002,BEAU_003
2024-07-10,4472.46,39,Electronics,STORE_003,ELEC_004
2024-07-10,1402.07,28,Clothing,STORE_003,CLTH_001
2024-07-10,1341.97,18,Home Goods,STORE_003,HOME_003
2024-07-10,465.16,18,Grocery,STORE_003,GROC_002
2024-07-10,845.89,22,Beauty,STORE_003,BEAU_004
2024-07-11,2490.34,31,Electronics,STORE_001,ELEC_002
2024-07-11,1115.75,22,Clothing,STORE_001,CLTH_001
2024-07-11,2154.17,29,Home Goods,STORE_001,HOME_004
2024-07-11,295.43,14,Grocery,STORE_001,GROC_004
2024-07-11,927.27,19,Beauty,STORE_001,BEAU_004
2024-07-11,2003.09,23,Electronics,STORE_002,ELEC_001
2024-07-11,567.34,14,Clothing,STORE_002,CLTH_003
2024-07-11,1442.06,21,Home Goods,STORE_002,HOME_001
2024-07-11,357.34,17,Grocery,STORE_002,GROC_004
2024-07-11,504.61,13,Beauty,STORE_002,BEAU_001
2024-07-11,2496.39,28,Electronics,STORE_003,ELEC_003
2024-07-11,1025.81,22,Clothing,STORE_003,CLTH_001
2024-07-11,2082.92,32,Home Goods,STORE_003,HOME_003
2024-07-11,393.32,13,Grocery,STORE_003,GROC_002
2024-07-11,938.22,21,Beauty,STORE_003,BEAU_004
2024-07-12,3229.45,29,Electronics,STORE_001,ELEC_001
2024-07-12,924.99,17,Clothing,STORE_001,CLTH_004
2024-07-12,1780.72,25,Home Goods,STORE_001,HOME_003
2024-07-12,615.78,25,Grocery,STORE_001,GROC_001
2024-07-12,791.92,23,Beauty,STORE_001,BEAU_003
2024-07-12,1242.61,14,Electronics,STORE_002,ELEC_001
2024-07-12,498.95,12,Clothing,STORE_002,CLTH_001
2024-07-12,1004.97,19,Home Goods,STORE_002,HOME_002
2024-07-12,403.91,15,Grocery,STORE_002,GROC_004
2024-07-12,527.03,14,Beauty,STORE_002,BEAU_002
2024-07-12,3072.89,32,Electronics,STORE_003,ELEC_004
2024-07-12,1602.74,32,Clothing,STORE_003,CLTH_003
2024-07-12,2243.39,28,Home Goods,STORE_003,HOME_004
2024-07-12,384.82,14,Grocery,STORE_003,GROC_003
2024-07-12,1185.95,29,Beauty,STORE_003,BEAU_003
2024-07-13,3424.15,35,Electronics,STORE_001,ELEC_002
2024-07-13,1122.82,26,Clothing,STORE_001,CLTH_001
2024-07-13,1804.18,26,Home Goods,STORE_001,HOME_001
2024-07-13,806.18,22,Grocery,STORE_001,GROC_003
2024-07-13,959.14,25,Beauty,STORE_001,BEAU_002
2024-07-13,3693.74,30,Electronics,STORE_002,ELEC_004
2024-07-13,684.77,14,Clothing,STORE_002,CLTH_001
2024-07-13,1196.25,19,Home Goods,STORE_002,HOME_004
2024-07-13,402.11,14,Grocery,STORE_002,GROC_004
2024-07-13,737.65,17,Beauty,STORE_002,BEAU_001
2024-07-13,3906.38,41,Electronics,STORE_003,ELEC_004
2024-07-13,1484.36,28,Clothing,STORE_003,CLTH_002
2024-07-13,1866.82,28,Home Goods,STORE_003,HOME_003
2024-07-13,585.91,23,Grocery,STORE_003,GROC_004
2024-07-13,1018.69,21,Beauty,STORE_003,BEAU_001
2024-07-14,3359.55,31,Electronics,STORE_001,ELEC_003
2024-07-14,1307.58,25,Clothing,STORE_001,CLTH_004
2024-07-14,2097.39,27,Home Goods,STORE_001,HOME_003
2024-07-14,507.25,18,Grocery,STORE_001,GROC_002
2024-07-14,1297.27,27,Beauty,STORE_001,BEAU_001
2024-07-14,2583.59,25,Electronics,STORE_002,ELEC_003
2024-07-14,875.30,22,Clothing,STORE_002,CLTH_002
2024-07-14,1257.40,17,Home Goods,STORE_002,HOME_002
2024-07-14,427.26,15,Grocery,STORE_002,GROC_002
2024-07-14,727.76,18,Beauty,STORE_002,BEAU_003
2024-07-14,4666.01,41,Electronics,STORE_003,ELEC_004
2024-07-14,1412.90,32,Clothing,STORE_003,CLTH_004
2024-07-14,2149.89,30,Home Goods,STORE_003,HOME_002
2024-07-14,1069.24,33,Grocery,STORE_003,GROC_002
2024-07-14,1141.27,29,Beauty,STORE_003,BEAU_004
2024-07-15,3113.92,34,Electronics,STORE_001,ELEC_002
2024-07-15,1097.57,20,Clothing,STORE_001,CLTH_003
2024-07-15,1954.46,29,Home Goods,STORE_001,HOME_003
2024-07-15,579.82,19,Grocery,STORE_001,GROC_002
2024-07-15,840.47,19,Beauty,STORE_001,BEAU_002
2024-07-15,2613.47,26,Electronics,STORE_002,ELEC_001
2024-07-15,636.90,12,Clothing,STORE_002,CLTH_003
2024-07-15,931.10,15,Home Goods,STORE_002,HOME_003
2024-07-15,326.82,12,Grocery,STORE_002,GROC_004
2024-07-15,259.75,8,Beauty,STORE_002,BEAU_004
2024-07-15,3944.08,40,Electronics,STORE_003,ELEC_002
2024-07-15,1074.73,22,Clothing,STORE_003,CLTH_004
2024-07-15,2131.72,30,Home Goods,STORE_003,HOME_004
2024-07-15,308.99,12,Grocery,STORE_003,GROC_004
2024-07-15,773.58,20,Beauty,STORE_003,BEAU_003
2024-07-16,3551.80,36,Electronics,STORE_001,ELEC_003
2024-07-16,859.84,16,Clothing,STORE_001,CLTH_003
2024-07-16,1106.31,19,Home Goods,STORE_001,HOME_001
2024-07-16,478.45,20,Grocery,STORE_001,GROC_003
2024-07-16,583.14,11,Beauty,STORE_001,BEAU_002
2024-07-16,3026.10,28,Electronics,STORE_002,ELEC_001
2024-07-16,762.18,19,Clothing,STORE_002,CLTH_004
2024-07-16,1961.20,30,Home Goods,STORE_002,HOME_001
2024-07-16,628.53,20,Grocery,STORE_002,GROC_002
2024-07-16,660.86,17,Beauty,STORE_002,BEAU_001
2024-07-16,2963.33,33,Electronics,STORE_003,ELEC_001
2024-07-16,674.95,19,Clothing,STORE_003,CLTH_002
2024-07-16,1527.07,30,Home Goods,STORE_003,HOME_002
2024-07-16,605.96,23,Grocery,STORE_003,GROC_002
2024-07-16,1187.43,30,Beauty,STORE_003,BEAU_004
2024-07-17,3462.26,27,Electronics,STORE_001,ELEC_004
2024-07-17,932.61,19,Clothing,STORE_001,CLTH_004
2024-07-17,1625.73,27,Home Goods,STORE_001,HOME_003
2024-07-17,443.10,15,Grocery,STORE_001,GROC_001
2024-07-17,830.57,17,Beauty,STORE_001,BEAU_002
2024-07-17,2059.49,22,Electronics,STORE_002,ELEC_002
2024-07-17,733.73,15,Clothing,STORE_002,CLTH_004
2024-07-17,1294.88,18,Home Goods,STORE_002,HOME_003
2024-07-17,384.48,14,Grocery,STORE_002,GROC_002
2024-07-17,677.24,19,Beauty,STORE_002,BEAU_001
2024-07-17,3741.43,35,Electronics,STORE_003,ELEC_004
2024-07-17,1158.14,20,Clothing,STORE_003,CLTH_004
2024-07-17,2229.14,35,Home Goods,STORE_003,HOME_003
2024-07-17,662.57,22,Grocery,STORE_003,GROC_003
2024-07-17,1022.79,27,Beauty,STORE_003,BEAU_002
2024-07-18,2081.55,23,Electronics,STORE_001,ELEC_002
2024-07-18,988.69,21,Clothing,STORE_001,CLTH_003
2024-07-18,1461.77,24,Home Goods,STORE_001,HOME_004
2024-07-18,518.75,20,Grocery,STORE_001,GROC_003
2024-07-18,593.80,16,Beauty,STORE_001,BEAU_003
2024-07-18,2446.68,25,Electronics,STORE_002,ELEC_003
2024-07-18,716.83,14,Clothing,STORE_002,CLTH_004
2024-07-18,1696.32,25,Home Goods,STORE_002,HOME_003
2024-07-18,187.97,9,Grocery,STORE_002,GROC_004
2024-07-18,726.09,17,Beauty,STORE_002,BEAU_004
2024-07-18,2674.53,30,Electronics,STORE_003,ELEC_001
2024-07-18,1085.94,20,Clothing,STORE_003,CLTH_002
2024-07-18,1625.79,26,Home Goods,STORE_003,HOME_004
2024-07-18,455.05,23,Grocery,STORE_003,GROC_004
2024-07-18,816.83,21,Beauty,STORE_003,BEAU_004
2024-07-19,4324.28,39,Electronics,STORE_001,ELEC_002
2024-07-19,1000.04,26,Clothing,STORE_001,CLTH_001
2024-07-19,1228.29,20,Home Goods,STORE_001,HOME_003
2024-07-19,653.03,25,Grocery,STORE_001,GROC_003
2024-07-19,606.96,17,Beauty,STORE_001,BEAU_004
2024-07-19,1777.04,22,Electronics,STORE_002,ELEC_003
2024-07-19,800.57,21,Clothing,STORE_002,CLTH_002
2024-07-19,1589.60,24,Home Goods,STORE_002,HOME_002
2024-07-19,262.12,11,Grocery,STORE_002,GROC_001
2024-07-19,718.79,15,Beauty,STORE_002,BEAU_004
2024-07-19,3483.42,30,Electronics,STORE_003,ELEC_004
2024-07-19,944.52,20,Clothing,STORE_003,CLTH_002
2024-07-19,1726.96,33,Home Goods,STORE_003,HOME_003
2024-07-19,436.43,17,Grocery,STORE_003,GROC_002
2024-07-19,1313.13,28,Beauty,STORE_003,BEAU_002
2024-07-20,3315.40,32,Electronics,STORE_001,ELEC_003
2024-07-20,1012.50,17,Clothing,STORE_001,CLTH_003
2024-07-20,1571.77,34,Home Goods,STORE_001,HOME_003
2024-07-20,697.21,24,Grocery,STORE_001,GROC_003
2024-07-20,1016.27,24,Beauty,STORE_001,BEAU_003
2024-07-20,2683.17,28,Electronics,STORE_002,ELEC_002
2024-07-20,887.05,17,Clothing,STORE_002,CLTH_001
2024-07-20,1340.72,25,Home Goods,STORE_002,HOME_004
2024-07-20,418.95,14,Grocery,STORE_002,GROC_004
2024-07-20,474.43,12,Beauty,STORE_002,BEAU_004
2024-07-20,3602.06,40,Electronics,STORE_003,ELEC_003
2024-07-20,1223.44,23,Clothing,STORE_003,CLTH_003
2024-07-20,2504.08,38,Home Goods,STORE_003,HOME_001
2024-07-20,682.45,25,Grocery,STORE_003,GROC_002
2024-07-20,1214.08,32,Beauty,STORE_003,BEAU_004
2024-07-21,2533.78,33,Electronics,STORE_001,ELEC_002
2024-07-21,849.19,20,Clothing,STORE_001,CLTH_002
2024-07-21,1526.57,24,Home Goods,STORE_001,HOME_001
2024-07-21,552.02,19,Grocery,STORE_001,GROC_002
2024-07-21,965.72,26,Beauty,STORE_001,BEAU_001
2024-07-21,2965.56,27,Electronics,STORE_002,ELEC_003
2024-07-21,1127.58,26,Clothing,STORE_002,CLTH_003
2024-07-21,1207.32,18,Home Goods,STORE_002,HOME_002
2024-07-21,404.39,14,Grocery,STORE_002,GROC_004
2024-07-21,952.76,21,Beauty,STORE_002,BEAU_004
2024-07-21,4243.28,48,Electronics,STORE_003,ELEC_003
2024-07-21,1396.52,31,Clothing,STORE_003,CLTH_001
2024-07-21,1671.42,27,Home Goods,STORE_003,HOME_001
2024-07-21,524.80,20,Grocery,STORE_003,GROC_002
2024-07-21,1021.74,26,Beauty,STORE_003,BEAU_004
2024-07-22,2752.60,31,Electronics,STORE_001,ELEC_004
2024-07-22,1190.09,23,Clothing,STORE_001,CLTH_004
2024-07-22,1655.14,26,Home Goods,STORE_001,HOME_004
2024-07-22,413.96,16,Grocery,STORE_001,GROC_002
2024-07-22,981.05,24,Beauty,STORE_001,BEAU_001
2024-07-22,2822.34,29,Electronics,STORE_002,ELEC_003
2024-07-22,743.17,16,Clothing,STORE_002,CLTH_003
2024-07-22,1720.29,23,Home Goods,STORE_002,HOME_001
2024-07-22,376.83,15,Grocery,STORE_002,GROC_003
2024-07-22,347.05,12,Beauty,STORE_002,BEAU_002
2024-07-22,2928.27,32,Electronics,STORE_003,ELEC_001
2024-07-22,692.86,17,Clothing,STORE_003,CLTH_003
2024-07-22,1080.23,20,Home Goods,STORE_003,HOME_002
2024-07-22,447.18,21,Grocery,STORE_003,GROC_004
2024-07-22,757.86,20,Beauty,STORE_003,BEAU_001
2024-07-23,3270.25,34,Electronics,STORE_001,ELEC_003
2024-07-23,781.03,19,Clothing,STORE_001,CLTH_001
2024-07-23,1749.12,32,Home Goods,STORE_001,HOME_003
2024-07-23,420.81,15,Grocery,STORE_001,GROC_004
2024-07-23,721.56,17,Beauty,STORE_001,BEAU_001
2024-07-23,2842.39,31,Electronics,STORE_002,ELEC_002
2024-07-23,1071.41,24,Clothing,STORE_002,CLTH_001
2024-07-23,693.26,11,Home Goods,STORE_002,HOME_001
2024-07-23,435.16,18,Grocery,STORE_002,GROC_003
2024-07-23,448.59,11,Beauty,STORE_002,BEAU_002
2024-07-23,3189.64,33,Electronics,STORE_003,ELEC_002
2024-07-23,1248.76,26,Clothing,STORE_003,CLTH_004
2024-07-23,1729.34,25,Home Goods,STORE_003,HOME_004
2024-07-23,486.54,19,Grocery,STORE_003,GROC_001
2024-07-23,938.53,20,Beauty,STORE_003,BEAU_001
2024-07-24,2165.13,26,Electronics,STORE_001,ELEC_003
2024-07-24,1020.63,24,Clothing,STORE_001,CLTH_001
2024-07-24,1593.05,28,Home Goods,STORE_001,HOME_004
2024-07-24,302.29,11,Grocery,STORE_001,GROC_002
2024-07-24,866.66,20,Beauty,STORE_001,BEAU_004
2024-07-24,2552.14,26,Electronics,STORE_002,ELEC_003
2024-07-24,1111.11,22,Clothing,STORE_002,CLTH_001
2024-07-24,1276.00,20,Home Goods,STORE_002,HOME_001
2024-07-24,665.28,21,Grocery,STORE_002,GROC_003
2024-07-24,455.86,10,Beauty,STORE_002,BEAU_002
2024-07-24,2977.03,35,Electronics,STORE_003,ELEC_002
2024-07-24,903.15,21,Clothing,STORE_003,CLTH_004
2024-07-24,1644.33,26,Home Goods,STORE_003,HOME_003
2024-07-24,428.14,14,Grocery,STORE_003,GROC_004
2024-07-24,970.06,29,Beauty,STORE_003,BEAU_003
2024-07-25,3752.14,36,Electronics,STORE_001,ELEC_004
2024-07-25,1083.54,25,Clothing,STORE_001,CLTH_001
2024-07-25,1965.16,28,Home Goods,STORE_001,HOME_004
2024-07-25,604.85,22,Grocery,STORE_001,GROC_004
2024-07-25,865.46,20,Beauty,STORE_001,BEAU_003
2024-07-25,1311.00,16,Electronics,STORE_002,ELEC_001
2024-07-25,703.84,16,Clothing,STORE_002,CLTH_002
2024-07-25,1241.53,20,Home Goods,STORE_002,HOME_001
2024-07-25,390.71,14,Grocery,STORE_002,GROC_001
2024-07-25,549.67,16,Beauty,STORE_002,BEAU_001
2024-07-25,2871.04,35,Electronics,STORE_003,ELEC_002
2024-07-25,1145.56,24,Clothing,STORE_003,CLTH_002
2024-07-25,1633.58,26,Home Goods,STORE_003,HOME_002
2024-07-25,470.41,17,Grocery,STORE_003,GROC_002
2024-07-25,903.21,23,Beauty,STORE_003,BEAU_002
2024-07-26,2604.26,26,Electronics,STORE_001,ELEC_004
2024-07-26,832.74,18,Clothing,STORE_001,CLTH_003
2024-07-26,1403.19,23,Home Goods,STORE_001,HOME_001
2024-07-26,454.53,16,Grocery,STORE_001,GROC_002
2024-07-26,829.60,21,Beauty,STORE_001,BEAU_002
2024-07-26,2277.02,27,Electronics,STORE_002,ELEC_001
2024-07-26,834.29,19,Clothing,STORE_002,CLTH_001
2024-07-26,1476.53,25,Home Goods,STORE_002,HOME_004
2024-07-26,505.30,19,Grocery,STORE_002,GROC_004
2024-07-26,528.34,13,Beauty,STORE_002,BEAU_004
2024-07-26,2776.54,34,Electronics,STORE_003,ELEC_002
2024-07-26,1530.49,28,Clothing,STORE_003,CLTH_002
2024-07-26,2343.07,37,Home Goods,STORE_003,HOME_003
2024-07-26,493.42,17,Grocery,STORE_003,GROC_001
2024-07-26,936.56,23,Beauty,STORE_003,BEAU_002
2024-07-27,3828.30,36,Electronics,STORE_001,ELEC_003
2024-07-27,912.25,21,Clothing,STORE_001,CLTH_004
2024-07-27,1850.56,25,Home Goods,STORE_001,HOME_003
2024-07-27,637.79,23,Grocery,STORE_001,GROC_002
2024-07-27,1067.91,28,Beauty,STORE_001,BEAU_002
2024-07-27,1929.91,25,Electronics,STORE_002,ELEC_004
2024-07-27,756.88,17,Clothing,STORE_002,CLTH_004
2024-07-27,1787.91,26,Home Goods,STORE_002,HOME_004
2024-07-27,482.38,19,Grocery,STORE_002,GROC_004
2024-07-27,694.44,17,Beauty,STORE_002,BEAU_004
2024-07-27,3917.09,44,Electronics,STORE_003,ELEC_004
2024-07-27,1097.66,28,Clothing,STORE_003,CLTH_002
2024-07-27,2341.37,35,Home Goods,STORE_003,HOME_002
2024-07-27,847.51,30,Grocery,STORE_003,GROC_004
2024-07-27,794.44,23,Beauty,STORE_003,BEAU_001
2024-07-28,3270.72,35,Electronics,STORE_001,ELEC_001
2024-07-28,1231.71,25,Clothing,STORE_001,CLTH_003
2024-07-28,2048.89,36,Home Goods,STORE_001,HOME_003
2024-07-28,368.44,14,Grocery,STORE_001,GROC_004
2024-07-28,946.84,24,Beauty,STORE_001,BEAU_002
2024-07-28,3300.73,35,Electronics,STORE_002,ELEC_004
2024-07-28,922.11,22,Clothing,STORE_002,CLTH_004
2024-07-28,1887.84,29,Home Goods,STORE_002,HOME_002
2024-07-28,580.27,20,Grocery,STORE_002,GROC_001
2024-07-28,349.19,11,Beauty,STORE_002,BEAU_004
2024-07-28,3382.53,35,Electronics,STORE_003,ELEC_003
2024-07-28,1130.24,28,Clothing,STORE_003,CLTH_002
2024-07-28,2128.77,34,Home Goods,STORE_003,HOME_003
2024-07-28,646.68,25,Grocery,STORE_003,GROC_003
2024-07-28,1501.57,30,Beauty,STORE_003,BEAU_002
2024-07-29,2848.03,33,Electronics,STORE_001,ELEC_002
2024-07-29,508.45,11,Clothing,STORE_001,CLTH_001
2024-07-29,1958.23,32,Home Goods,STORE_001,HOME_004
2024-07-29,507.90,18,Grocery,STORE_001,GROC_003
2024-07-29,416.54,10,Beauty,STORE_001,BEAU_001
2024-07-29,2850.48,25,Electronics,STORE_002,ELEC_003
2024-07-29,1087.54,23,Clothing,STORE_002,CLTH_003
2024-07-29,949.47,15,Home Goods,STORE_002,HOME_001
2024-07-29,290.51,13,Grocery,STORE_002,GROC_001
2024-07-29,800.93,21,Beauty,STORE_002,BEAU_004
2024-07-29,2976.88,33,Electronics,STORE_003,ELEC_003
2024-07-29,755.58,17,Clothing,STORE_003,CLTH_004
2024-07-29,1431.78,27,Home Goods,STORE_003,HOME_003
2024-07-29,526.53,20,Grocery,STORE_003,GROC_004
2024-07-29,989.50,28,Beauty,STORE_003,BEAU_003
2024-07-30,2901.42,30,Electronics,STORE_001,ELEC_001
2024-07-30,1254.26,24,Clothing,STORE_001,CLTH_001
2024-07-30,855.03,16,Home Goods,STORE_001,HOME_001
2024-07-30,506.87,20,Grocery,STORE_001,GROC_003
2024-07-30,841.99,24,Beauty,STORE_001,BEAU_004
2024-07-30,2315.81,23,Electronics,STORE_002,ELEC_001
2024-07-30,1225.36,23,Clothing,STORE_002,CLTH_001
2024-07-30,1640.69,26,Home Goods,STORE_002,HOME_001
2024-07-30,382.25,15,Grocery,STORE_002,GROC_001
2024-07-30,565.59,13,Beauty,STORE_002,BEAU_002
2024-07-30,2795.21,34,Electronics,STORE_003,ELEC_002
2024-07-30,1117.18,20,Clothing,STORE_003,CLTH_001
2024-07-30,2370.32,33,Home Goods,STORE_003,HOME_003
2024-07-30,430.61,18,Grocery,STORE_003,GROC_002
2024-07-30,882.59,24,Beauty,STORE_003,BEAU_003
2024-07-31,2025.60,26,Electronics,STORE_001,ELEC_004
2024-07-31,874.98,18,Clothing,STORE_001,CLTH_003
2024-07-31,1145.14,23,Home Goods,STORE_001,HOME_003
2024-07-31,214.84,8,Grocery,STORE_001,GROC_003
2024-07-31,868.44,22,Beauty,STORE_001,BEAU_001
2024-07-31,1969.21,18,Electronics,STORE_002,ELEC_004
2024-07-31,1148.34,23,Clothing,STORE_002,CLTH_004
2024-07-31,1191.62,22,Home Goods,STORE_002,HOME_003
2024-07-31,189.76,8,Grocery,STORE_002,GROC_001
2024-07-31,738.55,19,Beauty,STORE_002,BEAU_004
2024-07-31,3527.16,29,Electronics,STORE_003,ELEC_004
2024-07-31,1177.72,29,Clothing,STORE_003,CLTH_001
2024-07-31,1899.32,25,Home Goods,STORE_003,HOME_004
2024-07-31,452.37,18,Grocery,STORE_003,GROC_004
2024-07-31,900.68,22,Beauty,STORE_003,BEAU_004
2024-08-01,2921.26,32,Electronics,STORE_001,ELEC_002
2024-08-01,1365.22,26,Clothing,STORE_001,CLTH_002
2024-08-01,1655.24,24,Home Goods,STORE_001,HOME_004
2024-08-01,389.54,14,Grocery,STORE_001,GROC_001
2024-08-01,514.46,12,Beauty,STORE_001,BEAU_003
2024-08-01,1650.50,15,Electronics,STORE_002,ELEC_004
2024-08-01,1184.03,26,Clothing,STORE_002,CLTH_001
2024-08-01,1067.53,18,Home Goods,STORE_002,HOME_003
2024-08-01,416.18,17,Grocery,STORE_002,GROC_004
2024-08-01,760.93,21,Beauty,STORE_002,BEAU_001
2024-08-01,2890.94,37,Electronics,STORE_003,ELEC_004
2024-08-01,1043.32,22,Clothing,STORE_003,CLTH_003
2024-08-01,1813.96,26,Home Goods,STORE_003,HOME_004
2024-08-01,575.58,20,Grocery,STORE_003,GROC_004
2024-08-01,418.79,14,Beauty,STORE_003,BEAU_003
2024-08-02,2313.26,30,Electronics,STORE_001,ELEC_004
2024-08-02,882.84,19,Clothing,STORE_001,CLTH_002
2024-08-02,1255.39,22,Home Goods,STORE_001,HOME_002
2024-08-02,363.86,14,Grocery,STORE_001,GROC_004
2024-08-02,648.89,17,Beauty,STORE_001,BEAU_001
2024-08-02,1990.37,28,Electronics,STORE_002,ELEC_004
2024-08-02,977.14,20,Clothing,STORE_002,CLTH_003
2024-08-02,1628.31,26,Home Goods,STORE_002,HOME_002
2024-08-02,374.17,14,Grocery,STORE_002,GROC_004
2024-08-02,701.89,22,Beauty,STORE_002,BEAU_004
2024-08-02,2965.19,31,Electronics,STORE_003,ELEC_003
2024-08-02,1065.85,22,Clothing,STORE_003,CLTH_002
2024-08-02,1924.32,28,Home Goods,STORE_003,HOME_001
2024-08-02,473.16,17,Grocery,STORE_003,GROC_003
2024-08-02,890.54,22,Beauty,STORE_003,BEAU_001
2024-08-03,3590.33,35,Electronics,STORE_001,ELEC_004
2024-08-03,968.95,20,Clothing,STORE_001,CLTH_002
2024-08-03,2174.87,32,Home Goods,STORE_001,HOME_003
2024-08-03,610.84,22,Grocery,STORE_001,GROC_003
2024-08-03,1111.98,28,Beauty,STORE_001,BEAU_003
2024-08-03,2110.45,25,Electronics,STORE_002,ELEC_003
2024-08-03,988.58,26,Clothing,STORE_002,CLTH_001
2024-08-03,1723.37,25,Home Goods,STORE_002,HOME_004
2024-08-03,223.39,10,Grocery,STORE_002,GROC_003
2024-08-03,469.70,17,Beauty,STORE_002,BEAU_001
2024-08-03,4264.22,41,Electronics,STORE_003,ELEC_002
2024-08-03,1471.04,32,Clothing,STORE_003,CLTH_002
2024-08-03,1920.06,34,Home Goods,STORE_003,HOME_003
2024-08-03,438.61,18,Grocery,STORE_003,GROC_001
2024-08-03,1029.12,28,Beauty,STORE_003,BEAU_001
2024-08-04,2685.04,35,Electronics,STORE_001,ELEC_001
2024-08-04,1406.85,26,Clothing,STORE_001,CLTH_001
2024-08-04,1700.36,27,Home Goods,STORE_001,HOME_002
2024-08-04,238.86,10,Grocery,STORE_001,GROC_002
2024-08-04,1001.52,29,Beauty,STORE_001,BEAU_004
2024-08-04,2564.67,29,Electronics,STORE_002,ELEC_004
2024-08-04,1170.86,21,Clothing,STORE_002,CLTH_001
2024-08-04,1203.95,23,Home Goods,STORE_002,HOME_003
2024-08-04,533.73,17,Grocery,STORE_002,GROC_004
2024-08-04,618.29,15,Beauty,STORE_002,BEAU_003
2024-08-04,3772.24,42,Electronics,STORE_003,ELEC_004
2024-08-04,1185.12,26,Clothing,STORE_003,CLTH_003
2024-08-04,2064.79,29,Home Goods,STORE_003,HOME_003
2024-08-04,593.27,22,Grocery,STORE_003,GROC_004
2024-08-04,1016.32,29,Beauty,STORE_003,BEAU_004
2024-08-05,2330.01,27,Electronics,STORE_001,ELEC_003
2024-08-05,849.96,20,Clothing,STORE_001,CLTH_003
2024-08-05,1266.19,20,Home Goods,STORE_001,HOME_003
2024-08-05,436.11,17,Grocery,STORE_001,GROC_001
2024-08-05,794.90,23,Beauty,STORE_001,BEAU_004
2024-08-05,1743.00,22,Electronics,STORE_002,ELEC_004
2024-08-05,698.83,17,Clothing,STORE_002,CLTH_003
2024-08-05,1352.27,21,Home Goods,STORE_002,HOME_002
2024-08-05,341.67,14,Grocery,STORE_002,GROC_001
2024-08-05,553.95,14,Beauty,STORE_002,BEAU_001
2024-08-05,3091.57,34,Electronics,STORE_003,ELEC_001
2024-08-05,972.90,24,Clothing,STORE_003,CLTH_004
2024-08-05,1789.02,34,Home Goods,STORE_003,HOME_003
2024-08-05,762.26,23,Grocery,STORE_003,GROC_003
2024-08-05,808.83,18,Beauty,STORE_003,BEAU_002
2024-08-06,2902.81,36,Electronics,STORE_001,ELEC_001
2024-08-06,866.42,22,Clothing,STORE_001,CLTH_002
2024-08-06,1393.95,23,Home Goods,STORE_001,HOME_003
2024-08-06,477.84,17,Grocery,STORE_001,GROC_002
2024-08-06,935.12,23,Beauty,STORE_001,BEAU_004
2024-08-06,1756.01,20,Electronics,STORE_002,ELEC_001
2024-08-06,1040.28,25,Clothing,STORE_002,CLTH_001
2024-08-06,795.68,13,Home Goods,STORE_002,HOME_002
2024-08-06,383.12,16,Grocery,STORE_002,GROC_003
2024-08-06,341.12,9,Beauty,STORE_002,BEAU_001
2024-08-06,2595.21,29,Electronics,STORE_003,ELEC_004
2024-08-06,827.38,18,Clothing,STORE_003,CLTH_001
2024-08-06,1614.08,24,Home Goods,STORE_003,HOME_003
2024-08-06,568.59,25,Grocery,STORE_003,GROC_003
2024-08-06,812.35,22,Beauty,STORE_003,BEAU_003
2024-08-07,3346.48,33,Electronics,STORE_001,ELEC_004
2024-08-07,812.53,23,Clothing,STORE_001,CLTH_002
2024-08-07,1519.45,24,Home Goods,STORE_001,HOME_003
2024-08-07,436.47,19,Grocery,STORE_001,GROC_003
2024-08-07,849.64,22,Beauty,STORE_001,BEAU_002
2024-08-07,1745.72,20,Electronics,STORE_002,ELEC_002
2024-08-07,749.93,15,Clothing,STORE_002,CLTH_002
2024-08-07,1585.94,23,Home Goods,STORE_002,HOME_004
2024-08-07,384.49,17,Grocery,STORE_002,GROC_001
2024-08-07,789.80,21,Beauty,STORE_002,BEAU_003
2024-08-07,3128.28,37,Electronics,STORE_003,ELEC_003
2024-08-07,834.86,20,Clothing,STORE_003,CLTH_003
2024-08-07,1356.04,25,Home Goods,STORE_003,HOME_003
2024-08-07,639.07,21,Grocery,STORE_003,GROC_001
2024-08-07,833.44,27,Beauty,STORE_003,BEAU_002
2024-08-08,1775.44,20,Electronics,STORE_001,ELEC_001
2024-08-08,784.41,17,Clothing,STORE_001,CLTH_004
2024-08-08,1683.92,26,Home Goods,STORE_001,HOME_001
2024-08-08,515.73,17,Grocery,STORE_001,GROC_002
2024-08-08,1041.04,23,Beauty,STORE_001,BEAU_001
2024-08-08,3025.49,30,Electronics,STORE_002,ELEC_004
2024-08-08,627.02,15,Clothing,STORE_002,CLTH_003
2024-08-08,1159.23,22,Home Goods,STORE_002,HOME_004
2024-08-08,436.61,18,Grocery,STORE_002,GROC_004
2024-08-08,680.38,18,Beauty,STORE_002,BEAU_004
2024-08-08,3253.29,30,Electronics,STORE_003,ELEC_001
2024-08-08,864.57,18,Clothing,STORE_003,CLTH_004
2024-08-08,1667.52,28,Home Goods,STORE_003,HOME_004
2024-08-08,481.19,22,Grocery,STORE_003,GROC_002
2024-08-08,643.38,16,Beauty,STORE_003,BEAU_001
2024-08-09,3855.50,41,Electronics,STORE_001,ELEC_001
2024-08-09,1054.04,21,Clothing,STORE_001,CLTH_004
2024-08-09,1541.07,24,Home Goods,STORE_001,HOME_001
2024-08-09,248.17,11,Grocery,STORE_001,GROC_002
2024-08-09,992.91,25,Beauty,STORE_001,BEAU_001
2024-08-09,2563.87,26,Electronics,STORE_002,ELEC_004
2024-08-09,669.92,16,Clothing,STORE_002,CLTH_003
2024-08-09,1600.84,21,Home Goods,STORE_002,HOME_001
2024-08-09,349.42,14,Grocery,STORE_002,GROC_002
2024-08-09,691.67,17,Beauty,STORE_002,BEAU_002
2024-08-09,2528.26,32,Electronics,STORE_003,ELEC_004
2024-08-09,1175.60,26,Clothing,STORE_003,CLTH_001
2024-08-09,1059.80,18,Home Goods,STORE_003,HOME_001
2024-08-09,619.66,25,Grocery,STORE_003,GROC_004
2024-08-09,644.40,17,Beauty,STORE_003,BEAU_001
2024-08-10,2865.49,31,Electronics,STORE_001,ELEC_004
2024-08-10,1023.48,25,Clothing,STORE_001,CLTH_003
2024-08-10,2024.33,35,Home Goods,STORE_001,HOME_002
2024-08-10,472.26,21,Grocery,STORE_001,GROC_002
2024-08-10,741.08,18,Beauty,STORE_001,BEAU_003
2024-08-10,2511.15,27,Electronics,STORE_002,ELEC_004
2024-08-10,963.23,21,Clothing,STORE_002,CLTH_002
2024-08-10,1334.36,22,Home Goods,STORE_002,HOME_001
2024-08-10,417.59,16,Grocery,STORE_002,GROC_003
2024-08-10,630.08,17,Beauty,STORE_002,BEAU_002
2024-08-10,3273.94,39,Electronics,STORE_003,ELEC_002
2024-08-10,1461.67,31,Clothing,STORE_003,CLTH_001
2024-08-10,1560.63,34,Home Goods,STORE_003,HOME_002
2024-08-10,636.04,22,Grocery,STORE_003,GROC_002
2024-08-10,1054.87,33,Beauty,STORE_003,BEAU_003
2024-08-11,3365.95,38,Electronics,STORE_001,ELEC_001
2024-08-11,1215.22,26,Clothing,STORE_001,CLTH_001
2024-08-11,1822.23,31,Home Goods,STORE_001,HOME_002
2024-08-11,384.56,16,Grocery,STORE_001,GROC_004
2024-08-11,996.47,27,Beauty,STORE_001,BEAU_003
2024-08-11,2179.75,24,Electronics,STORE_002,ELEC_001
2024-08-11,578.08,13,Clothing,STORE_002,CLTH_001
2024-08-11,729.17,16,Home Goods,STORE_002,HOME_004
2024-08-11,586.94,22,Grocery,STORE_002,GROC_003
2024-08-11,574.90,14,Beauty,STORE_002,BEAU_004
2024-08-11,3147.43,36,Electronics,STORE_003,ELEC_002
2024-08-11,1412.98,33,Clothing,STORE_003,CLTH_004
2024-08-11,2108.95,32,Home Goods,STORE_003,HOME_003
2024-08-11,640.18,20,Grocery,STORE_003,GROC_002
2024-08-11,952.46,24,Beauty,STORE_003,BEAU_003
2024-08-12,2207.74,25,Electronics,STORE_001,ELEC_003
2024-08-12,941.52,25,Clothing,STORE_001,CLTH_002
2024-08-12,1471.82,26,Home Goods,STORE_001,HOME_002
2024-08-12,620.65,22,Grocery,STORE_001,GROC_003
2024-08-12,975.77,24,Beauty,STORE_001,BEAU_002
2024-08-12,2806.13,27,Electronics,STORE_002,ELEC_003
2024-08-12,631.05,14,Clothing,STORE_002,CLTH_004
2024-08-12,579.68,10,Home Goods,STORE_002,HOME_004
2024-08-12,433.61,13,Grocery,STORE_002,GROC_001
2024-08-12,228.34,5,Beauty,STORE_002,BEAU_001
2024-08-12,3722.17,39,Electronics,STORE_003,ELEC_003
2024-08-12,970.26,24,Clothing,STORE_003,CLTH_003
2024-08-12,2227.72,32,Home Goods,STORE_003,HOME_003
2024-08-12,462.85,19,Grocery,STORE_003,GROC_004
2024-08-12,983.64,24,Beauty,STORE_003,BEAU_002
2024-08-13,2711.62,28,Electronics,STORE_001,ELEC_001
2024-08-13,995.83,22,Clothing,STORE_001,CLTH_003
2024-08-13,1235.15,20,Home Goods,STORE_001,HOME_001
2024-08-13,713.23,25,Grocery,STORE_001,GROC_001
2024-08-13,683.50,16,Beauty,STORE_001,BEAU_002
2024-08-13,2344.38,27,Electronics,STORE_002,ELEC_003
2024-08-13,718.78,17,Clothing,STORE_002,CLTH_003
2024-08-13,1468.18,21,Home Goods,STORE_002,HOME_004
2024-08-13,321.15,13,Grocery,STORE_002,GROC_003
2024-08-13,586.57,17,Beauty,STORE_002,BEAU_002
2024-08-13,3207.59,35,Electronics,STORE_003,ELEC_002
2024-08-13,1027.93,24,Clothing,STORE_003,CLTH_001
2024-08-13,1473.07,25,Home Goods,STORE_003,HOME_004
2024-08-13,465.61,16,Grocery,STORE_003,GROC_001
2024-08-13,1273.78,29,Beauty,STORE_003,BEAU_004
2024-08-14,2833.76,33,Electronics,STORE_001,ELEC_002
2024-08-14,783.86,16,Clothing,STORE_001,CLTH_003
2024-08-14,1365.33,27,Home Goods,STORE_001,HOME_004
2024-08-14,590.95,21,Grocery,STORE_001,GROC_004
2024-08-14,693.00,17,Beauty,STORE_001,BEAU_002
2024-08-14,2368.13,27,Electronics,STORE_002,ELEC_002
2024-08-14,589.61,15,Clothing,STORE_002,CLTH_001
2024-08-14,1086.25,18,Home Goods,STORE_002,HOME_001
2024-08-14,423.43,18,Grocery,STORE_002,GROC_004
2024-08-14,680.23,17,Beauty,STORE_002,BEAU_004
2024-08-14,3301.13,37,Electronics,STORE_003,ELEC_003
2024-08-14,1097.95,27,Clothing,STORE_003,CLTH_002
2024-08-14,1901.25,31,Home Goods,STORE_003,HOME_003
2024-08-14,471.38,17,Grocery,STORE_003,GROC_001
2024-08-14,763.97,19,Beauty,STORE_003,BEAU_003
2024-08-15,2601.07,27,Electronics,STORE_001,ELEC_002
2024-08-15,1065.52,21,Clothing,STORE_001,CLTH_001
2024-08-15,1686.98,26,Home Goods,STORE_001,HOME_002
2024-08-15,470.71,19,Grocery,STORE_001,GROC_004
2024-08-15,635.41,16,Beauty,STORE_001,BEAU_001
2024-08-15,1367.36,17,Electronics,STORE_002,ELEC_002
2024-08-15,844.11,15,Clothing,STORE_002,CLTH_002
2024-08-15,1169.25,20,Home Goods,STORE_002,HOME_002
2024-08-15,334.78,16,Grocery,STORE_002,GROC_001
2024-08-15,631.55,16,Beauty,STORE_002,BEAU_004
2024-08-15,2942.47,36,Electronics,STORE_003,ELEC_003
2024-08-15,813.71,18,Clothing,STORE_003,CLTH_002
2024-08-15,1751.88,26,Home Goods,STORE_003,HOME_001
2024-08-15,454.85,19,Grocery,STORE_003,GROC_001
2024-08-15,876.46,23,Beauty,STORE_003,BEAU_004
2024-08-16,2505.04,30,Electronics,STORE_001,ELEC_003
2024-08-16,680.38,17,Clothing,STORE_001,CLTH_003
2024-08-16,1827.77,24,Home Goods,STORE_001,HOME_004
2024-08-16,697.94,22,Grocery,STORE_001,GROC_003
2024-08-16,624.01,16,Beauty,STORE_001,BEAU_004
2024-08-16,2710.57,26,Electronics,STORE_002,ELEC_001
2024-08-16,547.77,12,Clothing,STORE_002,CLTH_002
2024-08-16,1025.16,17,Home Goods,STORE_002,HOME_003
2024-08-16,349.37,16,Grocery,STORE_002,GROC_002
2024-08-16,719.22,19,Beauty,STORE_002,BEAU_003
2024-08-16,3477.86,37,Electronics,STORE_003,ELEC_004
2024-08-16,1300.98,29,Clothing,STORE_003,CLTH_001
2024-08-16,1982.06,35,Home Goods,STORE_003,HOME_004
2024-08-16,484.67,19,Grocery,STORE_003,GROC_003
2024-08-16,1340.37,33,Beauty,STORE_003,BEAU_004
2024-08-17,3653.35,33,Electronics,STORE_001,ELEC_003
2024-08-17,1143.06,26,Clothing,STORE_001,CLTH_002
2024-08-17,1488.35,23,Home Goods,STORE_001,HOME_001
2024-08-17,627.30,24,Grocery,STORE_001,GROC_003
2024-08-17,692.27,18,Beauty,STORE_001,BEAU_003
2024-08-17,2439.66,33,Electronics,STORE_002,ELEC_001
2024-08-17,1012.56,22,Clothing,STORE_002,CLTH_001
2024-08-17,1332.55,20,Home Goods,STORE_002,HOME_004
2024-08-17,318.18,10,Grocery,STORE_002,GROC_002
2024-08-17,580.18,16,Beauty,STORE_002,BEAU_001
2024-08-17,3870.08,42,Electronics,STORE_003,ELEC_001
2024-08-17,1100.63,22,Clothing,STORE_003,CLTH_002
2024-08-17,2364.47,37,Home Goods,STORE_003,HOME_003
2024-08-17,602.68,24,Grocery,STORE_003,GROC_001
2024-08-17,583.22,19,Beauty,STORE_003,BEAU_002
2024-08-18,3843.78,39,Electronics,STORE_001,ELEC_004
2024-08-18,865.51,21,Clothing,STORE_001,CLTH_003
2024-08-18,1536.98,24,Home Goods,STORE_001,HOME_003
2024-08-18,347.71,16,Grocery,STORE_001,GROC_003
2024-08-18,822.56,25,Beauty,STORE_001,BEAU_003
2024-08-18,2996.69,36,Electronics,STORE_002,ELEC_004
2024-08-18,478.66,13,Clothing,STORE_002,CLTH_003
2024-08-18,1631.32,28,Home Goods,STORE_002,HOME_003
2024-08-18,222.50,9,Grocery,STORE_002,GROC_002
2024-08-18,1089.70,28,Beauty,STORE_002,BEAU_004
2024-08-18,3218.17,37,Electronics,STORE_003,ELEC_003
2024-08-18,1340.54,27,Clothing,STORE_003,CLTH_002
2024-08-18,1874.09,35,Home Goods,STORE_003,HOME_001
2024-08-18,709.29,25,Grocery,STORE_003,GROC_004
2024-08-18,971.29,25,Beauty,STORE_003,BEAU_001
2024-08-19,3123.67,34,Electronics,STORE_001,ELEC_004
2024-08-19,651.28,14,Clothing,STORE_001,CLTH_002
2024-08-19,1813.25,29,Home Goods,STORE_001,HOME_002
2024-08-19,487.92,18,Grocery,STORE_001,GROC_004
2024-08-19,735.23,22,Beauty,STORE_001,BEAU_002
2024-08-19,2475.06,30,Electronics,STORE_002,ELEC_001
2024-08-19,645.50,14,Clothing,STORE_002,CLTH_001
2024-08-19,1091.88,17,Home Goods,STORE_002,HOME_002
2024-08-19,143.48,6,Grocery,STORE_002,GROC_003
2024-08-19,713.20,18,Beauty,STORE_002,BEAU_002
2024-08-19,2562.12,36,Electronics,STORE_003,ELEC_001
2024-08-19,992.03,26,Clothing,STORE_003,CLTH_002
2024-08-19,1239.57,24,Home Goods,STORE_003,HOME_003
2024-08-19,546.35,21,Grocery,STORE_003,GROC_001
2024-08-19,1128.84,25,Beauty,STORE_003,BEAU_003
2024-08-20,2269.85,26,Electronics,STORE_001,ELEC_001
2024-08-20,881.08,24,Clothing,STORE_001,CLTH_003
2024-08-20,1318.51,21,Home Goods,STORE_001,HOME_004
2024-08-20,527.34,23,Grocery,STORE_001,GROC_004
2024-08-20,534.53,17,Beauty,STORE_001,BEAU_003
2024-08-20,2547.89,25,Electronics,STORE_002,ELEC_001
2024-08-20,1466.16,25,Clothing,STORE_002,CLTH_001
2024-08-20,1296.35,24,Home Goods,STORE_002,HOME_003
2024-08-20,322.82,13,Grocery,STORE_002,GROC_002
2024-08-20,734.04,19,Beauty,STORE_002,BEAU_003
2024-08-20,2506.81,32,Electronics,STORE_003,ELEC_004
2024-08-20,1354.67,26,Clothing,STORE_003,CLTH_001
2024-08-20,1160.22,22,Home Goods,STORE_003,HOME_003
2024-08-20,495.54,22,Grocery,STORE_003,GROC_003
2024-08-20,531.39,17,Beauty,STORE_003,BEAU_004
2024-08-21,2133.40,21,Electronics,STORE_001,ELEC_002
2024-08-21,765.88,16,Clothing,STORE_001,CLTH_003
2024-08-21,1618.80,24,Home Goods,STORE_001,HOME_002
2024-08-21,450.34,22,Grocery,STORE_001,GROC_003
2024-08-21,685.63,22,Beauty,STORE_001,BEAU_003
2024-08-21,2162.15,23,Electronics,STORE_002,ELEC_003
2024-08-21,285.76,6,Clothing,STORE_002,CLTH_002
2024-08-21,713.97,11,Home Goods,STORE_002,HOME_003
2024-08-21,287.43,13,Grocery,STORE_002,GROC_002
2024-08-21,316.30,9,Beauty,STORE_002,BEAU_001
2024-08-21,3186.49,33,Electronics,STORE_003,ELEC_004
2024-08-21,665.10,15,Clothing,STORE_003,CLTH_004
2024-08-21,2006.75,31,Home Goods,STORE_003,HOME_004
2024-08-21,610.67,26,Grocery,STORE_003,GROC_002
2024-08-21,876.30,25,Beauty,STORE_003,BEAU_001
2024-08-22,2595.29,29,Electronics,STORE_001,ELEC_003
2024-08-22,1010.80,23,Clothing,STORE_001,CLTH_004
2024-08-22,1762.27,31,Home Goods,STORE_001,HOME_001
2024-08-22,706.83,24,Grocery,STORE_001,GROC_004
2024-08-22,591.61,20,Beauty,STORE_001,BEAU_003
2024-08-22,1846.72,24,Electronics,STORE_002,ELEC_003
2024-08-22,524.56,13,Clothing,STORE_002,CLTH_004
2024-08-22,1332.58,19,Home Goods,STORE_002,HOME_004
2024-08-22,401.61,16,Grocery,STORE_002,GROC_004
2024-08-22,400.30,12,Beauty,STORE_002,BEAU_003
2024-08-22,3728.00,35,Electronics,STORE_003,ELEC_004
2024-08-22,1420.38,29,Clothing,STORE_003,CLTH_003
2024-08-22,2100.61,30,Home Goods,STORE_003,HOME_001
2024-08-22,771.15,26,Grocery,STORE_003,GROC_002
2024-08-22,856.65,24,Beauty,STORE_003,BEAU_003
2024-08-23,2392.28,30,Electronics,STORE_001,ELEC_004
2024-08-23,884.76,21,Clothing,STORE_001,CLTH_003
2024-08-23,1394.59,25,Home Goods,STORE_001,HOME_002
2024-08-23,558.70,21,Grocery,STORE_001,GROC_001
2024-08-23,742.70,18,Beauty,STORE_001,BEAU_001
2024-08-23,1338.84,15,Electronics,STORE_002,ELEC_002
2024-08-23,655.35,16,Clothing,STORE_002,CLTH_004
2024-08-23,1152.77,20,Home Goods,STORE_002,HOME_004
2024-08-23,221.11,8,Grocery,STORE_002,GROC_001
2024-08-23,385.18,11,Beauty,STORE_002,BEAU_004
2024-08-23,3566.08,38,Electronics,STORE_003,ELEC_001
2024-08-23,1258.64,30,Clothing,STORE_003,CLTH_003
2024-08-23,2094.86,31,Home Goods,STORE_003,HOME_001
2024-08-23,464.99,21,Grocery,STORE_003,GROC_001
2024-08-23,718.73,21,Beauty,STORE_003,BEAU_002
2024-08-24,3979.71,40,Electronics,STORE_001,ELEC_003
2024-08-24,888.70,19,Clothing,STORE_001,CLTH_002
2024-08-24,2022.07,30,Home Goods,STORE_001,HOME_003
2024-08-24,367.15,18,Grocery,STORE_001,GROC_002
2024-08-24,1099.71,21,Beauty,STORE_001,BEAU_002
2024-08-24,2606.09,27,Electronics,STORE_002,ELEC_003
2024-08-24,827.11,19,Clothing,STORE_002,CLTH_003
2024-08-24,1465.27,25,Home Goods,STORE_002,HOME_001
2024-08-24,381.25,15,Grocery,STORE_002,GROC_001
2024-08-24,882.84,22,Beauty,STORE_002,BEAU_001
2024-08-24,4058.96,41,Electronics,STORE_003,ELEC_001
2024-08-24,984.30,24,Clothing,STORE_003,CLTH_001
2024-08-24,2278.66,38,Home Goods,STORE_003,HOME_003
2024-08-24,699.42,26,Grocery,STORE_003,GROC_001
2024-08-24,909.67,25,Beauty,STORE_003,BEAU_001
2024-08-25,3490.15,35,Electronics,STORE_001,ELEC_001
2024-08-25,1084.18,26,Clothing,STORE_001,CLTH_004
2024-08-25,1924.47,30,Home Goods,STORE_001,HOME_002
2024-08-25,479.04,19,Grocery,STORE_001,GROC_001
2024-08-25,879.70,28,Beauty,STORE_001,BEAU_002
2024-08-25,2391.71,29,Electronics,STORE_002,ELEC_002
2024-08-25,780.41,19,Clothing,STORE_002,CLTH_002
2024-08-25,1664.36,24,Home Goods,STORE_002,HOME_004
2024-08-25,693.39,21,Grocery,STORE_002,GROC_003
2024-08-25,756.75,21,Beauty,STORE_002,BEAU_004
2024-08-25,3994.41,49,Electronics,STORE_003,ELEC_001
2024-08-25,1199.14,31,Clothing,STORE_003,CLTH_004
2024-08-25,1461.92,30,Home Goods,STORE_003,HOME_002
2024-08-25,629.70,26,Grocery,STORE_003,GROC_001
2024-08-25,776.09,24,Beauty,STORE_003,BEAU_002
2024-08-26,3128.45,31,Electronics,STORE_001,ELEC_004
2024-08-26,682.55,19,Clothing,STORE_001,CLTH_002
2024-08-26,1252.66,21,Home Goods,STORE_001,HOME_001
2024-08-26,419.60,17,Grocery,STORE_001,GROC_001
2024-08-26,585.24,15,Beauty,STORE_001,BEAU_004
2024-08-26,2885.99,30,Electronics,STORE_002,ELEC_002
2024-08-26,290.72,7,Clothing,STORE_002,CLTH_002
2024-08-26,1233.66,21,Home Goods,STORE_002,HOME_004
2024-08-26,317.34,14,Grocery,STORE_002,GROC_001
2024-08-26,692.49,17,Beauty,STORE_002,BEAU_003
2024-08-26,2808.94,35,Electronics,STORE_003,ELEC_004
2024-08-26,1021.26,23,Clothing,STORE_003,CLTH_004
2024-08-26,2302.87,30,Home Goods,STORE_003,HOME_004
2024-08-26,294.94,11,Grocery,STORE_003,GROC_003
2024-08-26,884.92,25,Beauty,STORE_003,BEAU_002
2024-08-27,3027.60,29,Electronics,STORE_001,ELEC_002
2024-08-27,715.49,19,Clothing,STORE_001,CLTH_003
2024-08-27,1205.83,18,Home Goods,STORE_001,HOME_004
2024-08-27,471.45,17,Grocery,STORE_001,GROC_001
2024-08-27,344.84,13,Beauty,STORE_001,BEAU_002
2024-08-27,2169.99,24,Electronics,STORE_002,ELEC_001
2024-08-27,431.73,10,Clothing,STORE_002,CLTH_004
2024-08-27,1454.86,22,Home Goods,STORE_002,HOME_002
2024-08-27,190.04,9,Grocery,STORE_002,GROC_003
2024-08-27,758.20,19,Beauty,STORE_002,BEAU_003
2024-08-27,3205.14,37,Electronics,STORE_003,ELEC_001
2024-08-27,772.52,20,Clothing,STORE_003,CLTH_002
2024-08-27,2252.83,30,Home Goods,STORE_003,HOME_001
2024-08-27,431.18,19,Grocery,STORE_003,GROC_002
2024-08-27,1170.44,23,Beauty,STORE_003,BEAU_001
2024-08-28,2445.37,29,Electronics,STORE_001,ELEC_004
2024-08-28,1218.16,24,Clothing,STORE_001,CLTH_001
2024-08-28,1505.76,26,Home Goods,STORE_001,HOME_004
2024-08-28,439.51,14,Grocery,STORE_001,GROC_002
2024-08-28,719.78,21,Beauty,STORE_001,BEAU_001
2024-08-28,2027.63,20,Electronics,STORE_002,ELEC_002
2024-08-28,583.36,13,Clothing,STORE_002,CLTH_002
2024-08-28,1053.41,20,Home Goods,STORE_002,HOME_002
2024-08-28,498.13,18,Grocery,STORE_002,GROC_001
2024-08-28,402.18,14,Beauty,STORE_002,BEAU_004
2024-08-28,2718.87,32,Electronics,STORE_003,ELEC_004
2024-08-28,524.23,13,Clothing,STORE_003,CLTH_001
2024-08-28,1828.14,28,Home Goods,STORE_003,HOME_002
2024-08-28,755.83,27,Grocery,STORE_003,GROC_002
2024-08-28,1007.45,23,Beauty,STORE_003,BEAU_004
2024-08-29,3071.67,35,Electronics,STORE_001,ELEC_002
2024-08-29,870.18,23,Clothing,STORE_001,CLTH_003
2024-08-29,1008.74,17,Home Goods,STORE_001,HOME_002
2024-08-29,497.36,19,Grocery,STORE_001,GROC_003
2024-08-29,529.01,15,Beauty,STORE_001,BEAU_001
2024-08-29,1802.29,20,Electronics,STORE_002,ELEC_002
2024-08-29,608.72,14,Clothing,STORE_002,CLTH_003
2024-08-29,1196.16,23,Home Goods,STORE_002,HOME_002
2024-08-29,234.34,9,Grocery,STORE_002,GROC_003
2024-08-29,639.65,16,Beauty,STORE_002,BEAU_001
2024-08-29,2627.94,30,Electronics,STORE_003,ELEC_001
2024-08-29,1062.30,27,Clothing,STORE_003,CLTH_002
2024-08-29,1020.92,19,Home Goods,STORE_003,HOME_001
2024-08-29,609.93,22,Grocery,STORE_003,GROC_002
2024-08-29,646.16,17,Beauty,STORE_003,BEAU_002
2024-08-30,2649.44,29,Electronics,STORE_001,ELEC_001
2024-08-30,1182.41,25,Clothing,STORE_001,CLTH_003
2024-08-30,1755.25,28,Home Goods,STORE_001,HOME_002
2024-08-30,354.82,15,Grocery,STORE_001,GROC_002
2024-08-30,641.20,18,Beauty,STORE_001,BEAU_002
2024-08-30,1511.96,19,Electronics,STORE_002,ELEC_003
2024-08-30,1047.18,23,Clothing,STORE_002,CLTH_003
2024-08-30,759.87,13,Home Goods,STORE_002,HOME_001
2024-08-30,316.45,11,Grocery,STORE_002,GROC_001
2024-08-30,327.68,10,Beauty,STORE_002,BEAU_001
2024-08-30,2473.22,27,Electronics,STORE_003,ELEC_001
2024-08-30,727.04,23,Clothing,STORE_003,CLTH_001
2024-08-30,1821.47,27,Home Goods,STORE_003,HOME_003
2024-08-30,433.54,17,Grocery,STORE_003,GROC_003
2024-08-30,568.77,18,Beauty,STORE_003,BEAU_002
2024-08-31,3732.25,35,Electronics,STORE_001,ELEC_001
2024-08-31,708.09,17,Clothing,STORE_001,CLTH_003
2024-08-31,1874.52,32,Home Goods,STORE_001,HOME_004
2024-08-31,569.94,23,Grocery,STORE_001,GROC_001
2024-08-31,1140.86,26,Beauty,STORE_001,BEAU_003
2024-08-31,1955.67,24,Electronics,STORE_002,ELEC_003
2024-08-31,767.30,19,Clothing,STORE_002,CLTH_002
2024-08-31,1313.58,22,Home Goods,STORE_002,HOME_003
2024-08-31,394.72,18,Grocery,STORE_002,GROC_004
2024-08-31,631.43,17,Beauty,STORE_002,BEAU_001
2024-08-31,3193.70,45,Electronics,STORE_003,ELEC_004
2024-08-31,1287.11,30,Clothing,STORE_003,CLTH_001
2024-08-31,1925.48,31,Home Goods,STORE_003,HOME_002
2024-08-31,711.03,31,Grocery,STORE_003,GROC_001
2024-08-31,1285.37,31,Beauty,STORE_003,BEAU_001
2024-09-01,2467.69,30,Electronics,STORE_001,ELEC_002
2024-09-01,868.32,22,Clothing,STORE_001,CLTH_002
2024-09-01,1455.59,26,Home Goods,STORE_001,HOME_001
2024-09-01,373.32,18,Grocery,STORE_001,GROC_004
2024-09-01,553.94,17,Beauty,STORE_001,BEAU_002
2024-09-01,2193.33,25,Electronics,STORE_002,ELEC_003
2024-09-01,745.41,20,Clothing,STORE_002,CLTH_004
2024-09-01,897.58,15,Home Goods,STORE_002,HOME_004
2024-09-01,584.24,23,Grocery,STORE_002,GROC_003
2024-09-01,660.80,15,Beauty,STORE_002,BEAU_004
2024-09-01,3004.67,41,Electronics,STORE_003,ELEC_003
2024-09-01,1093.66,30,Clothing,STORE_003,CLTH_002
2024-09-01,2008.39,30,Home Goods,STORE_003,HOME_002
2024-09-01,496.47,23,Grocery,STORE_003,GROC_001
2024-09-01,1044.27,30,Beauty,STORE_003,BEAU_003
2024-09-02,2008.46,28,Electronics,STORE_001,ELEC_001
2024-09-02,801.47,21,Clothing,STORE_001,CLTH_003
2024-09-02,1347.65,23,Home Goods,STORE_001,HOME_003
2024-09-02,243.84,12,Grocery,STORE_001,GROC_004
2024-09-02,528.27,16,Beauty,STORE_001,BEAU_003
2024-09-02,2364.79,24,Electronics,STORE_002,ELEC_003
2024-09-02,1036.84,23,Clothing,STORE_002,CLTH_003
2024-09-02,1104.81,21,Home Goods,STORE_002,HOME_003
2024-09-02,161.79,6,Grocery,STORE_002,GROC_001
2024-09-02,308.75,9,Beauty,STORE_002,BEAU_004
2024-09-02,2515.19,30,Electronics,STORE_003,ELEC_002
2024-09-02,712.15,22,Clothing,STORE_003,CLTH_002
2024-09-02,880.91,16,Home Goods,STORE_003,HOME_001
2024-09-02,564.09,28,Grocery,STORE_003,GROC_001
2024-09-02,672.55,19,Beauty,STORE_003,BEAU_003
2024-09-03,2097.11,30,Electronics,STORE_001,ELEC_004
2024-09-03,816.42,20,Clothing,STORE_001,CLTH_002
2024-09-03,1017.45,21,Home Goods,STORE_001,HOME_001
2024-09-03,468.33,19,Grocery,STORE_001,GROC_001
2024-09-03,498.60,16,Beauty,STORE_001,BEAU_004
2024-09-03,1446.14,16,Electronics,STORE_002,ELEC_001
2024-09-03,704.21,21,Clothing,STORE_002,CLTH_001
2024-09-03,1317.62,23,Home Goods,STORE_002,HOME_003
2024-09-03,179.44,8,Grocery,STORE_002,GROC_003
2024-09-03,412.34,11,Beauty,STORE_002,BEAU_003
2024-09-03,2789.15,31,Electronics,STORE_003,ELEC_002
2024-09-03,953.98,20,Clothing,STORE_003,CLTH_004
2024-09-03,1692.92,33,Home Goods,STORE_003,HOME_002
2024-09-03,483.29,20,Grocery,STORE_003,GROC_004
2024-09-03,1071.01,30,Beauty,STORE_003,BEAU_001
2024-09-04,2032.97,22,Electronics,STORE_001,ELEC_003
2024-09-04,836.80,23,Clothing,STORE_001,CLTH_001
2024-09-04,1147.47,20,Home Goods,STORE_001,HOME_004
2024-09-04,339.65,15,Grocery,STORE_001,GROC_001
2024-09-04,560.48,15,Beauty,STORE_001,BEAU_001
2024-09-04,1466.89,21,Electronics,STORE_002,ELEC_001
2024-09-04,812.32,22,Clothing,STORE_002,CLTH_001
2024-09-04,1225.93,22,Home Goods,STORE_002,HOME_004
2024-09-04,494.70,20,Grocery,STORE_002,GROC_001
2024-09-04,610.55,18,Beauty,STORE_002,BEAU_003
2024-09-04,2370.42,30,Electronics,STORE_003,ELEC_002
2024-09-04,911.06,20,Clothing,STORE_003,CLTH_004
2024-09-04,1565.36,25,Home Goods,STORE_003,HOME_003
2024-09-04,585.49,20,Grocery,STORE_003,GROC_001
2024-09-04,707.50,22,Beauty,STORE_003,BEAU_004
2024-09-05,1582.68,23,Electronics,STORE_001,ELEC_002
2024-09-05,704.81,18,Clothing,STORE_001,CLTH_002
2024-09-05,1250.09,22,Home Goods,STORE_001,HOME_003
2024-09-05,417.55,19,Grocery,STORE_001,GROC_001
2024-09-05,865.45,24,Beauty,STORE_001,BEAU_003
2024-09-05,2136.91,25,Electronics,STORE_002,ELEC_002
2024-09-05,931.08,22,Clothing,STORE_002,CLTH_004
2024-09-05,1246.20,25,Home Goods,STORE_002,HOME_004
2024-09-05,395.53,18,Grocery,STORE_002,GROC_004
2024-09-05,388.77,10,Beauty,STORE_002,BEAU_004
2024-09-05,2096.11,31,Electronics,STORE_003,ELEC_002
2024-09-05,1420.12,31,Clothing,STORE_003,CLTH_002
2024-09-05,1763.77,33,Home Goods,STORE_003,HOME_003
2024-09-05,628.68,25,Grocery,STORE_003,GROC_002
2024-09-05,990.04,25,Beauty,STORE_003,BEAU_001
2024-09-06,1946.28,26,Electronics,STORE_001,ELEC_002
2024-09-06,695.34,15,Clothing,STORE_001,CLTH_001
2024-09-06,1111.89,23,Home Goods,STORE_001,HOME_004
2024-09-06,357.33,18,Grocery,STORE_001,GROC_004
2024-09-06,491.48,21,Beauty,STORE_001,BEAU_003
2024-09-06,1592.18,21,Electronics,STORE_002,ELEC_002
2024-09-06,370.20,12,Clothing,STORE_002,CLTH_003
2024-09-06,980.05,17,Home Goods,STORE_002,HOME_002
2024-09-06,292.26,14,Grocery,STORE_002,GROC_003
2024-09-06,608.55,17,Beauty,STORE_002,BEAU_004
2024-09-06,3221.76,39,Electronics,STORE_003,ELEC_004
2024-09-06,778.24,19,Clothing,STORE_003,CLTH_002
2024-09-06,1699.62,27,Home Goods,STORE_003,HOME_003
2024-09-06,443.83,17,Grocery,STORE_003,GROC_004
2024-09-06,701.35,21,Beauty,STORE_003,BEAU_004
2024-09-07,2342.80,35,Electronics,STORE_001,ELEC_002
2024-09-07,1171.28,28,Clothing,STORE_001,CLTH_001
2024-09-07,1294.60,26,Home Goods,STORE_001,HOME_003
2024-09-07,351.96,16,Grocery,STORE_001,GROC_003
2024-09-07,784.31,24,Beauty,STORE_001,BEAU_001
2024-09-07,1737.24,28,Electronics,STORE_002,ELEC_004
2024-09-07,901.55,21,Clothing,STORE_002,CLTH_004
2024-09-07,1088.52,17,Home Goods,STORE_002,HOME_002
2024-09-07,445.59,19,Grocery,STORE_002,GROC_003
2024-09-07,596.37,20,Beauty,STORE_002,BEAU_004
2024-09-07,4362.81,46,Electronics,STORE_003,ELEC_003
2024-09-07,1149.19,32,Clothing,STORE_003,CLTH_001
2024-09-07,1754.67,40,Home Goods,STORE_003,HOME_002
2024-09-07,404.81,19,Grocery,STORE_003,GROC_001
2024-09-07,895.95,25,Beauty,STORE_003,BEAU_003
2024-09-08,3516.41,37,Electronics,STORE_001,ELEC_004
2024-09-08,1062.03,29,Clothing,STORE_001,CLTH_004
2024-09-08,1186.02,24,Home Goods,STORE_001,HOME_002
2024-09-08,385.65,20,Grocery,STORE_001,GROC_001
2024-09-08,695.46,19,Beauty,STORE_001,BEAU_004
2024-09-08,2017.70,29,Electronics,STORE_002,ELEC_001
2024-09-08,978.96,23,Clothing,STORE_002,CLTH_003
2024-09-08,1309.11,21,Home Goods,STORE_002,HOME_002
2024-09-08,492.11,23,Grocery,STORE_002,GROC_003
2024-09-08,590.08,22,Beauty,STORE_002,BEAU_003
2024-09-08,4038.32,43,Electronics,STORE_003,ELEC_004
2024-09-08,1124.38,28,Clothing,STORE_003,CLTH_002
2024-09-08,1911.55,37,Home Goods,STORE_003,HOME_002
2024-09-08,612.53,27,Grocery,STORE_003,GROC_003
2024-09-08,950.26,25,Beauty,STORE_003,BEAU_001
2024-09-09,2371.08,27,Electronics,STORE_001,ELEC_003
2024-09-09,863.18,18,Clothing,STORE_001,CLTH_003
2024-09-09,740.68,13,Home Goods,STORE_001,HOME_003
2024-09-09,432.62,18,Grocery,STORE_001,GROC_001
2024-09-09,545.75,21,Beauty,STORE_001,BEAU_003
2024-09-09,1593.83,22,Electronics,STORE_002,ELEC_004
2024-09-09,744.00,18,Clothing,STORE_002,CLTH_002
2024-09-09,777.75,14,Home Goods,STORE_002,HOME_004
2024-09-09,294.39,16,Grocery,STORE_002,GROC_002
2024-09-09,431.17,14,Beauty,STORE_002,BEAU_002
2024-09-09,2231.88,36,Electronics,STORE_003,ELEC_004
2024-09-09,1066.99,27,Clothing,STORE_003,CLTH_002
2024-09-09,1481.42,29,Home Goods,STORE_003,HOME_001
2024-09-09,396.96,17,Grocery,STORE_003,GROC_001
2024-09-09,798.21,23,Beauty,STORE_003,BEAU_004
2024-09-10,1811.18,24,Electronics,STORE_001,ELEC_004
2024-09-10,486.67,14,Clothing,STORE_001,CLTH_001
2024-09-10,1617.23,29,Home Goods,STORE_001,HOME_002
2024-09-10,384.16,17,Grocery,STORE_001,GROC_002
2024-09-10,622.75,15,Beauty,STORE_001,BEAU_002
2024-09-10,2036.99,24,Electronics,STORE_002,ELEC_002
2024-09-10,505.38,15,Clothing,STORE_002,CLTH_004
2024-09-10,953.67,20,Home Goods,STORE_002,HOME_001
2024-09-10,313.45,14,Grocery,STORE_002,GROC_003
2024-09-10,331.39,9,Beauty,STORE_002,BEAU_001
2024-09-10,3727.20,45,Electronics,STORE_003,ELEC_002
2024-09-10,692.53,24,Clothing,STORE_003,CLTH_004
2024-09-10,1600.50,26,Home Goods,STORE_003,HOME_003
2024-09-10,417.37,21,Grocery,STORE_003,GROC_003
2024-09-10,718.40,22,Beauty,STORE_003,BEAU_001
2024-09-11,2194.88,27,Electronics,STORE_001,ELEC_002
2024-09-11,738.56,20,Clothing,STORE_001,CLTH_003
2024-09-11,1413.92,22,Home Goods,STORE_001,HOME_002
2024-09-11,247.73,12,Grocery,STORE_001,GROC_001
2024-09-11,573.05,16,Beauty,STORE_001,BEAU_004
2024-09-11,1575.71,22,Electronics,STORE_002,ELEC_001
2024-09-11,671.95,19,Clothing,STORE_002,CLTH_003
2024-09-11,1164.39,18,Home Goods,STORE_002,HOME_004
2024-09-11,429.06,19,Grocery,STORE_002,GROC_002
2024-09-11,646.52,22,Beauty,STORE_002,BEAU_001
2024-09-11,2334.10,30,Electronics,STORE_003,ELEC_004
2024-09-11,896.07,26,Clothing,STORE_003,CLTH_004
2024-09-11,1451.19,29,Home Goods,STORE_003,HOME_002
2024-09-11,399.34,19,Grocery,STORE_003,GROC_001
2024-09-11,671.78,20,Beauty,STORE_003,BEAU_001
2024-09-12,1726.82,27,Electronics,STORE_001,ELEC_001
2024-09-12,758.83,21,Clothing,STORE_001,CLTH_003
2024-09-12,1066.35,20,Home Goods,STORE_001,HOME_004
2024-09-12,579.42,21,Grocery,STORE_001,GROC_001
2024-09-12,887.40,25,Beauty,STORE_001,BEAU_003
2024-09-12,1792.25,20,Electronics,STORE_002,ELEC_004
2024-09-12,942.48,22,Clothing,STORE_002,CLTH_003
2024-09-12,885.39,17,Home Goods,STORE_002,HOME_002
2024-09-12,180.29,8,Grocery,STORE_002,GROC_002
2024-09-12,547.61,14,Beauty,STORE_002,BEAU_001
2024-09-12,3515.56,37,Electronics,STORE_003,ELEC_003
2024-09-12,1092.42,28,Clothing,STORE_003,CLTH_004
2024-09-12,1854.63,35,Home Goods,STORE_003,HOME_002
2024-09-12,414.27,17,Grocery,STORE_003,GROC_002
2024-09-12,641.50,21,Beauty,STORE_003,BEAU_001
2024-09-13,2291.15,35,Electronics,STORE_001,ELEC_003
2024-09-13,811.31,19,Clothing,STORE_001,CLTH_003
2024-09-13,1227.12,24,Home Goods,STORE_001,HOME_004
2024-09-13,363.32,17,Grocery,STORE_001,GROC_003
2024-09-13,636.85,21,Beauty,STORE_001,BEAU_001
2024-09-13,2306.43,24,Electronics,STORE_002,ELEC_001
2024-09-13,617.41,14,Clothing,STORE_002,CLTH_003
2024-09-13,1141.90,21,Home Goods,STORE_002,HOME_002
2024-09-13,226.97,10,Grocery,STORE_002,GROC_003
2024-09-13,577.16,17,Beauty,STORE_002,BEAU_002
2024-09-13,2087.15,27,Electronics,STORE_003,ELEC_004
2024-09-13,908.52,24,Clothing,STORE_003,CLTH_004
2024-09-13,1787.86,31,Home Goods,STORE_003,HOME_001
2024-09-13,374.25,15,Grocery,STORE_003,GROC_001
2024-09-13,802.10,26,Beauty,STORE_003,BEAU_001
2024-09-14,2536.21,36,Electronics,STORE_001,ELEC_001
2024-09-14,646.99,18,Clothing,STORE_001,CLTH_001
2024-09-14,1884.40,28,Home Goods,STORE_001,HOME_003
2024-09-14,353.10,13,Grocery,STORE_001,GROC_003
2024-09-14,618.43,20,Beauty,STORE_001,BEAU_004
2024-09-14,1994.82,29,Electronics,STORE_002,ELEC_004
2024-09-14,985.17,21,Clothing,STORE_002,CLTH_002
2024-09-14,1630.78,31,Home Goods,STORE_002,HOME_003
2024-09-14,549.48,22,Grocery,STORE_002,GROC_004
2024-09-14,564.82,20,Beauty,STORE_002,BEAU_003
2024-09-14,4026.67,45,Electronics,STORE_003,ELEC_003
2024-09-14,1072.17,30,Clothing,STORE_003,CLTH_001
2024-09-14,1917.28,35,Home Goods,STORE_003,HOME_001
2024-09-14,477.82,21,Grocery,STORE_003,GROC_003
2024-09-14,1014.64,24,Beauty,STORE_003,BEAU_002
2024-09-15,2529.48,37,Electronics,STORE_001,ELEC_001
2024-09-15,868.93,24,Clothing,STORE_001,CLTH_003
2024-09-15,1473.92,26,Home Goods,STORE_001,HOME_004
2024-09-15,489.45,22,Grocery,STORE_001,GROC_004
2024-09-15,1064.81,29,Beauty,STORE_001,BEAU_004
2024-09-15,1406.79,19,Electronics,STORE_002,ELEC_004
2024-09-15,623.49,19,Clothing,STORE_002,CLTH_004
2024-09-15,1425.87,26,Home Goods,STORE_002,HOME_002
2024-09-15,428.19,19,Grocery,STORE_002,GROC_002
2024-09-15,592.46,18,Beauty,STORE_002,BEAU_002
2024-09-15,3269.33,41,Electronics,STORE_003,ELEC_001
2024-09-15,1184.60,30,Clothing,STORE_003,CLTH_002
2024-09-15,1694.65,32,Home Goods,STORE_003,HOME_003
2024-09-15,326.98,15,Grocery,STORE_003,GROC_002
2024-09-15,843.66,26,Beauty,STORE_003,BEAU_002
2024-09-16,2308.65,30,Electronics,STORE_001,ELEC_004
2024-09-16,862.46,22,Clothing,STORE_001,CLTH_004
2024-09-16,1361.77,27,Home Goods,STORE_001,HOME_003
2024-09-16,333.22,13,Grocery,STORE_001,GROC_003
2024-09-16,427.32,12,Beauty,STORE_001,BEAU_003
2024-09-16,1732.28,20,Electronics,STORE_002,ELEC_004
2024-09-16,667.69,18,Clothing,STORE_002,CLTH_001
2024-09-16,1380.79,25,Home Goods,STORE_002,HOME_004
2024-09-16,482.20,18,Grocery,STORE_002,GROC_002
2024-09-16,807.52,21,Beauty,STORE_002,BEAU_002
2024-09-16,2615.42,32,Electronics,STORE_003,ELEC_001
2024-09-16,892.40,24,Clothing,STORE_003,CLTH_002
2024-09-16,1219.72,26,Home Goods,STORE_003,HOME_003
2024-09-16,500.07,20,Grocery,STORE_003,GROC_003
2024-09-16,785.60,25,Beauty,STORE_003,BEAU_003
2024-09-17,2335.43,25,Electronics,STORE_001,ELEC_002
2024-09-17,717.22,22,Clothing,STORE_001,CLTH_004
2024-09-17,1517.81,26,Home Goods,STORE_001,HOME_002
2024-09-17,406.18,17,Grocery,STORE_001,GROC_003
2024-09-17,451.66,14,Beauty,STORE_001,BEAU_004
2024-09-17,2480.22,28,Electronics,STORE_002,ELEC_004
2024-09-17,723.24,18,Clothing,STORE_002,CLTH_004
2024-09-17,1275.20,28,Home Goods,STORE_002,HOME_004
2024-09-17,387.54,15,Grocery,STORE_002,GROC_001
2024-09-17,452.94,13,Beauty,STORE_002,BEAU_002
2024-09-17,3079.75,37,Electronics,STORE_003,ELEC_001
2024-09-17,668.81,18,Clothing,STORE_003,CLTH_001
2024-09-17,1434.55,28,Home Goods,STORE_003,HOME_001
2024-09-17,283.54,14,Grocery,STORE_003,GROC_004
2024-09-17,738.27,21,Beauty,STORE_003,BEAU_004
2024-09-18,1657.00,23,Electronics,STORE_001,ELEC_003
2024-09-18,763.44,18,Clothing,STORE_001,CLTH_002
2024-09-18,1596.15,27,Home Goods,STORE_001,HOME_001
2024-09-18,452.31,17,Grocery,STORE_001,GROC_003
2024-09-18,742.16,21,Beauty,STORE_001,BEAU_003
2024-09-18,2038.16,32,Electronics,STORE_002,ELEC_002
2024-09-18,540.96,13,Clothing,STORE_002,CLTH_001
2024-09-18,937.98,21,Home Goods,STORE_002,HOME_002
2024-09-18,291.65,12,Grocery,STORE_002,GROC_001
2024-09-18,377.34,12,Beauty,STORE_002,BEAU_003
2024-09-18,3295.35,40,Electronics,STORE_003,ELEC_002
2024-09-18,1083.38,29,Clothing,STORE_003,CLTH_004
2024-09-18,1584.32,28,Home Goods,STORE_003,HOME_001
2024-09-18,472.67,20,Grocery,STORE_003,GROC_002
2024-09-18,934.77,29,Beauty,STORE_003,BEAU_004
2024-09-19,2817.25,34,Electronics,STORE_001,ELEC_002
2024-09-19,749.09,19,Clothing,STORE_001,CLTH_001
2024-09-19,1698.78,29,Home Goods,STORE_001,HOME_002
2024-09-19,293.50,17,Grocery,STORE_001,GROC_003
2024-09-19,631.85,21,Beauty,STORE_001,BEAU_004
2024-09-19,1574.91,19,Electronics,STORE_002,ELEC_001
2024-09-19,572.32,14,Clothing,STORE_002,CLTH_004
2024-09-19,846.95,16,Home Goods,STORE_002,HOME_003
2024-09-19,359.30,14,Grocery,STORE_002,GROC_003
2024-09-19,509.19,16,Beauty,STORE_002,BEAU_004
2024-09-19,2740.20,38,Electronics,STORE_003,ELEC_003
2024-09-19,1028.21,26,Clothing,STORE_003,CLTH_003
2024-09-19,1538.73,27,Home Goods,STORE_003,HOME_002
2024-09-19,374.82,18,Grocery,STORE_003,GROC_001
2024-09-19,699.32,23,Beauty,STORE_003,BEAU_001
2024-09-20,1827.24,25,Electronics,STORE_001,ELEC_002
2024-09-20,750.03,21,Clothing,STORE_001,CLTH_001
2024-09-20,1265.38,24,Home Goods,STORE_001,HOME_002
2024-09-20,289.00,13,Grocery,STORE_001,GROC_003
2024-09-20,593.32,17,Beauty,STORE_001,BEAU_001
2024-09-20,3220.81,36,Electronics,STORE_002,ELEC_002
2024-09-20,519.16,15,Clothing,STORE_002,CLTH_003
2024-09-20,1018.12,19,Home Goods,STORE_002,HOME_004
2024-09-20,226.82,11,Grocery,STORE_002,GROC_001
2024-09-20,515.49,14,Beauty,STORE_002,BEAU_001
2024-09-20,2521.11,31,Electronics,STORE_003,ELEC_001
2024-09-20,919.31,27,Clothing,STORE_003,CLTH_002
2024-09-20,1466.79,26,Home Goods,STORE_003,HOME_003
2024-09-20,239.39,13,Grocery,STORE_003,GROC_001
2024-09-20,843.54,25,Beauty,STORE_003,BEAU_004
2024-09-21,2139.18,32,Electronics,STORE_001,ELEC_003
2024-09-21,789.82,20,Clothing,STORE_001,CLTH_003
2024-09-21,1697.50,31,Home Goods,STORE_001,HOME_002
2024-09-21,404.95,18,Grocery,STORE_001,GROC_003
2024-09-21,531.69,16,Beauty,STORE_001,BEAU_001
2024-09-21,2273.14,24,Electronics,STORE_002,ELEC_001
2024-09-21,626.28,18,Clothing,STORE_002,CLTH_004
2024-09-21,1358.63,27,Home Goods,STORE_002,HOME_001
2024-09-21,252.95,11,Grocery,STORE_002,GROC_001
2024-09-21,509.49,13,Beauty,STORE_002,BEAU_004
2024-09-21,3496.00,47,Electronics,STORE_003,ELEC_001
2024-09-21,1133.41,29,Clothing,STORE_003,CLTH_001
2024-09-21,1697.02,30,Home Goods,STORE_003,HOME_001
2024-09-21,546.27,24,Grocery,STORE_003,GROC_003
2024-09-21,789.53,24,Beauty,STORE_003,BEAU_003
2024-09-22,3225.29,36,Electronics,STORE_001,ELEC_002
2024-09-22,857.95,20,Clothing,STORE_001,CLTH_002
2024-09-22,1145.04,24,Home Goods,STORE_001,HOME_004
2024-09-22,471.56,20,Grocery,STORE_001,GROC_002
2024-09-22,887.68,28,Beauty,STORE_001,BEAU_002
2024-09-22,2770.59,35,Electronics,STORE_002,ELEC_004
2024-09-22,772.00,17,Clothing,STORE_002,CLTH_002
2024-09-22,1240.12,26,Home Goods,STORE_002,HOME_002
2024-09-22,352.76,16,Grocery,STORE_002,GROC_003
2024-09-22,816.97,24,Beauty,STORE_002,BEAU_003
2024-09-22,3733.35,41,Electronics,STORE_003,ELEC_001
2024-09-22,1426.42,31,Clothing,STORE_003,CLTH_004
2024-09-22,1437.28,34,Home Goods,STORE_003,HOME_002
2024-09-22,512.13,26,Grocery,STORE_003,GROC_001
2024-09-22,615.78,20,Beauty,STORE_003,BEAU_003
2024-09-23,2332.16,28,Electronics,STORE_001,ELEC_001
2024-09-23,986.37,26,Clothing,STORE_001,CLTH_001
2024-09-23,1152.64,27,Home Goods,STORE_001,HOME_004
2024-09-23,188.46,9,Grocery,STORE_001,GROC_002
2024-09-23,433.86,16,Beauty,STORE_001,BEAU_004
2024-09-23,2720.54,27,Electronics,STORE_002,ELEC_003
2024-09-23,877.89,19,Clothing,STORE_002,CLTH_001
2024-09-23,1132.88,18,Home Goods,STORE_002,HOME_003
2024-09-23,244.65,11,Grocery,STORE_002,GROC_003
2024-09-23,288.04,11,Beauty,STORE_002,BEAU_003
2024-09-23,2797.48,35,Electronics,STORE_003,ELEC_004
2024-09-23,775.22,21,Clothing,STORE_003,CLTH_004
2024-09-23,1511.63,32,Home Goods,STORE_003,HOME_002
2024-09-23,480.25,19,Grocery,STORE_003,GROC_002
2024-09-23,533.46,19,Beauty,STORE_003,BEAU_002
2024-09-24,2546.19,25,Electronics,STORE_001,ELEC_003
2024-09-24,931.29,21,Clothing,STORE_001,CLTH_001
2024-09-24,1007.56,18,Home Goods,STORE_001,HOME_004
2024-09-24,584.21,27,Grocery,STORE_001,GROC_001
2024-09-24,493.58,14,Beauty,STORE_001,BEAU_003
2024-09-24,2688.00,33,Electronics,STORE_002,ELEC_001
2024-09-24,626.61,15,Clothing,STORE_002,CLTH_002
2024-09-24,713.84,13,Home Goods,STORE_002,HOME_003
2024-09-24,561.06,25,Grocery,STORE_002,GROC_003
2024-09-24,501.90,16,Beauty,STORE_002,BEAU_002
2024-09-24,2640.93,34,Electronics,STORE_003,ELEC_003
2024-09-24,1049.61,26,Clothing,STORE_003,CLTH_002
2024-09-24,1508.60,31,Home Goods,STORE_003,HOME_001
2024-09-24,345.47,15,Grocery,STORE_003,GROC_002
2024-09-24,570.55,19,Beauty,STORE_003,BEAU_002
2024-09-25,1398.25,23,Electronics,STORE_001,ELEC_002
2024-09-25,496.11,13,Clothing,STORE_001,CLTH_004
2024-09-25,1253.86,21,Home Goods,STORE_001,HOME_001
2024-09-25,487.41,23,Grocery,STORE_001,GROC_001
2024-09-25,499.06,15,Beauty,STORE_001,BEAU_003
2024-09-25,2067.83,23,Electronics,STORE_002,ELEC_004
2024-09-25,724.73,15,Clothing,STORE_002,CLTH_002
2024-09-25,1578.70,25,Home Goods,STORE_002,HOME_004
2024-09-25,258.70,13,Grocery,STORE_002,GROC_004
2024-09-25,347.00,13,Beauty,STORE_002,BEAU_002
2024-09-25,3129.38,39,Electronics,STORE_003,ELEC_004
2024-09-25,1134.60,26,Clothing,STORE_003,CLTH_001
2024-09-25,2060.22,35,Home Goods,STORE_003,HOME_004
2024-09-25,611.13,25,Grocery,STORE_003,GROC_004
2024-09-25,583.17,17,Beauty,STORE_003,BEAU_001
2024-09-26,1852.01,26,Electronics,STORE_001,ELEC_004
2024-09-26,839.98,22,Clothing,STORE_001,CLTH_001
2024-09-26,1465.38,28,Home Goods,STORE_001,HOME_004
2024-09-26,348.15,16,Grocery,STORE_001,GROC_001
2024-09-26,613.94,22,Beauty,STORE_001,BEAU_001
2024-09-26,1557.63,20,Electronics,STORE_002,ELEC_002
2024-09-26,452.99,12,Clothing,STORE_002,CLTH_002
2024-09-26,872.22,15,Home Goods,STORE_002,HOME_002
2024-09-26,340.60,14,Grocery,STORE_002,GROC_002
2024-09-26,346.77,10,Beauty,STORE_002,BEAU_001
2024-09-26,2114.07,26,Electronics,STORE_003,ELEC_003
2024-09-26,779.39,21,Clothing,STORE_003,CLTH_003
2024-09-26,1351.84,25,Home Goods,STORE_003,HOME_001
2024-09-26,561.67,25,Grocery,STORE_003,GROC_003
2024-09-26,794.30,23,Beauty,STORE_003,BEAU_004
2024-09-27,2213.40,29,Electronics,STORE_001,ELEC_001
2024-09-27,752.91,25,Clothing,STORE_001,CLTH_001
2024-09-27,1329.69,27,Home Goods,STORE_001,HOME_001
2024-09-27,343.31,16,Grocery,STORE_001,GROC_001
2024-09-27,527.85,21,Beauty,STORE_001,BEAU_001
2024-09-27,1526.01,18,Electronics,STORE_002,ELEC_004
2024-09-27,515.99,15,Clothing,STORE_002,CLTH_002
2024-09-27,848.25,15,Home Goods,STORE_002,HOME_003
2024-09-27,201.07,11,Grocery,STORE_002,GROC_003
2024-09-27,667.28,20,Beauty,STORE_002,BEAU_003
2024-09-27,2173.57,30,Electronics,STORE_003,ELEC_001
2024-09-27,962.42,23,Clothing,STORE_003,CLTH_004
2024-09-27,1666.45,29,Home Goods,STORE_003,HOME_004
2024-09-27,500.31,23,Grocery,STORE_003,GROC_004
2024-09-27,743.33,23,Beauty,STORE_003,BEAU_004
2024-09-28,3505.58,38,Electronics,STORE_001,ELEC_002
2024-09-28,904.10,23,Clothing,STORE_001,CLTH_003
2024-09-28,1466.89,28,Home Goods,STORE_001,HOME_003
2024-09-28,475.41,21,Grocery,STORE_001,GROC_003
2024-09-28,760.53,25,Beauty,STORE_001,BEAU_003
2024-09-28,1987.98,25,Electronics,STORE_002,ELEC_004
2024-09-28,1096.94,24,Clothing,STORE_002,CLTH_002
2024-09-28,1144.98,20,Home Goods,STORE_002,HOME_003
2024-09-28,297.00,16,Grocery,STORE_002,GROC_001
2024-09-28,529.03,19,Beauty,STORE_002,BEAU_003
2024-09-28,3503.29,45,Electronics,STORE_003,ELEC_001
2024-09-28,1160.47,28,Clothing,STORE_003,CLTH_003
2024-09-28,1791.02,35,Home Goods,STORE_003,HOME_002
2024-09-28,592.14,27,Grocery,STORE_003,GROC_003
2024-09-28,1056.08,31,Beauty,STORE_003,BEAU_002
2024-09-29,3099.44,36,Electronics,STORE_001,ELEC_004
2024-09-29,975.05,27,Clothing,STORE_001,CLTH_004
2024-09-29,1515.71,27,Home Goods,STORE_001,HOME_004
2024-09-29,508.60,21,Grocery,STORE_001,GROC_001
2024-09-29,1213.40,30,Beauty,STORE_001,BEAU_001
2024-09-29,1563.32,22,Electronics,STORE_002,ELEC_003
2024-09-29,855.86,20,Clothing,STORE_002,CLTH_004
2024-09-29,1003.97,20,Home Goods,STORE_002,HOME_001
2024-09-29,239.07,11,Grocery,STORE_002,GROC_004
2024-09-29,663.14,17,Beauty,STORE_002,BEAU_001
2024-09-29,3263.58,34,Electronics,STORE_003,ELEC_003
2024-09-29,1362.95,29,Clothing,STORE_003,CLTH_004
2024-09-29,1763.49,37,Home Goods,STORE_003,HOME_003
2024-09-29,548.11,24,Grocery,STORE_003,GROC_001
2024-09-29,979.12,27,Beauty,STORE_003,BEAU_003
2024-09-30,2019.50,30,Electronics,STORE_001,ELEC_003
2024-09-30,698.92,17,Clothing,STORE_001,CLTH_001
2024-09-30,1182.60,21,Home Goods,STORE_001,HOME_003
2024-09-30,485.03,20,Grocery,STORE_001,GROC_002
2024-09-30,478.08,14,Beauty,STORE_001,BEAU_003
2024-09-30,2333.91,30,Electronics,STORE_002,ELEC_003
2024-09-30,759.58,18,Clothing,STORE_002,CLTH_003
2024-09-30,1259.51,25,Home Goods,STORE_002,HOME_002
2024-09-30,401.41,15,Grocery,STORE_002,GROC_002
2024-09-30,527.47,14,Beauty,STORE_002,BEAU_004
2024-09-30,1922.52,28,Electronics,STORE_003,ELEC_004
2024-09-30,637.40,16,Clothing,STORE_003,CLTH_001
2024-09-30,1374.01,30,Home Goods,STORE_003,HOME_003
2024-09-30,459.81,19,Grocery,STORE_003,GROC_002
2024-09-30,524.26,19,Beauty,STORE_003,BEAU_004
2024-10-01,2021.98,29,Electronics,STORE_001,ELEC_004
2024-10-01,635.61,18,Clothing,STORE_001,CLTH_001
2024-10-01,1277.65,25,Home Goods,STORE_001,HOME_002
2024-10-01,256.61,14,Grocery,STORE_001,GROC_004
2024-10-01,647.60,17,Beauty,STORE_001,BEAU_002
2024-10-01,1717.85,21,Electronics,STORE_002,ELEC_002
2024-10-01,1093.55,25,Clothing,STORE_002,CLTH_003
2024-10-01,661.02,14,Home Goods,STORE_002,HOME_001
2024-10-01,204.43,9,Grocery,STORE_002,GROC_004
2024-10-01,515.05,15,Beauty,STORE_002,BEAU_004
2024-10-01,2928.19,34,Electronics,STORE_003,ELEC_003
2024-10-01,1042.46,27,Clothing,STORE_003,CLTH_001
2024-10-01,1218.72,26,Home Goods,STORE_003,HOME_003
2024-10-01,436.38,17,Grocery,STORE_003,GROC_001
2024-10-01,910.48,23,Beauty,STORE_003,BEAU_003
2024-10-02,2620.18,33,Electronics,STORE_001,ELEC_003
2024-10-02,1010.04,25,Clothing,STORE_001,CLTH_004
2024-10-02,919.28,15,Home Goods,STORE_001,HOME_001
2024-10-02,311.49,15,Grocery,STORE_001,GROC_004
2024-10-02,593.57,19,Beauty,STORE_001,BEAU_004
2024-10-02,2070.59,26,Electronics,STORE_002,ELEC_002
2024-10-02,409.68,11,Clothing,STORE_002,CLTH_004
2024-10-02,1218.08,26,Home Goods,STORE_002,HOME_002
2024-10-02,190.27,9,Grocery,STORE_002,GROC_002
2024-10-02,558.95,17,Beauty,STORE_002,BEAU_001
2024-10-02,2403.72,31,Electronics,STORE_003,ELEC_001
2024-10-02,1108.30,29,Clothing,STORE_003,CLTH_002
2024-10-02,1617.54,28,Home Goods,STORE_003,HOME_002
2024-10-02,529.21,23,Grocery,STORE_003,GROC_001
2024-10-02,703.25,22,Beauty,STORE_003,BEAU_004
2024-10-03,2308.15,33,Electronics,STORE_001,ELEC_001
2024-10-03,603.38,16,Clothing,STORE_001,CLTH_004
2024-10-03,1269.20,25,Home Goods,STORE_001,HOME_001
2024-10-03,415.85,18,Grocery,STORE_001,GROC_001
2024-10-03,757.68,24,Beauty,STORE_001,BEAU_003
2024-10-03,1753.97,23,Electronics,STORE_002,ELEC_001
2024-10-03,813.55,18,Clothing,STORE_002,CLTH_002
2024-10-03,873.48,15,Home Goods,STORE_002,HOME_001
2024-10-03,165.10,7,Grocery,STORE_002,GROC_001
2024-10-03,562.34,15,Beauty,STORE_002,BEAU_003
2024-10-03,3003.42,33,Electronics,STORE_003,ELEC_004
2024-10-03,894.97,25,Clothing,STORE_003,CLTH_004
2024-10-03,1674.83,27,Home Goods,STORE_003,HOME_004
2024-10-03,462.73,20,Grocery,STORE_003,GROC_003
2024-10-03,694.82,20,Beauty,STORE_003,BEAU_001
2024-10-04,1883.04,25,Electronics,STORE_001,ELEC_001
2024-10-04,636.77,14,Clothing,STORE_001,CLTH_001
2024-10-04,1371.47,22,Home Goods,STORE_001,HOME_004
2024-10-04,321.01,18,Grocery,STORE_001,GROC_003
2024-10-04,644.03,21,Beauty,STORE_001,BEAU_003
2024-10-04,2416.27,27,Electronics,STORE_002,ELEC_004
2024-10-04,417.72,12,Clothing,STORE_002,CLTH_004
2024-10-04,380.72,7,Home Goods,STORE_002,HOME_001
2024-10-04,227.58,10,Grocery,STORE_002,GROC_001
2024-10-04,672.30,17,Beauty,STORE_002,BEAU_004
2024-10-04,3336.19,37,Electronics,STORE_003,ELEC_004
2024-10-04,918.58,26,Clothing,STORE_003,CLTH_002
2024-10-04,1441.12,31,Home Goods,STORE_003,HOME_003
2024-10-04,458.79,17,Grocery,STORE_003,GROC_002
2024-10-04,958.66,26,Beauty,STORE_003,BEAU_003
2024-10-05,2776.15,31,Electronics,STORE_001,ELEC_004
2024-10-05,865.21,24,Clothing,STORE_001,CLTH_004
2024-10-05,1338.91,24,Home Goods,STORE_001,HOME_002
2024-10-05,516.28,21,Grocery,STORE_001,GROC_002
2024-10-05,872.87,26,Beauty,STORE_001,BEAU_004
2024-10-05,2488.31,30,Electronics,STORE_002,ELEC_004
2024-10-05,1252.15,26,Clothing,STORE_002,CLTH_004
2024-10-05,1307.50,23,Home Goods,STORE_002,HOME_003
2024-10-05,298.69,14,Grocery,STORE_002,GROC_003
2024-10-05,558.64,17,Beauty,STORE_002,BEAU_004
2024-10-05,4203.89,47,Electronics,STORE_003,ELEC_002
2024-10-05,1166.16,29,Clothing,STORE_003,CLTH_001
2024-10-05,2017.36,34,Home Goods,STORE_003,HOME_004
2024-10-05,565.69,26,Grocery,STORE_003,GROC_001
2024-10-05,1076.79,25,Beauty,STORE_003,BEAU_002
2024-10-06,2743.87,34,Electronics,STORE_001,ELEC_003
2024-10-06,835.44,26,Clothing,STORE_001,CLTH_003
2024-10-06,1609.65,27,Home Goods,STORE_001,HOME_002
2024-10-06,440.30,20,Grocery,STORE_001,GROC_004
2024-10-06,841.58,24,Beauty,STORE_001,BEAU_003
2024-10-06,2622.77,34,Electronics,STORE_002,ELEC_003
2024-10-06,519.74,18,Clothing,STORE_002,CLTH_001
2024-10-06,1472.73,28,Home Goods,STORE_002,HOME_002
2024-10-06,496.01,21,Grocery,STORE_002,GROC_001
2024-10-06,610.72,18,Beauty,STORE_002,BEAU_001
2024-10-06,2673.31,34,Electronics,STORE_003,ELEC_001
2024-10-06,1122.88,30,Clothing,STORE_003,CLTH_001
2024-10-06,2100.41,35,Home Goods,STORE_003,HOME_001
2024-10-06,540.47,27,Grocery,STORE_003,GROC_001
2024-10-06,1232.98,32,Beauty,STORE_003,BEAU_003
2024-10-07,2191.89,25,Electronics,STORE_001,ELEC_004
2024-10-07,1211.08,28,Clothing,STORE_001,CLTH_003
2024-10-07,1181.56,24,Home Goods,STORE_001,HOME_004
2024-10-07,166.05,7,Grocery,STORE_001,GROC_002
2024-10-07,692.60,19,Beauty,STORE_001,BEAU_003
2024-10-07,1747.66,20,Electronics,STORE_002,ELEC_001
2024-10-07,575.69,14,Clothing,STORE_002,CLTH_002
2024-10-07,1219.19,18,Home Goods,STORE_002,HOME_002
2024-10-07,437.17,20,Grocery,STORE_002,GROC_002
2024-10-07,391.32,11,Beauty,STORE_002,BEAU_002
2024-10-07,2418.17,31,Electronics,STORE_003,ELEC_004
2024-10-07,1048.71,29,Clothing,STORE_003,CLTH_001
2024-10-07,2526.27,41,Home Goods,STORE_003,HOME_002
2024-10-07,238.49,14,Grocery,STORE_003,GROC_002
2024-10-07,887.13,24,Beauty,STORE_003,BEAU_003
2024-10-08,2223.37,28,Electronics,STORE_001,ELEC_003
2024-10-08,873.45,20,Clothing,STORE_001,CLTH_001
2024-10-08,808.42,15,Home Goods,STORE_001,HOME_001
2024-10-08,322.68,14,Grocery,STORE_001,GROC_003
2024-10-08,672.77,20,Beauty,STORE_001,BEAU_002
2024-10-08,1585.15,20,Electronics,STORE_002,ELEC_001
2024-10-08,539.54,15,Clothing,STORE_002,CLTH_004
2024-10-08,869.52,17,Home Goods,STORE_002,HOME_001
2024-10-08,296.29,12,Grocery,STORE_002,GROC_001
2024-10-08,1031.85,25,Beauty,STORE_002,BEAU_004
2024-10-08,2517.10,35,Electronics,STORE_003,ELEC_003
2024-10-08,1252.45,30,Clothing,STORE_003,CLTH_004
2024-10-08,1631.48,29,Home Goods,STORE_003,HOME_003
2024-10-08,418.39,19,Grocery,STORE_003,GROC_003
2024-10-08,698.35,22,Beauty,STORE_003,BEAU_001
2024-10-09,1811.70,31,Electronics,STORE_001,ELEC_003
2024-10-09,1245.39,28,Clothing,STORE_001,CLTH_001
2024-10-09,1437.80,25,Home Goods,STORE_001,HOME_001
2024-10-09,532.14,23,Grocery,STORE_001,GROC_002
2024-10-09,379.89,11,Beauty,STORE_001,BEAU_003
2024-10-09,2307.59,27,Electronics,STORE_002,ELEC_001
2024-10-09,427.64,14,Clothing,STORE_002,CLTH_004
2024-10-09,957.89,20,Home Goods,STORE_002,HOME_003
2024-10-09,144.72,8,Grocery,STORE_002,GROC_003
2024-10-09,332.90,9,Beauty,STORE_002,BEAU_001
2024-10-09,3606.96,41,Electronics,STORE_003,ELEC_002
2024-10-09,1069.39,25,Clothing,STORE_003,CLTH_001
2024-10-09,1404.42,31,Home Goods,STORE_003,HOME_001
2024-10-09,490.12,19,Grocery,STORE_003,GROC_003
2024-10-09,1018.84,34,Beauty,STORE_003,BEAU_001
2024-10-10,2883.63,34,Electronics,STORE_001,ELEC_002
2024-10-10,954.16,26,Clothing,STORE_001,CLTH_002
2024-10-10,1425.81,25,Home Goods,STORE_001,HOME_004
2024-10-10,247.86,12,Grocery,STORE_001,GROC_004
2024-10-10,596.31,16,Beauty,STORE_001,BEAU_004
2024-10-10,2121.29,27,Electronics,STORE_002,ELEC_001
2024-10-10,782.21,18,Clothing,STORE_002,CLTH_002
2024-10-10,710.45,17,Home Goods,STORE_002,HOME_002
2024-10-10,218.59,9,Grocery,STORE_002,GROC_003
2024-10-10,501.79,16,Beauty,STORE_002,BEAU_003
2024-10-10,2991.25,37,Electronics,STORE_003,ELEC_002
2024-10-10,705.39,19,Clothing,STORE_003,CLTH_002
2024-10-10,1629.10,29,Home Goods,STORE_003,HOME_004
2024-10-10,469.65,21,Grocery,STORE_003,GROC_004
2024-10-10,630.81,22,Beauty,STORE_003,BEAU_001
2024-10-11,2508.32,30,Electronics,STORE_001,ELEC_002
2024-10-11,857.18,22,Clothing,STORE_001,CLTH_001
2024-10-11,870.49,18,Home Goods,STORE_001,HOME_001
2024-10-11,415.71,16,Grocery,STORE_001,GROC_002
2024-10-11,598.74,16,Beauty,STORE_001,BEAU_004
2024-10-11,2472.54,31,Electronics,STORE_002,ELEC_001
2024-10-11,669.87,16,Clothing,STORE_002,CLTH_002
2024-10-11,979.32,17,Home Goods,STORE_002,HOME_004
2024-10-11,278.81,11,Grocery,STORE_002,GROC_004
2024-10-11,640.25,18,Beauty,STORE_002,BEAU_004
2024-10-11,2700.78,37,Electronics,STORE_003,ELEC_002
2024-10-11,679.15,17,Clothing,STORE_003,CLTH_001
2024-10-11,1476.27,26,Home Goods,STORE_003,HOME_003
2024-10-11,668.54,31,Grocery,STORE_003,GROC_001
2024-10-11,1079.35,28,Beauty,STORE_003,BEAU_004
2024-10-12,2880.70,32,Electronics,STORE_001,ELEC_001
2024-10-12,1285.70,30,Clothing,STORE_001,CLTH_002
2024-10-12,1464.60,26,Home Goods,STORE_001,HOME_003
2024-10-12,239.42,11,Grocery,STORE_001,GROC_001
2024-10-12,504.54,16,Beauty,STORE_001,BEAU_001
2024-10-12,2436.26,29,Electronics,STORE_002,ELEC_004
2024-10-12,670.03,19,Clothing,STORE_002,CLTH_003
2024-10-12,1471.42,26,Home Goods,STORE_002,HOME_004
2024-10-12,373.37,19,Grocery,STORE_002,GROC_001
2024-10-12,363.82,11,Beauty,STORE_002,BEAU_002
2024-10-12,2408.99,33,Electronics,STORE_003,ELEC_001
2024-10-12,1017.95,23,Clothing,STORE_003,CLTH_002
2024-10-12,1678.41,29,Home Goods,STORE_003,HOME_003
2024-10-12,308.13,16,Grocery,STORE_003,GROC_001
2024-10-12,1098.58,31,Beauty,STORE_003,BEAU_004
2024-10-13,2087.01,31,Electronics,STORE_001,ELEC_002
2024-10-13,978.76,19,Clothing,STORE_001,CLTH_002
2024-10-13,1536.70,28,Home Goods,STORE_001,HOME_001
2024-10-13,365.68,20,Grocery,STORE_001,GROC_002
2024-10-13,1310.24,32,Beauty,STORE_001,BEAU_001
2024-10-13,1862.08,27,Electronics,STORE_002,ELEC_002
2024-10-13,1101.98,24,Clothing,STORE_002,CLTH_001
2024-10-13,1273.26,22,Home Goods,STORE_002,HOME_002
2024-10-13,203.61,8,Grocery,STORE_002,GROC_004
2024-10-13,820.61,24,Beauty,STORE_002,BEAU_002
2024-10-13,3167.48,37,Electronics,STORE_003,ELEC_002
2024-10-13,1202.13,26,Clothing,STORE_003,CLTH_004
2024-10-13,1818.61,29,Home Goods,STORE_003,HOME_001
2024-10-13,664.98,31,Grocery,STORE_003,GROC_004
2024-10-13,801.65,24,Beauty,STORE_003,BEAU_001
2024-10-14,1919.84,23,Electronics,STORE_001,ELEC_002
2024-10-14,603.96,17,Clothing,STORE_001,CLTH_001
2024-10-14,780.62,19,Home Goods,STORE_001,HOME_002
2024-10-14,542.93,22,Grocery,STORE_001,GROC_002
2024-10-14,1023.29,27,Beauty,STORE_001,BEAU_003
2024-10-14,2341.31,25,Electronics,STORE_002,ELEC_002
2024-10-14,364.72,10,Clothing,STORE_002,CLTH_004
2024-10-14,782.38,12,Home Goods,STORE_002,HOME_003
2024-10-14,266.74,13,Grocery,STORE_002,GROC_004
2024-10-14,420.35,11,Beauty,STORE_002,BEAU_001
2024-10-14,2756.49,34,Electronics,STORE_003,ELEC_004
2024-10-14,855.39,25,Clothing,STORE_003,CLTH_003
2024-10-14,1585.15,29,Home Goods,STORE_003,HOME_004
2024-10-14,403.11,18,Grocery,STORE_003,GROC_003
2024-10-14,947.50,26,Beauty,STORE_003,BEAU_001
2024-10-15,2257.80,27,Electronics,STORE_001,ELEC_002
2024-10-15,1152.22,22,Clothing,STORE_001,CLTH_001
2024-10-15,1637.22,25,Home Goods,STORE_001,HOME_003
2024-10-15,530.00,22,Grocery,STORE_001,GROC_003
2024-10-15,635.20,19,Beauty,STORE_001,BEAU_003
2024-10-15,1225.75,17,Electronics,STORE_002,ELEC_001
2024-10-15,540.46,16,Clothing,STORE_002,CLTH_001
2024-10-15,1249.80,22,Home Goods,STORE_002,HOME_003
2024-10-15,303.09,13,Grocery,STORE_002,GROC_004
2024-10-15,473.90,18,Beauty,STORE_002,BEAU_002
2024-10-15,3485.40,45,Electronics,STORE_003,ELEC_003
2024-10-15,1123.73,28,Clothing,STORE_003,CLTH_001
2024-10-15,1723.60,28,Home Goods,STORE_003,HOME_002
2024-10-15,349.26,13,Grocery,STORE_003,GROC_002
2024-10-15,737.67,25,Beauty,STORE_003,BEAU_003
2024-10-16,2511.63,31,Electronics,STORE_001,ELEC_003
2024-10-16,940.94,25,Clothing,STORE_001,CLTH_004
2024-10-16,1437.28,27,Home Goods,STORE_001,HOME_004
2024-10-16,295.90,15,Grocery,STORE_001,GROC_003
2024-10-16,586.71,17,Beauty,STORE_001,BEAU_002
2024-10-16,941.46,13,Electronics,STORE_002,ELEC_003
2024-10-16,858.40,21,Clothing,STORE_002,CLTH_004
2024-10-16,1166.82,21,Home Goods,STORE_002,HOME_002
2024-10-16,310.06,17,Grocery,STORE_002,GROC_001
2024-10-16,798.11,24,Beauty,STORE_002,BEAU_003
2024-10-16,2599.21,33,Electronics,STORE_003,ELEC_001
2024-10-16,885.50,21,Clothing,STORE_003,CLTH_004
2024-10-16,1512.13,26,Home Goods,STORE_003,HOME_004
2024-10-16,376.24,22,Grocery,STORE_003,GROC_001
2024-10-16,1024.60,26,Beauty,STORE_003,BEAU_002
2024-10-17,2688.47,29,Electronics,STORE_001,ELEC_001
2024-10-17,652.89,19,Clothing,STORE_001,CLTH_003
2024-10-17,1224.64,24,Home Goods,STORE_001,HOME_002
2024-10-17,413.80,18,Grocery,STORE_001,GROC_003
2024-10-17,502.07,15,Beauty,STORE_001,BEAU_001
2024-10-17,1759.12,20,Electronics,STORE_002,ELEC_001
2024-10-17,890.51,22,Clothing,STORE_002,CLTH_001
2024-10-17,843.81,15,Home Goods,STORE_002,HOME_003
2024-10-17,384.30,19,Grocery,STORE_002,GROC_001
2024-10-17,634.26,18,Beauty,STORE_002,BEAU_003
2024-10-17,2811.20,34,Electronics,STORE_003,ELEC_003
2024-10-17,961.90,21,Clothing,STORE_003,CLTH_004
2024-10-17,1821.67,33,Home Goods,STORE_003,HOME_004
2024-10-17,369.26,18,Grocery,STORE_003,GROC_001
2024-10-17,873.94,28,Beauty,STORE_003,BEAU_003
2024-10-18,3010.02,33,Electronics,STORE_001,ELEC_004
2024-10-18,791.22,18,Clothing,STORE_001,CLTH_003
2024-10-18,1283.93,24,Home Goods,STORE_001,HOME_001
2024-10-18,407.26,20,Grocery,STORE_001,GROC_003
2024-10-18,642.55,18,Beauty,STORE_001,BEAU_003
2024-10-18,2452.51,33,Electronics,STORE_002,ELEC_001
2024-10-18,728.82,17,Clothing,STORE_002,CLTH_002
2024-10-18,656.78,14,Home Goods,STORE_002,HOME_004
2024-10-18,359.51,14,Grocery,STORE_002,GROC_003
2024-10-18,459.23,16,Beauty,STORE_002,BEAU_001
2024-10-18,3019.82,39,Electronics,STORE_003,ELEC_001
2024-10-18,997.20,25,Clothing,STORE_003,CLTH_001
2024-10-18,1263.92,25,Home Goods,STORE_003,HOME_002
2024-10-18,390.71,18,Grocery,STORE_003,GROC_001
2024-10-18,529.95,15,Beauty,STORE_003,BEAU_002
2024-10-19,2465.05,38,Electronics,STORE_001,ELEC_003
2024-10-19,746.22,16,Clothing,STORE_001,CLTH_002
2024-10-19,1937.10,29,Home Goods,STORE_001,HOME_004
2024-10-19,395.43,16,Grocery,STORE_001,GROC_002
2024-10-19,598.78,20,Beauty,STORE_001,BEAU_004
2024-10-19,2166.28,25,Electronics,STORE_002,ELEC_003
2024-10-19,1034.91,23,Clothing,STORE_002,CLTH_004
2024-10-19,1185.01,24,Home Goods,STORE_002,HOME_001
2024-10-19,358.02,13,Grocery,STORE_002,GROC_002
2024-10-19,572.17,17,Beauty,STORE_002,BEAU_002
2024-10-19,3934.48,45,Electronics,STORE_003,ELEC_001
2024-10-19,1218.45,30,Clothing,STORE_003,CLTH_002
2024-10-19,1144.75,30,Home Goods,STORE_003,HOME_002
2024-10-19,578.08,24,Grocery,STORE_003,GROC_004
2024-10-19,795.13,27,Beauty,STORE_003,BEAU_003
2024-10-20,4462.93,41,Electronics,STORE_001,ELEC_002
2024-10-20,1412.70,35,Clothing,STORE_001,CLTH_002
2024-10-20,1365.67,30,Home Goods,STORE_001,HOME_001
2024-10-20,427.61,20,Grocery,STORE_001,GROC_003
2024-10-20,594.87,20,Beauty,STORE_001,BEAU_002
2024-10-20,2969.69,33,Electronics,STORE_002,ELEC_002
2024-10-20,1012.97,22,Clothing,STORE_002,CLTH_003
2024-10-20,1529.24,23,Home Goods,STORE_002,HOME_004
2024-10-20,319.21,12,Grocery,STORE_002,GROC_002
2024-10-20,631.83,17,Beauty,STORE_002,BEAU_001
2024-10-20,3751.23,41,Electronics,STORE_003,ELEC_002
2024-10-20,1211.08,35,Clothing,STORE_003,CLTH_002
2024-10-20,1871.08,27,Home Goods,STORE_003,HOME_003
2024-10-20,580.99,24,Grocery,STORE_003,GROC_001
2024-10-20,858.36,27,Beauty,STORE_003,BEAU_003
2024-10-21,2003.68,27,Electronics,STORE_001,ELEC_004
2024-10-21,1007.77,23,Clothing,STORE_001,CLTH_004
2024-10-21,1181.76,27,Home Goods,STORE_001,HOME_001
2024-10-21,314.98,13,Grocery,STORE_001,GROC_004
2024-10-21,335.87,11,Beauty,STORE_001,BEAU_001
2024-10-21,1863.62,27,Electronics,STORE_002,ELEC_001
2024-10-21,522.92,14,Clothing,STORE_002,CLTH_004
2024-10-21,1311.53,24,Home Goods,STORE_002,HOME_003
2024-10-21,351.55,14,Grocery,STORE_002,GROC_001
2024-10-21,1056.47,25,Beauty,STORE_002,BEAU_001
2024-10-21,3701.72,40,Electronics,STORE_003,ELEC_004
2024-10-21,867.53,26,Clothing,STORE_003,CLTH_002
2024-10-21,1548.01,33,Home Goods,STORE_003,HOME_004
2024-10-21,467.14,21,Grocery,STORE_003,GROC_004
2024-10-21,754.75,23,Beauty,STORE_003,BEAU_004
2024-10-22,1968.71,29,Electronics,STORE_001,ELEC_001
2024-10-22,1041.43,24,Clothing,STORE_001,CLTH_002
2024-10-22,960.53,23,Home Goods,STORE_001,HOME_003
2024-10-22,303.63,14,Grocery,STORE_001,GROC_004
2024-10-22,919.29,25,Beauty,STORE_001,BEAU_002
2024-10-22,2131.07,25,Electronics,STORE_002,ELEC_003
2024-10-22,718.24,14,Clothing,STORE_002,CLTH_003
2024-10-22,1200.46,20,Home Goods,STORE_002,HOME_003
2024-10-22,323.66,14,Grocery,STORE_002,GROC_001
2024-10-22,422.08,11,Beauty,STORE_002,BEAU_003
2024-10-22,2653.81,34,Electronics,STORE_003,ELEC_004
2024-10-22,877.02,24,Clothing,STORE_003,CLTH_001
2024-10-22,1823.14,31,Home Goods,STORE_003,HOME_004
2024-10-22,338.62,16,Grocery,STORE_003,GROC_004
2024-10-22,831.46,24,Beauty,STORE_003,BEAU_003
2024-10-23,2210.88,26,Electronics,STORE_001,ELEC_002
2024-10-23,842.45,19,Clothing,STORE_001,CLTH_003
2024-10-23,1394.09,23,Home Goods,STORE_001,HOME_003
2024-10-23,550.32,22,Grocery,STORE_001,GROC_004
2024-10-23,848.40,23,Beauty,STORE_001,BEAU_002
2024-10-23,2606.85,27,Electronics,STORE_002,ELEC_003
2024-10-23,620.07,16,Clothing,STORE_002,CLTH_002
2024-10-23,1412.02,23,Home Goods,STORE_002,HOME_001
2024-10-23,196.41,9,Grocery,STORE_002,GROC_002
2024-10-23,474.26,12,Beauty,STORE_002,BEAU_002
2024-10-23,2717.33,39,Electronics,STORE_003,ELEC_003
2024-10-23,797.93,22,Clothing,STORE_003,CLTH_003
2024-10-23,1366.95,24,Home Goods,STORE_003,HOME_003
2024-10-23,520.67,23,Grocery,STORE_003,GROC_003
2024-10-23,708.16,22,Beauty,STORE_003,BEAU_003
2024-10-24,2257.72,31,Electronics,STORE_001,ELEC_003
2024-10-24,727.43,20,Clothing,STORE_001,CLTH_002
2024-10-24,815.69,16,Home Goods,STORE_001,HOME_003
2024-10-24,370.04,19,Grocery,STORE_001,GROC_003
2024-10-24,645.89,18,Beauty,STORE_001,BEAU_002
2024-10-24,1760.91,22,Electronics,STORE_002,ELEC_003
2024-10-24,448.35,10,Clothing,STORE_002,CLTH_002
2024-10-24,1533.75,21,Home Goods,STORE_002,HOME_003
2024-10-24,300.12,11,Grocery,STORE_002,GROC_004
2024-10-24,579.23,20,Beauty,STORE_002,BEAU_001
2024-10-24,3292.33,35,Electronics,STORE_003,ELEC_003
2024-10-24,781.82,21,Clothing,STORE_003,CLTH_004
2024-10-24,1358.55,24,Home Goods,STORE_003,HOME_002
2024-10-24,446.47,19,Grocery,STORE_003,GROC_003
2024-10-24,1004.52,31,Beauty,STORE_003,BEAU_002
2024-10-25,2346.87,30,Electronics,STORE_001,ELEC_001
2024-10-25,658.09,17,Clothing,STORE_001,CLTH_002
2024-10-25,1213.32,22,Home Goods,STORE_001,HOME_004
2024-10-25,580.75,22,Grocery,STORE_001,GROC_004
2024-10-25,707.06,24,Beauty,STORE_001,BEAU_004
2024-10-25,2292.02,27,Electronics,STORE_002,ELEC_002
2024-10-25,542.38,14,Clothing,STORE_002,CLTH_003
2024-10-25,965.49,16,Home Goods,STORE_002,HOME_002
2024-10-25,391.26,16,Grocery,STORE_002,GROC_003
2024-10-25,569.29,14,Beauty,STORE_002,BEAU_004
2024-10-25,3075.97,38,Electronics,STORE_003,ELEC_002
2024-10-25,1050.75,27,Clothing,STORE_003,CLTH_003
2024-10-25,1586.71,26,Home Goods,STORE_003,HOME_001
2024-10-25,340.54,16,Grocery,STORE_003,GROC_004
2024-10-25,1155.47,29,Beauty,STORE_003,BEAU_001
2024-10-26,2554.27,34,Electronics,STORE_001,ELEC_002
2024-10-26,1396.69,28,Clothing,STORE_001,CLTH_001
2024-10-26,1671.06,31,Home Goods,STORE_001,HOME_004
2024-10-26,524.50,19,Grocery,STORE_001,GROC_004
2024-10-26,1191.22,30,Beauty,STORE_001,BEAU_001
2024-10-26,2529.48,30,Electronics,STORE_002,ELEC_003
2024-10-26,588.69,15,Clothing,STORE_002,CLTH_003
2024-10-26,1125.00,23,Home Goods,STORE_002,HOME_004
2024-10-26,234.51,9,Grocery,STORE_002,GROC_002
2024-10-26,548.40,16,Beauty,STORE_002,BEAU_002
2024-10-26,3272.25,42,Electronics,STORE_003,ELEC_004
2024-10-26,1220.72,31,Clothing,STORE_003,CLTH_002
2024-10-26,1854.93,36,Home Goods,STORE_003,HOME_004
2024-10-26,369.91,21,Grocery,STORE_003,GROC_001
2024-10-26,959.38,29,Beauty,STORE_003,BEAU_001
2024-10-27,2565.88,32,Electronics,STORE_001,ELEC_004
2024-10-27,989.36,21,Clothing,STORE_001,CLTH_001
2024-10-27,2271.24,37,Home Goods,STORE_001,HOME_002
2024-10-27,497.33,22,Grocery,STORE_001,GROC_003
2024-10-27,977.40,24,Beauty,STORE_001,BEAU_001
2024-10-27,2057.42,28,Electronics,STORE_002,ELEC_002
2024-10-27,1208.50,25,Clothing,STORE_002,CLTH_001
2024-10-27,1305.58,21,Home Goods,STORE_002,HOME_002
2024-10-27,171.55,8,Grocery,STORE_002,GROC_001
2024-10-27,596.83,22,Beauty,STORE_002,BEAU_004
2024-10-27,2676.79,37,Electronics,STORE_003,ELEC_004
2024-10-27,1004.22,31,Clothing,STORE_003,CLTH_001
2024-10-27,1765.06,34,Home Goods,STORE_003,HOME_002
2024-10-27,735.75,27,Grocery,STORE_003,GROC_004
2024-10-27,908.29,22,Beauty,STORE_003,BEAU_002
2024-10-28,2298.50,30,Electronics,STORE_001,ELEC_001
2024-10-28,656.38,15,Clothing,STORE_001,CLTH_003
2024-10-28,1599.36,27,Home Goods,STORE_001,HOME_002
2024-10-28,253.06,10,Grocery,STORE_001,GROC_002
2024-10-28,925.13,20,Beauty,STORE_001,BEAU_002
2024-10-28,1238.26,14,Electronics,STORE_002,ELEC_001
2024-10-28,671.70,18,Clothing,STORE_002,CLTH_004
2024-10-28,769.35,15,Home Goods,STORE_002,HOME_001
2024-10-28,252.10,11,Grocery,STORE_002,GROC_001
2024-10-28,484.86,18,Beauty,STORE_002,BEAU_001
2024-10-28,2467.26,32,Electronics,STORE_003,ELEC_003
2024-10-28,798.83,23,Clothing,STORE_003,CLTH_003
2024-10-28,1849.29,29,Home Goods,STORE_003,HOME_002
2024-10-28,415.99,20,Grocery,STORE_003,GROC_004
2024-10-28,736.76,21,Beauty,STORE_003,BEAU_001
2024-10-29,2500.88,31,Electronics,STORE_001,ELEC_002
2024-10-29,517.45,15,Clothing,STORE_001,CLTH_003
2024-10-29,1666.46,29,Home Goods,STORE_001,HOME_002
2024-10-29,429.04,17,Grocery,STORE_001,GROC_002
2024-10-29,445.84,11,Beauty,STORE_001,BEAU_003
2024-10-29,1760.65,24,Electronics,STORE_002,ELEC_004
2024-10-29,864.58,21,Clothing,STORE_002,CLTH_003
2024-10-29,954.76,19,Home Goods,STORE_002,HOME_003
2024-10-29,466.28,20,Grocery,STORE_002,GROC_003
2024-10-29,683.88,22,Beauty,STORE_002,BEAU_004
2024-10-29,2772.84,30,Electronics,STORE_003,ELEC_002
2024-10-29,1352.72,34,Clothing,STORE_003,CLTH_003
2024-10-29,1745.55,32,Home Goods,STORE_003,HOME_004
2024-10-29,387.95,17,Grocery,STORE_003,GROC_003
2024-10-29,935.14,25,Beauty,STORE_003,BEAU_001
2024-10-30,2970.68,33,Electronics,STORE_001,ELEC_002
2024-10-30,1100.53,22,Clothing,STORE_001,CLTH_002
2024-10-30,1663.93,28,Home Goods,STORE_001,HOME_004
2024-10-30,343.49,14,Grocery,STORE_001,GROC_003
2024-10-30,535.96,17,Beauty,STORE_001,BEAU_002
2024-10-30,1661.94,22,Electronics,STORE_002,ELEC_002
2024-10-30,626.91,14,Clothing,STORE_002,CLTH_002
2024-10-30,911.10,16,Home Goods,STORE_002,HOME_003
2024-10-30,376.67,15,Grocery,STORE_002,GROC_003
2024-10-30,623.29,16,Beauty,STORE_002,BEAU_001
2024-10-30,2646.75,34,Electronics,STORE_003,ELEC_002
2024-10-30,1112.02,25,Clothing,STORE_003,CLTH_001
2024-10-30,1520.86,27,Home Goods,STORE_003,HOME_001
2024-10-30,427.72,19,Grocery,STORE_003,GROC_001
2024-10-30,706.72,19,Beauty,STORE_003,BEAU_004
2024-10-31,2727.88,33,Electronics,STORE_001,ELEC_001
2024-10-31,769.30,20,Clothing,STORE_001,CLTH_001
2024-10-31,1473.11,27,Home Goods,STORE_001,HOME_002
2024-10-31,395.37,18,Grocery,STORE_001,GROC_004
2024-10-31,695.85,21,Beauty,STORE_001,BEAU_002
2024-10-31,1298.79,14,Electronics,STORE_002,ELEC_004
2024-10-31,641.54,17,Clothing,STORE_002,CLTH_003
2024-10-31,1069.02,20,Home Goods,STORE_002,HOME_003
2024-10-31,283.70,13,Grocery,STORE_002,GROC_002
2024-10-31,676.99,17,Beauty,STORE_002,BEAU_002
2024-10-31,2601.11,33,Electronics,STORE_003,ELEC_001
2024-10-31,1006.74,23,Clothing,STORE_003,CLTH_001
2024-10-31,1842.11,35,Home Goods,STORE_003,HOME_001
2024-10-31,440.58,22,Grocery,STORE_003,GROC_004
2024-10-31,569.04,18,Beauty,STORE_003,BEAU_003
2024-11-01,2377.21,25,Electronics,STORE_001,ELEC_002
2024-11-01,828.92,21,Clothing,STORE_001,CLTH_001
2024-11-01,1473.10,27,Home Goods,STORE_001,HOME_002
2024-11-01,484.38,23,Grocery,STORE_001,GROC_003
2024-11-01,661.74,18,Beauty,STORE_001,BEAU_004
2024-11-01,1691.53,21,Electronics,STORE_002,ELEC_003
2024-11-01,773.22,19,Clothing,STORE_002,CLTH_002
2024-11-01,826.29,17,Home Goods,STORE_002,HOME_003
2024-11-01,343.08,17,Grocery,STORE_002,GROC_002
2024-11-01,675.94,19,Beauty,STORE_002,BEAU_001
2024-11-01,2174.24,32,Electronics,STORE_003,ELEC_004
2024-11-01,1309.85,26,Clothing,STORE_003,CLTH_002
2024-11-01,1024.51,23,Home Goods,STORE_003,HOME_004
2024-11-01,549.95,21,Grocery,STORE_003,GROC_002
2024-11-01,574.66,21,Beauty,STORE_003,BEAU_003
2024-11-02,3229.48,36,Electronics,STORE_001,ELEC_004
2024-11-02,1227.29,29,Clothing,STORE_001,CLTH_001
2024-11-02,1215.33,24,Home Goods,STORE_001,HOME_002
2024-11-02,589.97,22,Grocery,STORE_001,GROC_002
2024-11-02,761.25,21,Beauty,STORE_001,BEAU_002
2024-11-02,1677.55,22,Electronics,STORE_002,ELEC_001
2024-11-02,562.94,13,Clothing,STORE_002,CLTH_001
2024-11-02,1235.09,23,Home Goods,STORE_002,HOME_001
2024-11-02,334.21,17,Grocery,STORE_002,GROC_003
2024-11-02,373.35,11,Beauty,STORE_002,BEAU_001
2024-11-02,2838.11,42,Electronics,STORE_003,ELEC_002
2024-11-02,1509.42,29,Clothing,STORE_003,CLTH_004
2024-11-02,1685.55,30,Home Goods,STORE_003,HOME_001
2024-11-02,452.28,21,Grocery,STORE_003,GROC_002
2024-11-02,1297.50,29,Beauty,STORE_003,BEAU_004
2024-11-03,2556.87,34,Electronics,STORE_001,ELEC_002
2024-11-03,677.48,18,Clothing,STORE_001,CLTH_004
2024-11-03,1662.54,26,Home Goods,STORE_001,HOME_001
2024-11-03,361.63,16,Grocery,STORE_001,GROC_003
2024-11-03,794.66,21,Beauty,STORE_001,BEAU_003
2024-11-03,2164.69,28,Electronics,STORE_002,ELEC_004
2024-11-03,739.25,21,Clothing,STORE_002,CLTH_002
2024-11-03,1371.71,22,Home Goods,STORE_002,HOME_004
2024-11-03,314.20,12,Grocery,STORE_002,GROC_003
2024-11-03,415.53,13,Beauty,STORE_002,BEAU_004
2024-11-03,2854.46,39,Electronics,STORE_003,ELEC_003
2024-11-03,902.76,26,Clothing,STORE_003,CLTH_003
2024-11-03,1847.62,36,Home Goods,STORE_003,HOME_002
2024-11-03,656.36,27,Grocery,STORE_003,GROC_003
2024-11-03,1272.03,31,Beauty,STORE_003,BEAU_003
2024-11-04,2701.45,33,Electronics,STORE_001,ELEC_001
2024-11-04,877.16,20,Clothing,STORE_001,CLTH_003
2024-11-04,1086.18,21,Home Goods,STORE_001,HOME_002
2024-11-04,500.08,17,Grocery,STORE_001,GROC_002
2024-11-04,675.45,20,Beauty,STORE_001,BEAU_001
2024-11-04,1645.80,25,Electronics,STORE_002,ELEC_003
2024-11-04,667.34,18,Clothing,STORE_002,CLTH_001
2024-11-04,1077.83,19,Home Goods,STORE_002,HOME_001
2024-11-04,388.14,19,Grocery,STORE_002,GROC_002
2024-11-04,523.30,18,Beauty,STORE_002,BEAU_002
2024-11-04,2967.69,38,Electronics,STORE_003,ELEC_003
2024-11-04,1285.92,26,Clothing,STORE_003,CLTH_002
2024-11-04,1486.04,30,Home Goods,STORE_003,HOME_004
2024-11-04,417.71,21,Grocery,STORE_003,GROC_003
2024-11-04,1140.93,29,Beauty,STORE_003,BEAU_004
2024-11-05,2683.75,26,Electronics,STORE_001,ELEC_002
2024-11-05,796.43,19,Clothing,STORE_001,CLTH_003
2024-11-05,1816.62,29,Home Goods,STORE_001,HOME_004
2024-11-05,268.05,12,Grocery,STORE_001,GROC_003
2024-11-05,582.84,19,Beauty,STORE_001,BEAU_001
2024-11-05,1743.62,19,Electronics,STORE_002,ELEC_002
2024-11-05,639.44,17,Clothing,STORE_002,CLTH_002
2024-11-05,1206.12,22,Home Goods,STORE_002,HOME_001
2024-11-05,627.71,23,Grocery,STORE_002,GROC_003
2024-11-05,455.86,13,Beauty,STORE_002,BEAU_001
2024-11-05,3044.35,38,Electronics,STORE_003,ELEC_004
2024-11-05,1132.72,28,Clothing,STORE_003,CLTH_003
2024-11-05,1523.47,26,Home Goods,STORE_003,HOME_003
2024-11-05,539.32,21,Grocery,STORE_003,GROC_004
2024-11-05,726.28,20,Beauty,STORE_003,BEAU_002
2024-11-06,2265.14,28,Electronics,STORE_001,ELEC_001
2024-11-06,632.14,16,Clothing,STORE_001,CLTH_004
2024-11-06,1017.17,20,Home Goods,STORE_001,HOME_003
2024-11-06,354.15,15,Grocery,STORE_001,GROC_003
2024-11-06,675.20,18,Beauty,STORE_001,BEAU_004
2024-11-06,1839.25,21,Electronics,STORE_002,ELEC_002
2024-11-06,810.08,20,Clothing,STORE_002,CLTH_001
2024-11-06,783.64,17,Home Goods,STORE_002,HOME_002
2024-11-06,416.28,17,Grocery,STORE_002,GROC_001
2024-11-06,610.76,17,Beauty,STORE_002,BEAU_001
2024-11-06,3771.87,35,Electronics,STORE_003,ELEC_004
2024-11-06,1586.32,32,Clothing,STORE_003,CLTH_004
2024-11-06,1254.80,24,Home Goods,STORE_003,HOME_002
2024-11-06,433.96,16,Grocery,STORE_003,GROC_003
2024-11-06,1150.75,26,Beauty,STORE_003,BEAU_003
2024-11-07,2689.98,35,Electronics,STORE_001,ELEC_001
2024-11-07,609.86,15,Clothing,STORE_001,CLTH_003
2024-11-07,1193.58,24,Home Goods,STORE_001,HOME_001
2024-11-07,365.68,16,Grocery,STORE_001,GROC_003
2024-11-07,770.90,20,Beauty,STORE_001,BEAU_004
2024-11-07,1734.15,22,Electronics,STORE_002,ELEC_002
2024-11-07,901.10,18,Clothing,STORE_002,CLTH_003
2024-11-07,1316.57,23,Home Goods,STORE_002,HOME_004
2024-11-07,77.01,3,Grocery,STORE_002,GROC_004
2024-11-07,634.55,18,Beauty,STORE_002,BEAU_002
2024-11-07,3079.84,34,Electronics,STORE_003,ELEC_002
2024-11-07,1058.86,25,Clothing,STORE_003,CLTH_001
2024-11-07,1980.99,35,Home Goods,STORE_003,HOME_002
2024-11-07,268.68,11,Grocery,STORE_003,GROC_004
2024-11-07,597.40,18,Beauty,STORE_003,BEAU_003
2024-11-08,2546.60,30,Electronics,STORE_001,ELEC_004
2024-11-08,847.43,20,Clothing,STORE_001,CLTH_001
2024-11-08,1071.45,17,Home Goods,STORE_001,HOME_003
2024-11-08,412.33,20,Grocery,STORE_001,GROC_002
2024-11-08,925.29,23,Beauty,STORE_001,BEAU_001
2024-11-08,2370.94,26,Electronics,STORE_002,ELEC_004
2024-11-08,385.69,10,Clothing,STORE_002,CLTH_004
2024-11-08,1072.67,21,Home Goods,STORE_002,HOME_002
2024-11-08,383.96,16,Grocery,STORE_002,GROC_001
2024-11-08,465.77,13,Beauty,STORE_002,BEAU_003
2024-11-08,3687.77,34,Electronics,STORE_003,ELEC_004
2024-11-08,1024.66,26,Clothing,STORE_003,CLTH_001
2024-11-08,1258.99,23,Home Goods,STORE_003,HOME_003
2024-11-08,530.81,19,Grocery,STORE_003,GROC_003
2024-11-08,685.41,21,Beauty,STORE_003,BEAU_004
2024-11-09,3864.59,40,Electronics,STORE_001,ELEC_004
2024-11-09,651.91,17,Clothing,STORE_001,CLTH_003
2024-11-09,1169.94,23,Home Goods,STORE_001,HOME_004
2024-11-09,455.61,24,Grocery,STORE_001,GROC_003
2024-11-09,957.40,28,Beauty,STORE_001,BEAU_003
2024-11-09,2515.00,29,Electronics,STORE_002,ELEC_001
2024-11-09,841.07,23,Clothing,STORE_002,CLTH_004
2024-11-09,1150.77,24,Home Goods,STORE_002,HOME_001
2024-11-09,361.68,15,Grocery,STORE_002,GROC_004
2024-11-09,609.68,18,Beauty,STORE_002,BEAU_003
2024-11-09,3001.75,39,Electronics,STORE_003,ELEC_003
2024-11-09,1156.18,23,Clothing,STORE_003,CLTH_002
2024-11-09,2988.40,44,Home Goods,STORE_003,HOME_001
2024-11-09,649.60,25,Grocery,STORE_003,GROC_001
2024-11-09,616.95,19,Beauty,STORE_003,BEAU_001
2024-11-10,3063.61,35,Electronics,STORE_001,ELEC_004
2024-11-10,959.90,23,Clothing,STORE_001,CLTH_001
2024-11-10,1487.48,30,Home Goods,STORE_001,HOME_002
2024-11-10,382.70,18,Grocery,STORE_001,GROC_002
2024-11-10,699.47,20,Beauty,STORE_001,BEAU_004
2024-11-10,2043.14,27,Electronics,STORE_002,ELEC_003
2024-11-10,758.09,20,Clothing,STORE_002,CLTH_001
2024-11-10,1065.61,16,Home Goods,STORE_002,HOME_003
2024-11-10,319.67,16,Grocery,STORE_002,GROC_001
2024-11-10,652.04,15,Beauty,STORE_002,BEAU_001
2024-11-10,3165.11,48,Electronics,STORE_003,ELEC_002
2024-11-10,1433.14,34,Clothing,STORE_003,CLTH_003
2024-11-10,1730.53,35,Home Goods,STORE_003,HOME_004
2024-11-10,508.18,22,Grocery,STORE_003,GROC_001
2024-11-10,988.94,26,Beauty,STORE_003,BEAU_001
2024-11-11,2717.99,31,Electronics,STORE_001,ELEC_004
2024-11-11,1004.76,27,Clothing,STORE_001,CLTH_003
2024-11-11,1491.66,23,Home Goods,STORE_001,HOME_004
2024-11-11,298.64,15,Grocery,STORE_001,GROC_002
2024-11-11,582.71,16,Beauty,STORE_001,BEAU_002
2024-11-11,1311.41,22,Electronics,STORE_002,ELEC_001
2024-11-11,679.28,14,Clothing,STORE_002,CLTH_004
2024-11-11,852.25,16,Home Goods,STORE_002,HOME_003
2024-11-11,183.52,7,Grocery,STORE_002,GROC_004
2024-11-11,462.67,11,Beauty,STORE_002,BEAU_002
2024-11-11,3044.22,37,Electronics,STORE_003,ELEC_002
2024-11-11,783.00,20,Clothing,STORE_003,CLTH_001
2024-11-11,1325.24,26,Home Goods,STORE_003,HOME_002
2024-11-11,580.50,26,Grocery,STORE_003,GROC_004
2024-11-11,913.48,24,Beauty,STORE_003,BEAU_002
2024-11-12,2512.27,30,Electronics,STORE_001,ELEC_004
2024-11-12,655.95,15,Clothing,STORE_001,CLTH_001
2024-11-12,1617.72,27,Home Goods,STORE_001,HOME_004
2024-11-12,327.68,14,Grocery,STORE_001,GROC_003
2024-11-12,678.69,20,Beauty,STORE_001,BEAU_003
2024-11-12,1524.65,19,Electronics,STORE_002,ELEC_002
2024-11-12,707.42,19,Clothing,STORE_002,CLTH_003
2024-11-12,1464.59,24,Home Goods,STORE_002,HOME_001
2024-11-12,200.43,9,Grocery,STORE_002,GROC_003
2024-11-12,486.12,13,Beauty,STORE_002,BEAU_002
2024-11-12,2582.87,31,Electronics,STORE_003,ELEC_001
2024-11-12,665.24,17,Clothing,STORE_003,CLTH_001
2024-11-12,1809.90,32,Home Goods,STORE_003,HOME_003
2024-11-12,339.78,12,Grocery,STORE_003,GROC_003
2024-11-12,511.63,14,Beauty,STORE_003,BEAU_003
2024-11-13,2932.00,33,Electronics,STORE_001,ELEC_004
2024-11-13,929.06,24,Clothing,STORE_001,CLTH_004
2024-11-13,1256.07,23,Home Goods,STORE_001,HOME_004
2024-11-13,478.26,19,Grocery,STORE_001,GROC_001
2024-11-13,508.57,15,Beauty,STORE_001,BEAU_001
2024-11-13,1686.24,18,Electronics,STORE_002,ELEC_004
2024-11-13,723.93,16,Clothing,STORE_002,CLTH_002
2024-11-13,804.14,12,Home Goods,STORE_002,HOME_004
2024-11-13,385.06,17,Grocery,STORE_002,GROC_001
2024-11-13,846.47,18,Beauty,STORE_002,BEAU_003
2024-11-13,2066.93,27,Electronics,STORE_003,ELEC_002
2024-11-13,1118.42,24,Clothing,STORE_003,CLTH_003
2024-11-13,1665.27,29,Home Goods,STORE_003,HOME_002
2024-11-13,311.53,15,Grocery,STORE_003,GROC_001
2024-11-13,986.99,26,Beauty,STORE_003,BEAU_001
2024-11-14,2927.05,35,Electronics,STORE_001,ELEC_001
2024-11-14,589.50,13,Clothing,STORE_001,CLTH_003
2024-11-14,1288.49,19,Home Goods,STORE_001,HOME_003
2024-11-14,238.82,12,Grocery,STORE_001,GROC_001
2024-11-14,955.50,23,Beauty,STORE_001,BEAU_003
2024-11-14,2843.76,29,Electronics,STORE_002,ELEC_004
2024-11-14,844.20,19,Clothing,STORE_002,CLTH_004
2024-11-14,1788.23,29,Home Goods,STORE_002,HOME_004
2024-11-14,507.16,21,Grocery,STORE_002,GROC_001
2024-11-14,537.90,13,Beauty,STORE_002,BEAU_001
2024-11-14,2737.43,35,Electronics,STORE_003,ELEC_002
2024-11-14,1066.26,23,Clothing,STORE_003,CLTH_001
2024-11-14,1903.33,31,Home Goods,STORE_003,HOME_004
2024-11-14,442.97,20,Grocery,STORE_003,GROC_004
2024-11-14,937.44,24,Beauty,STORE_003,BEAU_001
2024-11-15,2478.63,30,Electronics,STORE_001,ELEC_002
2024-11-15,955.21,24,Clothing,STORE_001,CLTH_002
2024-11-15,1656.18,26,Home Goods,STORE_001,HOME_001
2024-11-15,437.35,18,Grocery,STORE_001,GROC_003
2024-11-15,876.31,22,Beauty,STORE_001,BEAU_001
2024-11-15,2973.41,30,Electronics,STORE_002,ELEC_004
2024-11-15,815.84,18,Clothing,STORE_002,CLTH_002
2024-11-15,693.23,13,Home Goods,STORE_002,HOME_004
2024-11-15,320.07,14,Grocery,STORE_002,GROC_004
2024-11-15,591.12,16,Beauty,STORE_002,BEAU_001
2024-11-15,2181.60,30,Electronics,STORE_003,ELEC_003
2024-11-15,1211.67,26,Clothing,STORE_003,CLTH_004
2024-11-15,1010.15,18,Home Goods,STORE_003,HOME_004
2024-11-15,567.18,20,Grocery,STORE_003,GROC_003
2024-11-15,828.27,21,Beauty,STORE_003,BEAU_003
2024-11-16,3085.30,35,Electronics,STORE_001,ELEC_002
2024-11-16,1261.65,24,Clothing,STORE_001,CLTH_003
2024-11-16,1527.69,28,Home Goods,STORE_001,HOME_003
2024-11-16,219.17,10,Grocery,STORE_001,GROC_001
2024-11-16,830.23,24,Beauty,STORE_001,BEAU_004
2024-11-16,2509.38,33,Electronics,STORE_002,ELEC_002
2024-11-16,891.01,19,Clothing,STORE_002,CLTH_003
2024-11-16,1375.26,26,Home Goods,STORE_002,HOME_004
2024-11-16,513.94,22,Grocery,STORE_002,GROC_001
2024-11-16,716.80,22,Beauty,STORE_002,BEAU_003
2024-11-16,3577.07,43,Electronics,STORE_003,ELEC_004
2024-11-16,1321.21,28,Clothing,STORE_003,CLTH_001
2024-11-16,2225.47,39,Home Goods,STORE_003,HOME_004
2024-11-16,423.74,16,Grocery,STORE_003,GROC_004
2024-11-16,1356.30,30,Beauty,STORE_003,BEAU_004
2024-11-17,3005.04,34,Electronics,STORE_001,ELEC_003
2024-11-17,1021.36,19,Clothing,STORE_001,CLTH_002
2024-11-17,1335.32,26,Home Goods,STORE_001,HOME_001
2024-11-17,632.17,23,Grocery,STORE_001,GROC_002
2024-11-17,823.96,24,Beauty,STORE_001,BEAU_002
2024-11-17,2561.10,32,Electronics,STORE_002,ELEC_002
2024-11-17,749.78,19,Clothing,STORE_002,CLTH_003
2024-11-17,1118.10,21,Home Goods,STORE_002,HOME_001
2024-11-17,352.85,14,Grocery,STORE_002,GROC_003
2024-11-17,1173.43,25,Beauty,STORE_002,BEAU_001
2024-11-17,3988.44,47,Electronics,STORE_003,ELEC_002
2024-11-17,1319.45,31,Clothing,STORE_003,CLTH_003
2024-11-17,1848.51,35,Home Goods,STORE_003,HOME_001
2024-11-17,371.11,23,Grocery,STORE_003,GROC_003
2024-11-17,1116.01,28,Beauty,STORE_003,BEAU_001
2024-11-18,2748.04,31,Electronics,STORE_001,ELEC_001
2024-11-18,830.85,20,Clothing,STORE_001,CLTH_001
2024-11-18,1143.90,25,Home Goods,STORE_001,HOME_002
2024-11-18,363.70,17,Grocery,STORE_001,GROC_004
2024-11-18,902.86,26,Beauty,STORE_001,BEAU_004
2024-11-18,2607.54,28,Electronics,STORE_002,ELEC_001
2024-11-18,598.63,14,Clothing,STORE_002,CLTH_004
2024-11-18,1133.10,21,Home Goods,STORE_002,HOME_003
2024-11-18,424.10,19,Grocery,STORE_002,GROC_001
2024-11-18,699.06,20,Beauty,STORE_002,BEAU_001
2024-11-18,2401.66,32,Electronics,STORE_003,ELEC_001
2024-11-18,886.82,26,Clothing,STORE_003,CLTH_002
2024-11-18,1555.61,29,Home Goods,STORE_003,HOME_003
2024-11-18,363.81,14,Grocery,STORE_003,GROC_001
2024-11-18,801.01,22,Beauty,STORE_003,BEAU_002
2024-11-19,2899.42,30,Electronics,STORE_001,ELEC_003
2024-11-19,928.89,23,Clothing,STORE_001,CLTH_003
2024-11-19,1352.05,25,Home Goods,STORE_001,HOME_001
2024-11-19,393.80,19,Grocery,STORE_001,GROC_001
2024-11-19,682.42,18,Beauty,STORE_001,BEAU_002
2024-11-19,1491.25,18,Electronics,STORE_002,ELEC_004
2024-11-19,777.33,16,Clothing,STORE_002,CLTH_004
2024-11-19,821.48,13,Home Goods,STORE_002,HOME_001
2024-11-19,247.76,11,Grocery,STORE_002,GROC_003
2024-11-19,800.56,20,Beauty,STORE_002,BEAU_003
2024-11-19,3371.52,38,Electronics,STORE_003,ELEC_001
2024-11-19,1323.98,29,Clothing,STORE_003,CLTH_001
2024-11-19,1648.47,33,Home Goods,STORE_003,HOME_001
2024-11-19,351.11,15,Grocery,STORE_003,GROC_001
2024-11-19,892.36,22,Beauty,STORE_003,BEAU_001
2024-11-20,2494.67,30,Electronics,STORE_001,ELEC_004
2024-11-20,960.28,21,Clothing,STORE_001,CLTH_001
2024-11-20,1581.31,28,Home Goods,STORE_001,HOME_001
2024-11-20,482.52,16,Grocery,STORE_001,GROC_001
2024-11-20,728.33,22,Beauty,STORE_001,BEAU_002
2024-11-20,1713.90,19,Electronics,STORE_002,ELEC_004
2024-11-20,559.84,15,Clothing,STORE_002,CLTH_001
2024-11-20,1014.43,19,Home Goods,STORE_002,HOME_004
2024-11-20,475.41,15,Grocery,STORE_002,GROC_003
2024-11-20,388.56,10,Beauty,STORE_002,BEAU_003
2024-11-20,2407.21,30,Electronics,STORE_003,ELEC_003
2024-11-20,1006.04,24,Clothing,STORE_003,CLTH_002
2024-11-20,1753.52,29,Home Goods,STORE_003,HOME_001
2024-11-20,613.71,24,Grocery,STORE_003,GROC_002
2024-11-20,890.61,22,Beauty,STORE_003,BEAU_002
2024-11-21,2364.26,29,Electronics,STORE_001,ELEC_004
2024-11-21,825.73,21,Clothing,STORE_001,CLTH_003
2024-11-21,1485.12,27,Home Goods,STORE_001,HOME_002
2024-11-21,413.32,20,Grocery,STORE_001,GROC_004
2024-11-21,843.46,21,Beauty,STORE_001,BEAU_004
2024-11-21,2697.47,34,Electronics,STORE_002,ELEC_003
2024-11-21,585.21,14,Clothing,STORE_002,CLTH_004
2024-11-21,1067.66,20,Home Goods,STORE_002,HOME_003
2024-11-21,290.61,14,Grocery,STORE_002,GROC_002
2024-11-21,793.35,19,Beauty,STORE_002,BEAU_003
2024-11-21,2509.92,32,Electronics,STORE_003,ELEC_003
2024-11-21,1075.29,26,Clothing,STORE_003,CLTH_003
2024-11-21,1897.72,31,Home Goods,STORE_003,HOME_002
2024-11-21,450.81,25,Grocery,STORE_003,GROC_004
2024-11-21,836.64,19,Beauty,STORE_003,BEAU_002
2024-11-22,2521.10,32,Electronics,STORE_001,ELEC_004
2024-11-22,720.18,18,Clothing,STORE_001,CLTH_003
2024-11-22,1192.13,22,Home Goods,STORE_001,HOME_004
2024-11-22,694.72,24,Grocery,STORE_001,GROC_001
2024-11-22,686.74,20,Beauty,STORE_001,BEAU_004
2024-11-22,2427.35,25,Electronics,STORE_002,ELEC_002
2024-11-22,647.00,15,Clothing,STORE_002,CLTH_002
2024-11-22,945.56,18,Home Goods,STORE_002,HOME_002
2024-11-22,252.85,10,Grocery,STORE_002,GROC_003
2024-11-22,586.16,16,Beauty,STORE_002,BEAU_003
2024-11-22,2719.65,40,Electronics,STORE_003,ELEC_001
2024-11-22,1179.47,26,Clothing,STORE_003,CLTH_003
2024-11-22,2138.04,34,Home Goods,STORE_003,HOME_003
2024-11-22,586.81,21,Grocery,STORE_003,GROC_004
2024-11-22,1136.41,32,Beauty,STORE_003,BEAU_004
2024-11-23,3146.78,35,Electronics,STORE_001,ELEC_004
2024-11-23,1440.74,30,Clothing,STORE_001,CLTH_002
2024-11-23,2215.30,31,Home Goods,STORE_001,HOME_001
2024-11-23,570.01,22,Grocery,STORE_001,GROC_001
2024-11-23,839.75,20,Beauty,STORE_001,BEAU_001
2024-11-23,1924.50,28,Electronics,STORE_002,ELEC_004
2024-11-23,1054.09,21,Clothing,STORE_002,CLTH_004
2024-11-23,1542.39,25,Home Goods,STORE_002,HOME_004
2024-11-23,364.33,16,Grocery,STORE_002,GROC_001
2024-11-23,721.37,21,Beauty,STORE_002,BEAU_003
2024-11-23,3432.35,38,Electronics,STORE_003,ELEC_003
2024-11-23,1416.02,30,Clothing,STORE_003,CLTH_001
2024-11-23,2722.68,38,Home Goods,STORE_003,HOME_001
2024-11-23,596.16,23,Grocery,STORE_003,GROC_004
2024-11-23,986.69,30,Beauty,STORE_003,BEAU_001
2024-11-24,3037.81,35,Electronics,STORE_001,ELEC_004
2024-11-24,982.57,22,Clothing,STORE_001,CLTH_004
2024-11-24,969.61,24,Home Goods,STORE_001,HOME_002
2024-11-24,301.69,14,Grocery,STORE_001,GROC_003
2024-11-24,649.91,15,Beauty,STORE_001,BEAU_002
2024-11-24,2616.29,30,Electronics,STORE_002,ELEC_001
2024-11-24,571.75,14,Clothing,STORE_002,CLTH_003
2024-11-24,935.38,19,Home Goods,STORE_002,HOME_003
2024-11-24,528.72,22,Grocery,STORE_002,GROC_001
2024-11-24,607.04,15,Beauty,STORE_002,BEAU_002
2024-11-24,4338.17,45,Electronics,STORE_003,ELEC_002
2024-11-24,1021.01,29,Clothing,STORE_003,CLTH_004
2024-11-24,1956.94,35,Home Goods,STORE_003,HOME_003
2024-11-24,510.20,23,Grocery,STORE_003,GROC_004
2024-11-24,716.28,25,Beauty,STORE_003,BEAU_004
2024-11-25,1612.33,24,Electronics,STORE_001,ELEC_003
2024-11-25,1020.85,22,Clothing,STORE_001,CLTH_002
2024-11-25,1488.72,26,Home Goods,STORE_001,HOME_003
2024-11-25,397.84,16,Grocery,STORE_001,GROC_001
2024-11-25,743.69,20,Beauty,STORE_001,BEAU_003
2024-11-25,1495.32,22,Electronics,STORE_002,ELEC_002
2024-11-25,526.00,11,Clothing,STORE_002,CLTH_002
2024-11-25,1271.88,19,Home Goods,STORE_002,HOME_001
2024-11-25,236.83,10,Grocery,STORE_002,GROC_001
2024-11-25,676.90,17,Beauty,STORE_002,BEAU_002
2024-11-25,2466.13,32,Electronics,STORE_003,ELEC_003
2024-11-25,929.58,23,Clothing,STORE_003,CLTH_004
2024-11-25,1655.90,25,Home Goods,STORE_003,HOME_003
2024-11-25,541.90,20,Grocery,STORE_003,GROC_001
2024-11-25,935.25,27,Beauty,STORE_003,BEAU_004
2024-11-26,1800.67,22,Electronics,STORE_001,ELEC_002
2024-11-26,799.25,18,Clothing,STORE_001,CLTH_001
2024-11-26,1447.41,21,Home Goods,STORE_001,HOME_003
2024-11-26,382.82,15,Grocery,STORE_001,GROC_001
2024-11-26,630.10,20,Beauty,STORE_001,BEAU_003
2024-11-26,1616.52,20,Electronics,STORE_002,ELEC_004
2024-11-26,936.28,21,Clothing,STORE_002,CLTH_003
2024-11-26,991.97,14,Home Goods,STORE_002,HOME_004
2024-11-26,436.27,18,Grocery,STORE_002,GROC_001
2024-11-26,618.34,18,Beauty,STORE_002,BEAU_003
2024-11-26,2997.38,33,Electronics,STORE_003,ELEC_004
2024-11-26,1288.72,25,Clothing,STORE_003,CLTH_004
2024-11-26,1932.23,31,Home Goods,STORE_003,HOME_004
2024-11-26,568.88,26,Grocery,STORE_003,GROC_002
2024-11-26,1057.30,25,Beauty,STORE_003,BEAU_002
2024-11-27,2557.84,29,Electronics,STORE_001,ELEC_002
2024-11-27,880.42,23,Clothing,STORE_001,CLTH_001
2024-11-27,1667.47,28,Home Goods,STORE_001,HOME_002
2024-11-27,332.42,13,Grocery,STORE_001,GROC_002
2024-11-27,822.82,22,Beauty,STORE_001,BEAU_002
2024-11-27,2355.53,28,Electronics,STORE_002,ELEC_003
2024-11-27,697.51,18,Clothing,STORE_002,CLTH_004
2024-11-27,1859.76,25,Home Goods,STORE_002,HOME_002
2024-11-27,250.92,9,Grocery,STORE_002,GROC_003
2024-11-27,331.56,9,Beauty,STORE_002,BEAU_004
2024-11-27,2612.51,36,Electronics,STORE_003,ELEC_004
2024-11-27,931.60,19,Clothing,STORE_003,CLTH_001
2024-11-27,1597.72,29,Home Goods,STORE_003,HOME_004
2024-11-27,369.76,17,Grocery,STORE_003,GROC_001
2024-11-27,640.02,19,Beauty,STORE_003,BEAU_003
2024-11-28,2124.27,24,Electronics,STORE_001,ELEC_002
2024-11-28,383.09,10,Clothing,STORE_001,CLTH_003
2024-11-28,1267.96,24,Home Goods,STORE_001,HOME_003
2024-11-28,248.68,11,Grocery,STORE_001,GROC_004
2024-11-28,557.08,15,Beauty,STORE_001,BEAU_004
2024-11-28,1950.13,28,Electronics,STORE_002,ELEC_001
2024-11-28,777.72,19,Clothing,STORE_002,CLTH_002
2024-11-28,1226.78,21,Home Goods,STORE_002,HOME_002
2024-11-28,289.96,11,Grocery,STORE_002,GROC_002
2024-11-28,575.64,16,Beauty,STORE_002,BEAU_002
2024-11-28,2751.68,38,Electronics,STORE_003,ELEC_001
2024-11-28,894.37,20,Clothing,STORE_003,CLTH_001
2024-11-28,1761.58,31,Home Goods,STORE_003,HOME_002
2024-11-28,439.01,16,Grocery,STORE_003,GROC_001
2024-11-28,627.32,20,Beauty,STORE_003,BEAU_004
2024-11-29,3194.27,36,Electronics,STORE_001,ELEC_004
2024-11-29,1203.98,24,Clothing,STORE_001,CLTH_002
2024-11-29,881.65,11,Home Goods,STORE_001,HOME_001
2024-11-29,465.50,18,Grocery,STORE_001,GROC_003
2024-11-29,571.97,19,Beauty,STORE_001,BEAU_004
2024-11-29,4783.49,49,Electronics,STORE_002,ELEC_004
2024-11-29,730.66,17,Clothing,STORE_002,CLTH_001
2024-11-29,1412.09,24,Home Goods,STORE_002,HOME_001
2024-11-29,329.27,12,Grocery,STORE_002,GROC_002
2024-11-29,791.23,19,Beauty,STORE_002,BEAU_004
2024-11-29,3218.80,37,Electronics,STORE_003,ELEC_001
2024-11-29,1003.06,25,Clothing,STORE_003,CLTH_003
2024-11-29,2012.91,33,Home Goods,STORE_003,HOME_002
2024-11-29,533.18,20,Grocery,STORE_003,GROC_004
2024-11-29,1081.38,25,Beauty,STORE_003,BEAU_003
2024-11-30,4102.18,39,Electronics,STORE_001,ELEC_002
2024-11-30,1203.72,24,Clothing,STORE_001,CLTH_001
2024-11-30,1868.09,29,Home Goods,STORE_001,HOME_004
2024-11-30,780.31,26,Grocery,STORE_001,GROC_004
2024-11-30,683.62,17,Beauty,STORE_001,BEAU_004
2024-11-30,1939.89,24,Electronics,STORE_002,ELEC_002
2024-11-30,717.15,17,Clothing,STORE_002,CLTH_002
2024-11-30,1083.22,18,Home Goods,STORE_002,HOME_001
2024-11-30,400.24,16,Grocery,STORE_002,GROC_004
2024-11-30,186.28,5,Beauty,STORE_002,BEAU_004
2024-11-30,3261.34,35,Electronics,STORE_003,ELEC_001
2024-11-30,1060.30,26,Clothing,STORE_003,CLTH_002
2024-11-30,2503.49,39,Home Goods,STORE_003,HOME_001
2024-11-30,477.00,21,Grocery,STORE_003,GROC_002
2024-11-30,972.64,24,Beauty,STORE_003,BEAU_001
2024-12-01,4699.55,43,Electronics,STORE_001,ELEC_002
2024-12-01,1377.77,24,Clothing,STORE_001,CLTH_002
2024-12-01,2371.40,31,Home Goods,STORE_001,HOME_003
2024-12-01,444.89,15,Grocery,STORE_001,GROC_001
2024-12-01,1101.35,22,Beauty,STORE_001,BEAU_001
2024-12-01,2900.44,27,Electronics,STORE_002,ELEC_003
2024-12-01,1385.35,26,Clothing,STORE_002,CLTH_002
2024-12-01,1580.39,21,Home Goods,STORE_002,HOME_002
2024-12-01,500.30,16,Grocery,STORE_002,GROC_001
2024-12-01,1252.90,24,Beauty,STORE_002,BEAU_002
2024-12-01,4225.40,34,Electronics,STORE_003,ELEC_001
2024-12-01,1201.91,30,Clothing,STORE_003,CLTH_004
2024-12-01,2949.74,39,Home Goods,STORE_003,HOME_002
2024-12-01,874.12,27,Grocery,STORE_003,GROC_002
2024-12-01,1311.95,28,Beauty,STORE_003,BEAU_003
2024-12-02,3125.71,25,Electronics,STORE_001,ELEC_001
2024-12-02,869.20,16,Clothing,STORE_001,CLTH_002
2024-12-02,1397.84,22,Home Goods,STORE_001,HOME_001
2024-12-02,551.34,19,Grocery,STORE_001,GROC_001
2024-12-02,1163.03,22,Beauty,STORE_001,BEAU_004
2024-12-02,2082.95,22,Electronics,STORE_002,ELEC_002
2024-12-02,1041.41,17,Clothing,STORE_002,CLTH_004
2024-12-02,1438.66,16,Home Goods,STORE_002,HOME_004
2024-12-02,633.64,19,Grocery,STORE_002,GROC_002
2024-12-02,984.65,21,Beauty,STORE_002,BEAU_003
2024-12-02,4982.70,37,Electronics,STORE_003,ELEC_001
2024-12-02,1460.29,27,Clothing,STORE_003,CLTH_003
2024-12-02,2745.39,30,Home Goods,STORE_003,HOME_003
2024-12-02,820.86,23,Grocery,STORE_003,GROC_003
2024-12-02,756.10,17,Beauty,STORE_003,BEAU_004
2024-12-03,2909.75,27,Electronics,STORE_001,ELEC_002
2024-12-03,1020.17,21,Clothing,STORE_001,CLTH_002
2024-12-03,1365.72,22,Home Goods,STORE_001,HOME_003
2024-12-03,334.52,11,Grocery,STORE_001,GROC_001
2024-12-03,760.78,18,Beauty,STORE_001,BEAU_004
2024-12-03,2627.51,25,Electronics,STORE_002,ELEC_004
2024-12-03,715.95,19,Clothing,STORE_002,CLTH_002
2024-12-03,1308.22,17,Home Goods,STORE_002,HOME_004
2024-12-03,367.01,13,Grocery,STORE_002,GROC_003
2024-12-03,858.59,18,Beauty,STORE_002,BEAU_003
2024-12-03,3107.07,32,Electronics,STORE_003,ELEC_003
2024-12-03,1289.95,28,Clothing,STORE_003,CLTH_002
2024-12-03,2265.75,31,Home Goods,STORE_003,HOME_002
2024-12-03,542.07,18,Grocery,STORE_003,GROC_003
2024-12-03,1022.06,21,Beauty,STORE_003,BEAU_003
2024-12-04,2927.85,29,Electronics,STORE_001,ELEC_003
2024-12-04,1256.62,19,Clothing,STORE_001,CLTH_002
2024-12-04,1469.69,24,Home Goods,STORE_001,HOME_001
2024-12-04,837.28,22,Grocery,STORE_001,GROC_004
2024-12-04,701.01,14,Beauty,STORE_001,BEAU_003
2024-12-04,3109.55,30,Electronics,STORE_002,ELEC_002
2024-12-04,853.53,17,Clothing,STORE_002,CLTH_002
2024-12-04,1390.77,23,Home Goods,STORE_002,HOME_002
2024-12-04,258.05,8,Grocery,STORE_002,GROC_004
2024-12-04,870.51,16,Beauty,STORE_002,BEAU_004
2024-12-04,3447.24,35,Electronics,STORE_003,ELEC_003
2024-12-04,1431.94,22,Clothing,STORE_003,CLTH_002
2024-12-04,2590.00,31,Home Goods,STORE_003,HOME_001
2024-12-04,651.19,23,Grocery,STORE_003,GROC_001
2024-12-04,985.52,20,Beauty,STORE_003,BEAU_002
2024-12-05,4529.57,36,Electronics,STORE_001,ELEC_001
2024-12-05,1150.17,24,Clothing,STORE_001,CLTH_004
2024-12-05,1629.21,24,Home Goods,STORE_001,HOME_002
2024-12-05,469.36,13,Grocery,STORE_001,GROC_003
2024-12-05,686.91,16,Beauty,STORE_001,BEAU_001
2024-12-05,2022.65,22,Electronics,STORE_002,ELEC_002
2024-12-05,872.26,15,Clothing,STORE_002,CLTH_001
2024-12-05,1861.82,21,Home Goods,STORE_002,HOME_004
2024-12-05,540.74,18,Grocery,STORE_002,GROC_002
2024-12-05,1100.07,24,Beauty,STORE_002,BEAU_002
2024-12-05,3701.04,33,Electronics,STORE_003,ELEC_003
2024-12-05,1314.05,21,Clothing,STORE_003,CLTH_004
2024-12-05,1810.59,24,Home Goods,STORE_003,HOME_003
2024-12-05,452.42,15,Grocery,STORE_003,GROC_002
2024-12-05,815.98,19,Beauty,STORE_003,BEAU_003
2024-12-06,2855.07,24,Electronics,STORE_001,ELEC_001
2024-12-06,783.87,15,Clothing,STORE_001,CLTH_002
2024-12-06,1646.49,29,Home Goods,STORE_001,HOME_003
2024-12-06,505.34,18,Grocery,STORE_001,GROC_001
2024-12-06,861.06,21,Beauty,STORE_001,BEAU_001
2024-12-06,2338.11,22,Electronics,STORE_002,ELEC_003
2024-12-06,868.52,16,Clothing,STORE_002,CLTH_002
2024-12-06,1859.22,26,Home Goods,STORE_002,HOME_001
2024-12-06,354.02,10,Grocery,STORE_002,GROC_003
2024-12-06,452.03,11,Beauty,STORE_002,BEAU_004
2024-12-06,4923.01,39,Electronics,STORE_003,ELEC_001
2024-12-06,1067.53,20,Clothing,STORE_003,CLTH_002
2024-12-06,1962.69,27,Home Goods,STORE_003,HOME_004
2024-12-06,489.50,17,Grocery,STORE_003,GROC_004
2024-12-06,1012.38,23,Beauty,STORE_003,BEAU_001
2024-12-07,3871.96,39,Electronics,STORE_001,ELEC_003
2024-12-07,1491.25,26,Clothing,STORE_001,CLTH_003
2024-12-07,2379.36,32,Home Goods,STORE_001,HOME_001
2024-12-07,553.76,18,Grocery,STORE_001,GROC_002
2024-12-07,942.48,21,Beauty,STORE_001,BEAU_004
2024-12-07,3516.80,27,Electronics,STORE_002,ELEC_001
2024-12-07,1007.10,18,Clothing,STORE_002,CLTH_003
2024-12-07,2579.04,29,Home Goods,STORE_002,HOME_004
2024-12-07,247.97,8,Grocery,STORE_002,GROC_003
2024-12-07,934.77,19,Beauty,STORE_002,BEAU_004
2024-12-07,3245.18,36,Electronics,STORE_003,ELEC_004
2024-12-07,1430.87,26,Clothing,STORE_003,CLTH_001
2024-12-07,2224.92,29,Home Goods,STORE_003,HOME_001
2024-12-07,793.30,26,Grocery,STORE_003,GROC_004
2024-12-07,1253.99,26,Beauty,STORE_003,BEAU_003
2024-12-08,4646.90,45,Electronics,STORE_001,ELEC_004
2024-12-08,1907.34,29,Clothing,STORE_001,CLTH_004
2024-12-08,2030.10,27,Home Goods,STORE_001,HOME_002
2024-12-08,580.59,17,Grocery,STORE_001,GROC_002
2024-12-08,906.89,22,Beauty,STORE_001,BEAU_004
2024-12-08,3333.68,32,Electronics,STORE_002,ELEC_001
2024-12-08,632.04,12,Clothing,STORE_002,CLTH_002
2024-12-08,1635.15,24,Home Goods,STORE_002,HOME_003
2024-12-08,324.89,11,Grocery,STORE_002,GROC_004
2024-12-08,834.20,22,Beauty,STORE_002,BEAU_003
2024-12-08,4097.69,36,Electronics,STORE_003,ELEC_001
2024-12-08,1245.15,27,Clothing,STORE_003,CLTH_002
2024-12-08,2753.22,34,Home Goods,STORE_003,HOME_004
2024-12-08,503.08,17,Grocery,STORE_003,GROC_003
2024-12-08,1169.14,24,Beauty,STORE_003,BEAU_003
2024-12-09,3042.13,32,Electronics,STORE_001,ELEC_003
2024-12-09,903.11,17,Clothing,STORE_001,CLTH_001
2024-12-09,2069.85,23,Home Goods,STORE_001,HOME_004
2024-12-09,532.64,15,Grocery,STORE_001,GROC_001
2024-12-09,624.79,16,Beauty,STORE_001,BEAU_001
2024-12-09,2183.22,24,Electronics,STORE_002,ELEC_002
2024-12-09,640.09,13,Clothing,STORE_002,CLTH_002
2024-12-09,981.83,16,Home Goods,STORE_002,HOME_004
2024-12-09,203.33,7,Grocery,STORE_002,GROC_002
2024-12-09,354.14,8,Beauty,STORE_002,BEAU_001
2024-12-09,3824.39,37,Electronics,STORE_003,ELEC_004
2024-12-09,1071.51,23,Clothing,STORE_003,CLTH_002
2024-12-09,1597.20,23,Home Goods,STORE_003,HOME_001
2024-12-09,604.83,16,Grocery,STORE_003,GROC_003
2024-12-09,1038.25,22,Beauty,STORE_003,BEAU_003
2024-12-10,1982.92,17,Electronics,STORE_001,ELEC_004
2024-12-10,1045.06,20,Clothing,STORE_001,CLTH_003
2024-12-10,1087.36,15,Home Goods,STORE_001,HOME_001
2024-12-10,561.90,15,Grocery,STORE_001,GROC_003
2024-12-10,788.73,17,Beauty,STORE_001,BEAU_003
2024-12-10,2550.36,25,Electronics,STORE_002,ELEC_001
2024-12-10,563.41,9,Clothing,STORE_002,CLTH_004
2024-12-10,1270.19,20,Home Goods,STORE_002,HOME_003
2024-12-10,540.14,17,Grocery,STORE_002,GROC_003
2024-12-10,547.87,10,Beauty,STORE_002,BEAU_001
2024-12-10,3877.05,38,Electronics,STORE_003,ELEC_003
2024-12-10,1227.67,22,Clothing,STORE_003,CLTH_001
2024-12-10,2238.99,28,Home Goods,STORE_003,HOME_004
2024-12-10,670.83,22,Grocery,STORE_003,GROC_002
2024-12-10,975.71,24,Beauty,STORE_003,BEAU_004
2024-12-11,3035.74,29,Electronics,STORE_001,ELEC_001
2024-12-11,952.44,17,Clothing,STORE_001,CLTH_002
2024-12-11,2189.79,31,Home Goods,STORE_001,HOME_003
2024-12-11,549.38,17,Grocery,STORE_001,GROC_003
2024-12-11,727.89,15,Beauty,STORE_001,BEAU_003
2024-12-11,2475.93,23,Electronics,STORE_002,ELEC_004
2024-12-11,755.11,17,Clothing,STORE_002,CLTH_001
2024-12-11,1409.26,21,Home Goods,STORE_002,HOME_004
2024-12-11,384.42,14,Grocery,STORE_002,GROC_001
2024-12-11,880.98,16,Beauty,STORE_002,BEAU_001
2024-12-11,4435.46,37,Electronics,STORE_003,ELEC_002
2024-12-11,1424.04,24,Clothing,STORE_003,CLTH_003
2024-12-11,1637.46,24,Home Goods,STORE_003,HOME_002
2024-12-11,730.50,21,Grocery,STORE_003,GROC_004
2024-12-11,1159.70,23,Beauty,STORE_003,BEAU_002
2024-12-12,3089.86,30,Electronics,STORE_001,ELEC_003
2024-12-12,932.05,16,Clothing,STORE_001,CLTH_002
2024-12-12,2194.42,29,Home Goods,STORE_001,HOME_002
2024-12-12,711.06,21,Grocery,STORE_001,GROC_001
2024-12-12,1292.82,28,Beauty,STORE_001,BEAU_004
2024-12-12,2932.66,28,Electronics,STORE_002,ELEC_002
2024-12-12,1090.97,20,Clothing,STORE_002,CLTH_003
2024-12-12,935.04,15,Home Goods,STORE_002,HOME_001
2024-12-12,436.32,14,Grocery,STORE_002,GROC_003
2024-12-12,732.54,16,Beauty,STORE_002,BEAU_004
2024-12-12,3769.33,41,Electronics,STORE_003,ELEC_002
2024-12-12,919.64,18,Clothing,STORE_003,CLTH_002
2024-12-12,1393.21,15,Home Goods,STORE_003,HOME_004
2024-12-12,585.89,19,Grocery,STORE_003,GROC_001
2024-12-12,1017.03,22,Beauty,STORE_003,BEAU_004
2024-12-13,3989.90,32,Electronics,STORE_001,ELEC_004
2024-12-13,1174.68,21,Clothing,STORE_001,CLTH_002
2024-12-13,2834.14,29,Home Goods,STORE_001,HOME_004
2024-12-13,717.87,21,Grocery,STORE_001,GROC_002
2024-12-13,1228.13,21,Beauty,STORE_001,BEAU_004
2024-12-13,2252.42,20,Electronics,STORE_002,ELEC_004
2024-12-13,593.12,13,Clothing,STORE_002,CLTH_002
2024-12-13,1779.43,21,Home Goods,STORE_002,HOME_002
2024-12-13,167.82,6,Grocery,STORE_002,GROC_004
2024-12-13,669.91,13,Beauty,STORE_002,BEAU_004
2024-12-13,3886.46,32,Electronics,STORE_003,ELEC_003
2024-12-13,2041.56,33,Clothing,STORE_003,CLTH_002
2024-12-13,1637.72,20,Home Goods,STORE_003,HOME_002
2024-12-13,792.86,25,Grocery,STORE_003,GROC_002
2024-12-13,1365.46,24,Beauty,STORE_003,BEAU_001
2024-12-14,3901.44,33,Electronics,STORE_001,ELEC_003
2024-12-14,1283.70,20,Clothing,STORE_001,CLTH_004
2024-12-14,2245.88,31,Home Goods,STORE_001,HOME_001
2024-12-14,529.81,17,Grocery,STORE_001,GROC_001
2024-12-14,1179.61,23,Beauty,STORE_001,BEAU_001
2024-12-14,4184.96,35,Electronics,STORE_002,ELEC_004
2024-12-14,1219.09,23,Clothing,STORE_002,CLTH_004
2024-12-14,1735.60,21,Home Goods,STORE_002,HOME_004
2024-12-14,464.65,16,Grocery,STORE_002,GROC_002
2024-12-14,707.06,14,Beauty,STORE_002,BEAU_002
2024-12-14,5546.35,41,Electronics,STORE_003,ELEC_003
2024-12-14,1027.32,23,Clothing,STORE_003,CLTH_004
2024-12-14,2324.78,28,Home Goods,STORE_003,HOME_003
2024-12-14,749.71,30,Grocery,STORE_003,GROC_001
2024-12-14,906.20,18,Beauty,STORE_003,BEAU_004
2024-12-15,4226.67,38,Electronics,STORE_001,ELEC_002
2024-12-15,913.14,16,Clothing,STORE_001,CLTH_004
2024-12-15,2751.19,30,Home Goods,STORE_001,HOME_004
2024-12-15,630.24,20,Grocery,STORE_001,GROC_003
2024-12-15,1701.30,32,Beauty,STORE_001,BEAU_004
2024-12-15,3368.00,28,Electronics,STORE_002,ELEC_003
2024-12-15,1373.91,25,Clothing,STORE_002,CLTH_003
2024-12-15,1353.85,18,Home Goods,STORE_002,HOME_001
2024-12-15,527.95,15,Grocery,STORE_002,GROC_003
2024-12-15,888.47,20,Beauty,STORE_002,BEAU_002
2024-12-15,4494.95,46,Electronics,STORE_003,ELEC_001
2024-12-15,1618.07,29,Clothing,STORE_003,CLTH_002
2024-12-15,2710.13,36,Home Goods,STORE_003,HOME_003
2024-12-15,784.52,22,Grocery,STORE_003,GROC_004
2024-12-15,906.04,22,Beauty,STORE_003,BEAU_001
2024-12-16,3390.12,34,Electronics,STORE_001,ELEC_004
2024-12-16,1083.60,22,Clothing,STORE_001,CLTH_001
2024-12-16,2644.34,30,Home Goods,STORE_001,HOME_003
2024-12-16,664.70,19,Grocery,STORE_001,GROC_001
2024-12-16,1275.80,24,Beauty,STORE_001,BEAU_003
2024-12-16,2853.92,23,Electronics,STORE_002,ELEC_003
2024-12-16,1036.35,18,Clothing,STORE_002,CLTH_002
2024-12-16,1062.39,15,Home Goods,STORE_002,HOME_003
2024-12-16,330.26,13,Grocery,STORE_002,GROC_001
2024-12-16,1174.40,22,Beauty,STORE_002,BEAU_003
2024-12-16,3197.18,33,Electronics,STORE_003,ELEC_004
2024-12-16,713.71,16,Clothing,STORE_003,CLTH_001
2024-12-16,2242.95,29,Home Goods,STORE_003,HOME_001
2024-12-16,787.08,27,Grocery,STORE_003,GROC_001
2024-12-16,1409.51,25,Beauty,STORE_003,BEAU_003
2024-12-17,4064.44,30,Electronics,STORE_001,ELEC_002
2024-12-17,872.45,18,Clothing,STORE_001,CLTH_001
2024-12-17,2083.52,25,Home Goods,STORE_001,HOME_001
2024-12-17,507.79,15,Grocery,STORE_001,GROC_004
2024-12-17,846.91,18,Beauty,STORE_001,BEAU_004
2024-12-17,2311.50,21,Electronics,STORE_002,ELEC_004
2024-12-17,1543.40,26,Clothing,STORE_002,CLTH_004
2024-12-17,1595.17,24,Home Goods,STORE_002,HOME_002
2024-12-17,577.86,17,Grocery,STORE_002,GROC_002
2024-12-17,645.18,13,Beauty,STORE_002,BEAU_004
2024-12-17,3286.48,34,Electronics,STORE_003,ELEC_001
2024-12-17,1602.88,30,Clothing,STORE_003,CLTH_004
2024-12-17,1862.49,25,Home Goods,STORE_003,HOME_001
2024-12-17,391.40,15,Grocery,STORE_003,GROC_001
2024-12-17,999.92,21,Beauty,STORE_003,BEAU_003
2024-12-18,2445.88,25,Electronics,STORE_001,ELEC_002
2024-12-18,969.60,17,Clothing,STORE_001,CLTH_001
2024-12-18,1528.93,20,Home Goods,STORE_001,HOME_003
2024-12-18,523.72,14,Grocery,STORE_001,GROC_001
2024-12-18,845.32,18,Beauty,STORE_001,BEAU_001
2024-12-18,1563.96,13,Electronics,STORE_002,ELEC_002
2024-12-18,825.51,15,Clothing,STORE_002,CLTH_004
2024-12-18,1502.89,18,Home Goods,STORE_002,HOME_003
2024-12-18,512.56,18,Grocery,STORE_002,GROC_001
2024-12-18,740.12,13,Beauty,STORE_002,BEAU_002
2024-12-18,3601.45,33,Electronics,STORE_003,ELEC_003
2024-12-18,1094.17,22,Clothing,STORE_003,CLTH_002
2024-12-18,1977.77,33,Home Goods,STORE_003,HOME_004
2024-12-18,770.84,23,Grocery,STORE_003,GROC_002
2024-12-18,1253.03,26,Beauty,STORE_003,BEAU_004
2024-12-19,3738.13,29,Electronics,STORE_001,ELEC_004
2024-12-19,1317.53,24,Clothing,STORE_001,CLTH_001
2024-12-19,1741.31,22,Home Goods,STORE_001,HOME_002
2024-12-19,460.98,13,Grocery,STORE_001,GROC_001
2024-12-19,1116.52,20,Beauty,STORE_001,BEAU_004
2024-12-19,3614.24,30,Electronics,STORE_002,ELEC_003
2024-12-19,904.71,16,Clothing,STORE_002,CLTH_004
2024-12-19,1774.98,22,Home Goods,STORE_002,HOME_001
2024-12-19,527.11,14,Grocery,STORE_002,GROC_002
2024-12-19,796.34,17,Beauty,STORE_002,BEAU_001
2024-12-19,3340.65,32,Electronics,STORE_003,ELEC_002
2024-12-19,903.18,19,Clothing,STORE_003,CLTH_003
2024-12-19,2679.19,34,Home Goods,STORE_003,HOME_002
2024-12-19,744.61,27,Grocery,STORE_003,GROC_004
2024-12-19,1216.93,24,Beauty,STORE_003,BEAU_004
2024-12-20,2858.30,33,Electronics,STORE_001,ELEC_003
2024-12-20,1147.08,19,Clothing,STORE_001,CLTH_003
2024-12-20,1358.11,21,Home Goods,STORE_001,HOME_003
2024-12-20,545.27,18,Grocery,STORE_001,GROC_001
2024-12-20,903.29,17,Beauty,STORE_001,BEAU_004
2024-12-20,3366.93,32,Electronics,STORE_002,ELEC_003
2024-12-20,1074.54,18,Clothing,STORE_002,CLTH_004
2024-12-20,1129.94,16,Home Goods,STORE_002,HOME_001
2024-12-20,361.67,12,Grocery,STORE_002,GROC_003
2024-12-20,1004.58,23,Beauty,STORE_002,BEAU_001
2024-12-20,4181.63,34,Electronics,STORE_003,ELEC_003
2024-12-20,1125.80,24,Clothing,STORE_003,CLTH_002
2024-12-20,2439.73,31,Home Goods,STORE_003,HOME_004
2024-12-20,630.28,18,Grocery,STORE_003,GROC_003
2024-12-20,1047.05,22,Beauty,STORE_003,BEAU_002
2024-12-21,4347.70,41,Electronics,STORE_001,ELEC_001
2024-12-21,1191.22,21,Clothing,STORE_001,CLTH_003
2024-12-21,2464.61,29,Home Goods,STORE_001,HOME_002
2024-12-21,649.19,20,Grocery,STORE_001,GROC_002
2024-12-21,1220.36,23,Beauty,STORE_001,BEAU_004
2024-12-21,3515.93,30,Electronics,STORE_002,ELEC_003
2024-12-21,1429.74,28,Clothing,STORE_002,CLTH_004
2024-12-21,2903.58,30,Home Goods,STORE_002,HOME_004
2024-12-21,565.99,19,Grocery,STORE_002,GROC_004
2024-12-21,961.50,21,Beauty,STORE_002,BEAU_003
2024-12-21,4684.84,44,Electronics,STORE_003,ELEC_001
2024-12-21,1331.56,28,Clothing,STORE_003,CLTH_003
2024-12-21,2306.88,30,Home Goods,STORE_003,HOME_004
2024-12-21,855.20,26,Grocery,STORE_003,GROC_004
2024-12-21,1522.63,33,Beauty,STORE_003,BEAU_004
2024-12-22,4014.68,32,Electronics,STORE_001,ELEC_001
2024-12-22,1565.51,24,Clothing,STORE_001,CLTH_002
2024-12-22,2009.61,25,Home Goods,STORE_001,HOME_004
2024-12-22,667.93,18,Grocery,STORE_001,GROC_004
2024-12-22,676.47,15,Beauty,STORE_001,BEAU_002
2024-12-22,3499.41,29,Electronics,STORE_002,ELEC_002
2024-12-22,1316.30,28,Clothing,STORE_002,CLTH_004
2024-12-22,2024.36,24,Home Goods,STORE_002,HOME_002
2024-12-22,359.38,12,Grocery,STORE_002,GROC_002
2024-12-22,1075.72,23,Beauty,STORE_002,BEAU_003
2024-12-22,5084.55,41,Electronics,STORE_003,ELEC_002
2024-12-22,2079.69,32,Clothing,STORE_003,CLTH_001
2024-12-22,2427.93,33,Home Goods,STORE_003,HOME_002
2024-12-22,814.57,26,Grocery,STORE_003,GROC_003
2024-12-22,1254.97,27,Beauty,STORE_003,BEAU_002
2024-12-23,2949.09,26,Electronics,STORE_001,ELEC_003
2024-12-23,940.94,20,Clothing,STORE_001,CLTH_003
2024-12-23,2364.72,29,Home Goods,STORE_001,HOME_004
2024-12-23,776.44,20,Grocery,STORE_001,GROC_001
2024-12-23,755.26,19,Beauty,STORE_001,BEAU_004
2024-12-23,2551.04,23,Electronics,STORE_002,ELEC_002
2024-12-23,232.92,4,Clothing,STORE_002,CLTH_002
2024-12-23,1544.66,17,Home Goods,STORE_002,HOME_004
2024-12-23,579.77,17,Grocery,STORE_002,GROC_001
2024-12-23,716.11,15,Beauty,STORE_002,BEAU_003
2024-12-23,4291.71,34,Electronics,STORE_003,ELEC_003
2024-12-23,1186.61,22,Clothing,STORE_003,CLTH_001
2024-12-23,1714.80,23,Home Goods,STORE_003,HOME_002
2024-12-23,429.17,15,Grocery,STORE_003,GROC_001
2024-12-23,1284.34,24,Beauty,STORE_003,BEAU_004
2024-12-24,2475.57,23,Electronics,STORE_001,ELEC_004
2024-12-24,1308.53,20,Clothing,STORE_001,CLTH_004
2024-12-24,2051.22,26,Home Goods,STORE_001,HOME_001
2024-12-24,699.25,23,Grocery,STORE_001,GROC_002
2024-12-24,704.06,14,Beauty,STORE_001,BEAU_003
2024-12-24,2591.83,21,Electronics,STORE_002,ELEC_003
2024-12-24,699.26,14,Clothing,STORE_002,CLTH_003
2024-12-24,1596.19,16,Home Goods,STORE_002,HOME_002
2024-12-24,369.62,14,Grocery,STORE_002,GROC_004
2024-12-24,454.57,8,Beauty,STORE_002,BEAU_001
2024-12-24,5390.80,41,Electronics,STORE_003,ELEC_004
2024-12-24,1064.63,19,Clothing,STORE_003,CLTH_001
2024-12-24,2710.94,31,Home Goods,STORE_003,HOME_002
2024-12-24,597.00,17,Grocery,STORE_003,GROC_002
2024-12-24,1259.00,24,Beauty,STORE_003,BEAU_003
2024-12-25,2935.82,33,Electronics,STORE_001,ELEC_001
2024-12-25,872.86,17,Clothing,STORE_001,CLTH_003
2024-12-25,1915.95,26,Home Goods,STORE_001,HOME_001
2024-12-25,390.87,11,Grocery,STORE_001,GROC_004
2024-12-25,768.49,18,Beauty,STORE_001,BEAU_002
2024-12-25,3293.05,27,Electronics,STORE_002,ELEC_003
2024-12-25,469.71,8,Clothing,STORE_002,CLTH_002
2024-12-25,1872.66,24,Home Goods,STORE_002,HOME_004
2024-12-25,512.09,14,Grocery,STORE_002,GROC_002
2024-12-25,1137.72,21,Beauty,STORE_002,BEAU_004
2024-12-25,3574.36,34,Electronics,STORE_003,ELEC_004
2024-12-25,1504.86,27,Clothing,STORE_003,CLTH_001
2024-12-25,1765.32,23,Home Goods,STORE_003,HOME_003
2024-12-25,509.24,15,Grocery,STORE_003,GROC_003
2024-12-25,1090.41,26,Beauty,STORE_003,BEAU_004
2024-12-26,3989.40,31,Electronics,STORE_001,ELEC_004
2024-12-26,1336.94,21,Clothing,STORE_001,CLTH_004
2024-12-26,2188.25,28,Home Goods,STORE_001,HOME_001
2024-12-26,519.97,16,Grocery,STORE_001,GROC_001
2024-12-26,782.47,16,Beauty,STORE_001,BEAU_001
2024-12-26,3383.06,28,Electronics,STORE_002,ELEC_004
2024-12-26,842.95,14,Clothing,STORE_002,CLTH_004
2024-12-26,1898.22,23,Home Goods,STORE_002,HOME_001
2024-12-26,465.14,13,Grocery,STORE_002,GROC_004
2024-12-26,698.53,17,Beauty,STORE_002,BEAU_003
2024-12-26,4320.92,34,Electronics,STORE_003,ELEC_002
2024-12-26,1513.86,26,Clothing,STORE_003,CLTH_003
2024-12-26,2284.11,30,Home Goods,STORE_003,HOME_003
2024-12-26,458.80,14,Grocery,STORE_003,GROC_004
2024-12-26,1162.45,24,Beauty,STORE_003,BEAU_002
2024-12-27,3051.13,28,Electronics,STORE_001,ELEC_002
2024-12-27,1128.51,20,Clothing,STORE_001,CLTH_001
2024-12-27,1822.68,23,Home Goods,STORE_001,HOME_001
2024-12-27,605.08,18,Grocery,STORE_001,GROC_003
2024-12-27,840.27,18,Beauty,STORE_001,BEAU_001
2024-12-27,2094.82,18,Electronics,STORE_002,ELEC_001
2024-12-27,1513.38,28,Clothing,STORE_002,CLTH_003
2024-12-27,1332.53,16,Home Goods,STORE_002,HOME_001
2024-12-27,509.45,16,Grocery,STORE_002,GROC_004
2024-12-27,963.48,17,Beauty,STORE_002,BEAU_004
2024-12-27,4328.85,34,Electronics,STORE_003,ELEC_001
2024-12-27,1280.61,21,Clothing,STORE_003,CLTH_003
2024-12-27,1899.65,26,Home Goods,STORE_003,HOME_003
2024-12-27,709.47,18,Grocery,STORE_003,GROC_004
2024-12-27,799.75,22,Beauty,STORE_003,BEAU_004
2024-12-28,2765.41,31,Electronics,STORE_001,ELEC_003
2024-12-28,1623.44,21,Clothing,STORE_001,CLTH_001
2024-12-28,2656.69,31,Home Goods,STORE_001,HOME_001
2024-12-28,728.13,26,Grocery,STORE_001,GROC_001
2024-12-28,1260.26,27,Beauty,STORE_001,BEAU_003
2024-12-28,2280.79,25,Electronics,STORE_002,ELEC_003
2024-12-28,1328.72,21,Clothing,STORE_002,CLTH_004
2024-12-28,1605.12,23,Home Goods,STORE_002,HOME_004
2024-12-28,384.82,11,Grocery,STORE_002,GROC_004
2024-12-28,1096.42,18,Beauty,STORE_002,BEAU_003
2024-12-28,5384.02,47,Electronics,STORE_003,ELEC_003
2024-12-28,1456.82,26,Clothing,STORE_003,CLTH_002
2024-12-28,2086.10,31,Home Goods,STORE_003,HOME_004
2024-12-28,1086.50,29,Grocery,STORE_003,GROC_002
2024-12-28,1493.37,31,Beauty,STORE_003,BEAU_002
2024-12-29,3049.60,31,Electronics,STORE_001,ELEC_004
2024-12-29,991.07,17,Clothing,STORE_001,CLTH_002
2024-12-29,2563.57,33,Home Goods,STORE_001,HOME_001
2024-12-29,551.94,18,Grocery,STORE_001,GROC_001
2024-12-29,920.48,19,Beauty,STORE_001,BEAU_001
2024-12-29,2813.08,24,Electronics,STORE_002,ELEC_001
2024-12-29,1170.98,22,Clothing,STORE_002,CLTH_004
2024-12-29,1741.59,19,Home Goods,STORE_002,HOME_003
2024-12-29,288.88,8,Grocery,STORE_002,GROC_002
2024-12-29,929.55,19,Beauty,STORE_002,BEAU_002
2024-12-29,5587.58,42,Electronics,STORE_003,ELEC_001
2024-12-29,1387.92,21,Clothing,STORE_003,CLTH_002
2024-12-29,2869.96,35,Home Goods,STORE_003,HOME_004
2024-12-29,1060.31,31,Grocery,STORE_003,GROC_004
2024-12-29,1280.83,31,Beauty,STORE_003,BEAU_004
2024-12-30,2651.85,26,Electronics,STORE_001,ELEC_001
2024-12-30,1328.77,20,Clothing,STORE_001,CLTH_001
2024-12-30,1859.17,27,Home Goods,STORE_001,HOME_001
2024-12-30,587.43,17,Grocery,STORE_001,GROC_001
2024-12-30,644.24,11,Beauty,STORE_001,BEAU_003
2024-12-30,2037.41,18,Electronics,STORE_002,ELEC_002
2024-12-30,733.94,13,Clothing,STORE_002,CLTH_003
2024-12-30,1728.14,20,Home Goods,STORE_002,HOME_002
2024-12-30,526.07,16,Grocery,STORE_002,GROC_004
2024-12-30,897.70,17,Beauty,STORE_002,BEAU_001
2024-12-30,4035.63,32,Electronics,STORE_003,ELEC_001
2024-12-30,1857.67,28,Clothing,STORE_003,CLTH_001
2024-12-30,2510.81,32,Home Goods,STORE_003,HOME_004
2024-12-30,692.65,24,Grocery,STORE_003,GROC_001
2024-12-30,934.66,17,Beauty,STORE_003,BEAU_004
2024-12-31,3860.01,29,Electronics,STORE_001,ELEC_001
2024-12-31,969.76,18,Clothing,STORE_001,CLTH_002
2024-12-31,2119.16,22,Home Goods,STORE_001,HOME_002
2024-12-31,410.32,14,Grocery,STORE_001,GROC_004
2024-12-31,1053.55,19,Beauty,STORE_001,BEAU_003
2024-12-31,2030.95,20,Electronics,STORE_002,ELEC_004
2024-12-31,973.65,16,Clothing,STORE_002,CLTH_002
2024-12-31,1413.04,19,Home Goods,STORE_002,HOME_003
2024-12-31,398.69,14,Grocery,STORE_002,GROC_001
2024-12-31,855.01,18,Beauty,STORE_002,BEAU_002
2024-12-31,3136.79,30,Electronics,STORE_003,ELEC_003
2024-12-31,1324.37,25,Clothing,STORE_003,CLTH_003
2024-12-31,2001.75,29,Home Goods,STORE_003,HOME_002
2024-12-31,738.29,19,Grocery,STORE_003,GROC_003
2024-12-31,1152.06,22,Beauty,STORE_003,BEAU_001
2025-01-01,2880.16,37,Electronics,STORE_001,ELEC_003
2025-01-01,783.60,15,Clothing,STORE_001,CLTH_002
2025-01-01,1437.17,25,Home Goods,STORE_001,HOME_003
2025-01-01,386.61,16,Grocery,STORE_001,GROC_003
2025-01-01,587.98,19,Beauty,STORE_001,BEAU_001
2025-01-01,2101.78,27,Electronics,STORE_002,ELEC_004
2025-01-01,1077.41,18,Clothing,STORE_002,CLTH_002
2025-01-01,889.49,14,Home Goods,STORE_002,HOME_003
2025-01-01,483.49,19,Grocery,STORE_002,GROC_004
2025-01-01,934.96,24,Beauty,STORE_002,BEAU_002
2025-01-01,4066.77,42,Electronics,STORE_003,ELEC_004
2025-01-01,1039.42,25,Clothing,STORE_003,CLTH_002
2025-01-01,1763.60,25,Home Goods,STORE_003,HOME_004
2025-01-01,625.74,23,Grocery,STORE_003,GROC_004
2025-01-01,674.06,17,Beauty,STORE_003,BEAU_002
2025-01-02,2502.91,33,Electronics,STORE_001,ELEC_001
2025-01-02,944.18,20,Clothing,STORE_001,CLTH_002
2025-01-02,1440.15,21,Home Goods,STORE_001,HOME_003
2025-01-02,552.21,20,Grocery,STORE_001,GROC_002
2025-01-02,898.39,20,Beauty,STORE_001,BEAU_003
2025-01-02,1795.62,19,Electronics,STORE_002,ELEC_003
2025-01-02,776.67,16,Clothing,STORE_002,CLTH_004
2025-01-02,1222.85,23,Home Goods,STORE_002,HOME_004
2025-01-02,436.93,18,Grocery,STORE_002,GROC_003
2025-01-02,302.93,10,Beauty,STORE_002,BEAU_003
2025-01-02,3237.38,35,Electronics,STORE_003,ELEC_001
2025-01-02,1353.96,27,Clothing,STORE_003,CLTH_003
2025-01-02,2039.42,32,Home Goods,STORE_003,HOME_001
2025-01-02,567.32,21,Grocery,STORE_003,GROC_003
2025-01-02,694.20,19,Beauty,STORE_003,BEAU_003
2025-01-03,2257.30,28,Electronics,STORE_001,ELEC_001
2025-01-03,939.12,18,Clothing,STORE_001,CLTH_004
2025-01-03,1168.59,18,Home Goods,STORE_001,HOME_002
2025-01-03,604.24,20,Grocery,STORE_001,GROC_002
2025-01-03,788.70,20,Beauty,STORE_001,BEAU_001
2025-01-03,1726.16,21,Electronics,STORE_002,ELEC_001
2025-01-03,691.20,16,Clothing,STORE_002,CLTH_004
2025-01-03,1154.57,18,Home Goods,STORE_002,HOME_004
2025-01-03,490.78,18,Grocery,STORE_002,GROC_004
2025-01-03,503.08,15,Beauty,STORE_002,BEAU_003
2025-01-03,5041.91,39,Electronics,STORE_003,ELEC_003
2025-01-03,1468.78,26,Clothing,STORE_003,CLTH_002
2025-01-03,2296.96,27,Home Goods,STORE_003,HOME_002
2025-01-03,457.89,22,Grocery,STORE_003,GROC_002
2025-01-03,991.47,26,Beauty,STORE_003,BEAU_002
2025-01-04,3240.94,34,Electronics,STORE_001,ELEC_004
2025-01-04,1334.75,26,Clothing,STORE_001,CLTH_003
2025-01-04,1815.38,26,Home Goods,STORE_001,HOME_003
2025-01-04,430.77,20,Grocery,STORE_001,GROC_002
2025-01-04,948.80,24,Beauty,STORE_001,BEAU_003
2025-01-04,2523.56,29,Electronics,STORE_002,ELEC_004
2025-01-04,1099.75,23,Clothing,STORE_002,CLTH_002
2025-01-04,1403.46,22,Home Goods,STORE_002,HOME_003
2025-01-04,333.35,13,Grocery,STORE_002,GROC_003
2025-01-04,600.49,14,Beauty,STORE_002,BEAU_002
2025-01-04,3741.06,38,Electronics,STORE_003,ELEC_001
2025-01-04,1796.29,38,Clothing,STORE_003,CLTH_002
2025-01-04,2264.82,31,Home Goods,STORE_003,HOME_001
2025-01-04,697.05,20,Grocery,STORE_003,GROC_003
2025-01-04,870.75,25,Beauty,STORE_003,BEAU_003
2025-01-05,3603.05,37,Electronics,STORE_001,ELEC_003
2025-01-05,1225.32,28,Clothing,STORE_001,CLTH_002
2025-01-05,2017.28,29,Home Goods,STORE_001,HOME_002
2025-01-05,492.36,18,Grocery,STORE_001,GROC_001
2025-01-05,964.50,23,Beauty,STORE_001,BEAU_002
2025-01-05,3055.43,35,Electronics,STORE_002,ELEC_004
2025-01-05,975.56,20,Clothing,STORE_002,CLTH_003
2025-01-05,1410.57,20,Home Goods,STORE_002,HOME_003
2025-01-05,375.62,12,Grocery,STORE_002,GROC_004
2025-01-05,799.85,20,Beauty,STORE_002,BEAU_003
2025-01-05,4186.22,43,Electronics,STORE_003,ELEC_004
2025-01-05,1486.76,30,Clothing,STORE_003,CLTH_001
2025-01-05,1687.65,29,Home Goods,STORE_003,HOME_004
2025-01-05,398.48,16,Grocery,STORE_003,GROC_001
2025-01-05,1247.37,31,Beauty,STORE_003,BEAU_004
2025-01-06,3255.02,32,Electronics,STORE_001,ELEC_004
2025-01-06,880.54,23,Clothing,STORE_001,CLTH_004
2025-01-06,1360.36,21,Home Goods,STORE_001,HOME_002
2025-01-06,627.76,17,Grocery,STORE_001,GROC_002
2025-01-06,888.15,23,Beauty,STORE_001,BEAU_002
2025-01-06,3048.44,26,Electronics,STORE_002,ELEC_004
2025-01-06,938.49,20,Clothing,STORE_002,CLTH_004
2025-01-06,1226.87,20,Home Goods,STORE_002,HOME_003
2025-01-06,564.61,20,Grocery,STORE_002,GROC_002
2025-01-06,636.38,16,Beauty,STORE_002,BEAU_003
2025-01-06,3740.02,35,Electronics,STORE_003,ELEC_003
2025-01-06,1535.30,36,Clothing,STORE_003,CLTH_002
2025-01-06,2135.39,33,Home Goods,STORE_003,HOME_002
2025-01-06,739.55,21,Grocery,STORE_003,GROC_002
2025-01-06,1020.21,25,Beauty,STORE_003,BEAU_002
2025-01-07,2540.16,29,Electronics,STORE_001,ELEC_002
2025-01-07,1264.46,24,Clothing,STORE_001,CLTH_001
2025-01-07,1655.75,25,Home Goods,STORE_001,HOME_001
2025-01-07,604.12,21,Grocery,STORE_001,GROC_002
2025-01-07,499.41,16,Beauty,STORE_001,BEAU_002
2025-01-07,2175.39,23,Electronics,STORE_002,ELEC_001
2025-01-07,691.08,13,Clothing,STORE_002,CLTH_003
2025-01-07,1124.92,16,Home Goods,STORE_002,HOME_002
2025-01-07,312.60,14,Grocery,STORE_002,GROC_003
2025-01-07,809.29,18,Beauty,STORE_002,BEAU_002
2025-01-07,4069.98,35,Electronics,STORE_003,ELEC_004
2025-01-07,1480.36,27,Clothing,STORE_003,CLTH_003
2025-01-07,1307.25,22,Home Goods,STORE_003,HOME_004
2025-01-07,806.42,26,Grocery,STORE_003,GROC_003
2025-01-07,919.00,18,Beauty,STORE_003,BEAU_002
2025-01-08,3462.17,33,Electronics,STORE_001,ELEC_004
2025-01-08,754.57,19,Clothing,STORE_001,CLTH_003
2025-01-08,1606.04,24,Home Goods,STORE_001,HOME_002
2025-01-08,358.19,14,Grocery,STORE_001,GROC_001
2025-01-08,1001.25,22,Beauty,STORE_001,BEAU_003
2025-01-08,3226.82,28,Electronics,STORE_002,ELEC_003
2025-01-08,326.05,7,Clothing,STORE_002,CLTH_004
2025-01-08,1187.20,17,Home Goods,STORE_002,HOME_002
2025-01-08,258.21,8,Grocery,STORE_002,GROC_004
2025-01-08,624.27,15,Beauty,STORE_002,BEAU_003
2025-01-08,3777.13,43,Electronics,STORE_003,ELEC_004
2025-01-08,1499.85,28,Clothing,STORE_003,CLTH_003
2025-01-08,2312.05,32,Home Goods,STORE_003,HOME_004
2025-01-08,527.09,19,Grocery,STORE_003,GROC_002
2025-01-08,721.51,19,Beauty,STORE_003,BEAU_003
2025-01-09,2788.04,28,Electronics,STORE_001,ELEC_001
2025-01-09,804.17,18,Clothing,STORE_001,CLTH_004
2025-01-09,1434.26,20,Home Goods,STORE_001,HOME_001
2025-01-09,903.20,26,Grocery,STORE_001,GROC_001
2025-01-09,726.83,18,Beauty,STORE_001,BEAU_002
2025-01-09,2662.43,29,Electronics,STORE_002,ELEC_002
2025-01-09,608.49,14,Clothing,STORE_002,CLTH_004
2025-01-09,603.76,10,Home Goods,STORE_002,HOME_003
2025-01-09,681.83,22,Grocery,STORE_002,GROC_004
2025-01-09,589.48,16,Beauty,STORE_002,BEAU_004
2025-01-09,3530.09,36,Electronics,STORE_003,ELEC_001
2025-01-09,1401.91,31,Clothing,STORE_003,CLTH_003
2025-01-09,2038.59,27,Home Goods,STORE_003,HOME_002
2025-01-09,650.55,24,Grocery,STORE_003,GROC_002
2025-01-09,903.29,22,Beauty,STORE_003,BEAU_003
2025-01-10,3019.23,24,Electronics,STORE_001,ELEC_004
2025-01-10,268.63,6,Clothing,STORE_001,CLTH_003
2025-01-10,1533.08,22,Home Goods,STORE_001,HOME_001
2025-01-10,401.93,16,Grocery,STORE_001,GROC_004
2025-01-10,880.52,23,Beauty,STORE_001,BEAU_004
2025-01-10,1989.13,22,Electronics,STORE_002,ELEC_004
2025-01-10,1150.86,19,Clothing,STORE_002,CLTH_001
2025-01-10,1674.17,23,Home Goods,STORE_002,HOME_001
2025-01-10,331.56,13,Grocery,STORE_002,GROC_002
2025-01-10,610.83,15,Beauty,STORE_002,BEAU_001
2025-01-10,4565.22,38,Electronics,STORE_003,ELEC_003
2025-01-10,1220.77,27,Clothing,STORE_003,CLTH_004
2025-01-10,2543.01,34,Home Goods,STORE_003,HOME_001
2025-01-10,638.46,21,Grocery,STORE_003,GROC_003
2025-01-10,1325.08,24,Beauty,STORE_003,BEAU_002
2025-01-11,3397.07,35,Electronics,STORE_001,ELEC_001
2025-01-11,1432.41,30,Clothing,STORE_001,CLTH_001
2025-01-11,1339.80,23,Home Goods,STORE_001,HOME_003
2025-01-11,502.61,19,Grocery,STORE_001,GROC_004
2025-01-11,1239.49,35,Beauty,STORE_001,BEAU_004
2025-01-11,2788.05,27,Electronics,STORE_002,ELEC_001
2025-01-11,1151.92,19,Clothing,STORE_002,CLTH_002
2025-01-11,1476.15,22,Home Goods,STORE_002,HOME_003
2025-01-11,466.54,15,Grocery,STORE_002,GROC_002
2025-01-11,690.29,20,Beauty,STORE_002,BEAU_001
2025-01-11,4846.90,42,Electronics,STORE_003,ELEC_001
2025-01-11,1728.72,30,Clothing,STORE_003,CLTH_004
2025-01-11,2423.22,34,Home Goods,STORE_003,HOME_001
2025-01-11,481.05,19,Grocery,STORE_003,GROC_001
2025-01-11,1056.41,30,Beauty,STORE_003,BEAU_001
2025-01-12,3834.71,36,Electronics,STORE_001,ELEC_002
2025-01-12,1278.20,24,Clothing,STORE_001,CLTH_001
2025-01-12,1745.58,24,Home Goods,STORE_001,HOME_003
2025-01-12,570.24,21,Grocery,STORE_001,GROC_001
2025-01-12,824.97,21,Beauty,STORE_001,BEAU_003
2025-01-12,2378.81,29,Electronics,STORE_002,ELEC_004
2025-01-12,807.54,16,Clothing,STORE_002,CLTH_001
2025-01-12,1404.64,21,Home Goods,STORE_002,HOME_001
2025-01-12,58.48,2,Grocery,STORE_002,GROC_002
2025-01-12,766.88,18,Beauty,STORE_002,BEAU_003
2025-01-12,3980.20,39,Electronics,STORE_003,ELEC_003
2025-01-12,1638.18,31,Clothing,STORE_003,CLTH_004
2025-01-12,2503.96,35,Home Goods,STORE_003,HOME_003
2025-01-12,600.79,24,Grocery,STORE_003,GROC_002
2025-01-12,1068.36,28,Beauty,STORE_003,BEAU_002
2025-01-13,2777.29,33,Electronics,STORE_001,ELEC_001
2025-01-13,750.19,19,Clothing,STORE_001,CLTH_003
2025-01-13,1044.08,19,Home Goods,STORE_001,HOME_003
2025-01-13,456.24,16,Grocery,STORE_001,GROC_002
2025-01-13,547.00,14,Beauty,STORE_001,BEAU_001
2025-01-13,2159.71,20,Electronics,STORE_002,ELEC_003
2025-01-13,641.31,12,Clothing,STORE_002,CLTH_002
2025-01-13,1300.51,21,Home Goods,STORE_002,HOME_002
2025-01-13,481.14,16,Grocery,STORE_002,GROC_004
2025-01-13,550.53,12,Beauty,STORE_002,BEAU_003
2025-01-13,3330.94,29,Electronics,STORE_003,ELEC_001
2025-01-13,1485.32,28,Clothing,STORE_003,CLTH_003
2025-01-13,1151.64,18,Home Goods,STORE_003,HOME_004
2025-01-13,545.65,21,Grocery,STORE_003,GROC_001
2025-01-13,871.38,23,Beauty,STORE_003,BEAU_001
2025-01-14,2307.37,24,Electronics,STORE_001,ELEC_004
2025-01-14,1409.77,28,Clothing,STORE_001,CLTH_003
2025-01-14,1843.79,25,Home Goods,STORE_001,HOME_002
2025-01-14,385.83,15,Grocery,STORE_001,GROC_002
2025-01-14,1120.65,25,Beauty,STORE_001,BEAU_002
2025-01-14,2767.62,26,Electronics,STORE_002,ELEC_002
2025-01-14,1052.03,21,Clothing,STORE_002,CLTH_004
2025-01-14,1159.07,16,Home Goods,STORE_002,HOME_002
2025-01-14,433.20,13,Grocery,STORE_002,GROC_003
2025-01-14,359.60,8,Beauty,STORE_002,BEAU_003
2025-01-14,3323.62,43,Electronics,STORE_003,ELEC_001
2025-01-14,911.95,20,Clothing,STORE_003,CLTH_003
2025-01-14,2092.31,27,Home Goods,STORE_003,HOME_003
2025-01-14,602.24,23,Grocery,STORE_003,GROC_002
2025-01-14,671.74,17,Beauty,STORE_003,BEAU_001
2025-01-15,1848.34,23,Electronics,STORE_001,ELEC_001
2025-01-15,1040.13,24,Clothing,STORE_001,CLTH_001
2025-01-15,2393.46,33,Home Goods,STORE_001,HOME_002
2025-01-15,524.10,17,Grocery,STORE_001,GROC_003
2025-01-15,772.95,19,Beauty,STORE_001,BEAU_003
2025-01-15,3078.03,30,Electronics,STORE_002,ELEC_001
2025-01-15,450.44,10,Clothing,STORE_002,CLTH_004
2025-01-15,1724.29,27,Home Goods,STORE_002,HOME_002
2025-01-15,397.05,16,Grocery,STORE_002,GROC_002
2025-01-15,976.01,25,Beauty,STORE_002,BEAU_001
2025-01-15,3449.49,34,Electronics,STORE_003,ELEC_001
2025-01-15,1103.47,19,Clothing,STORE_003,CLTH_004
2025-01-15,1775.30,30,Home Goods,STORE_003,HOME_002
2025-01-15,383.73,18,Grocery,STORE_003,GROC_003
2025-01-15,829.10,23,Beauty,STORE_003,BEAU_004
2025-01-16,4438.90,36,Electronics,STORE_001,ELEC_003
2025-01-16,923.87,23,Clothing,STORE_001,CLTH_001
2025-01-16,1784.21,26,Home Goods,STORE_001,HOME_003
2025-01-16,544.71,18,Grocery,STORE_001,GROC_004
2025-01-16,926.34,20,Beauty,STORE_001,BEAU_004
2025-01-16,2143.94,18,Electronics,STORE_002,ELEC_003
2025-01-16,820.29,18,Clothing,STORE_002,CLTH_004
2025-01-16,1154.14,19,Home Goods,STORE_002,HOME_004
2025-01-16,314.13,11,Grocery,STORE_002,GROC_002
2025-01-16,824.23,18,Beauty,STORE_002,BEAU_003
2025-01-16,3447.88,33,Electronics,STORE_003,ELEC_004
2025-01-16,1293.74,26,Clothing,STORE_003,CLTH_004
2025-01-16,1321.10,21,Home Goods,STORE_003,HOME_003
2025-01-16,601.94,22,Grocery,STORE_003,GROC_002
2025-01-16,1045.29,23,Beauty,STORE_003,BEAU_001
2025-01-17,2714.34,27,Electronics,STORE_001,ELEC_002
2025-01-17,1252.62,28,Clothing,STORE_001,CLTH_004
2025-01-17,1877.39,22,Home Goods,STORE_001,HOME_003
2025-01-17,448.08,14,Grocery,STORE_001,GROC_004
2025-01-17,921.86,22,Beauty,STORE_001,BEAU_004
2025-01-17,2638.06,25,Electronics,STORE_002,ELEC_002
2025-01-17,715.83,15,Clothing,STORE_002,CLTH_003
2025-01-17,1568.55,22,Home Goods,STORE_002,HOME_001
2025-01-17,298.60,11,Grocery,STORE_002,GROC_002
2025-01-17,908.29,24,Beauty,STORE_002,BEAU_002
2025-01-17,3307.86,33,Electronics,STORE_003,ELEC_001
2025-01-17,1278.59,26,Clothing,STORE_003,CLTH_002
2025-01-17,1768.59,24,Home Goods,STORE_003,HOME_001
2025-01-17,268.95,11,Grocery,STORE_003,GROC_003
2025-01-17,965.01,20,Beauty,STORE_003,BEAU_004
2025-01-18,3057.37,29,Electronics,STORE_001,ELEC_004
2025-01-18,977.59,24,Clothing,STORE_001,CLTH_003
2025-01-18,1918.31,30,Home Goods,STORE_001,HOME_002
2025-01-18,560.87,22,Grocery,STORE_001,GROC_003
2025-01-18,1154.78,25,Beauty,STORE_001,BEAU_001
2025-01-18,3033.31,30,Electronics,STORE_002,ELEC_002
2025-01-18,1109.75,20,Clothing,STORE_002,CLTH_001
2025-01-18,1189.49,21,Home Goods,STORE_002,HOME_002
2025-01-18,497.87,18,Grocery,STORE_002,GROC_002
2025-01-18,741.72,18,Beauty,STORE_002,BEAU_003
2025-01-18,4050.42,37,Electronics,STORE_003,ELEC_003
2025-01-18,1570.78,29,Clothing,STORE_003,CLTH_002
2025-01-18,2008.09,27,Home Goods,STORE_003,HOME_002
2025-01-18,599.79,21,Grocery,STORE_003,GROC_004
2025-01-18,1080.94,24,Beauty,STORE_003,BEAU_001
2025-01-19,2525.38,34,Electronics,STORE_001,ELEC_004
2025-01-19,1003.74,27,Clothing,STORE_001,CLTH_001
2025-01-19,2627.08,30,Home Goods,STORE_001,HOME_003
2025-01-19,456.13,15,Grocery,STORE_001,GROC_004
2025-01-19,778.22,21,Beauty,STORE_001,BEAU_004
2025-01-19,3407.90,33,Electronics,STORE_002,ELEC_004
2025-01-19,582.04,13,Clothing,STORE_002,CLTH_002
2025-01-19,1294.58,19,Home Goods,STORE_002,HOME_001
2025-01-19,518.39,18,Grocery,STORE_002,GROC_001
2025-01-19,723.70,15,Beauty,STORE_002,BEAU_004
2025-01-19,3777.57,39,Electronics,STORE_003,ELEC_004
2025-01-19,1711.95,31,Clothing,STORE_003,CLTH_004
2025-01-19,2551.77,35,Home Goods,STORE_003,HOME_002
2025-01-19,484.22,19,Grocery,STORE_003,GROC_003
2025-01-19,1162.01,28,Beauty,STORE_003,BEAU_002
2025-01-20,3225.05,31,Electronics,STORE_001,ELEC_003
2025-01-20,941.93,17,Clothing,STORE_001,CLTH_002
2025-01-20,1434.49,21,Home Goods,STORE_001,HOME_002
2025-01-20,480.23,17,Grocery,STORE_001,GROC_001
2025-01-20,1023.00,24,Beauty,STORE_001,BEAU_004
2025-01-20,2174.83,24,Electronics,STORE_002,ELEC_004
2025-01-20,983.65,21,Clothing,STORE_002,CLTH_002
2025-01-20,746.09,12,Home Goods,STORE_002,HOME_003
2025-01-20,476.93,16,Grocery,STORE_002,GROC_002
2025-01-20,594.95,15,Beauty,STORE_002,BEAU_003
2025-01-20,3703.38,37,Electronics,STORE_003,ELEC_004
2025-01-20,1384.38,30,Clothing,STORE_003,CLTH_004
2025-01-20,1312.68,25,Home Goods,STORE_003,HOME_002
2025-01-20,628.44,22,Grocery,STORE_003,GROC_003
2025-01-20,777.23,20,Beauty,STORE_003,BEAU_003
2025-01-21,1810.26,21,Electronics,STORE_001,ELEC_004
2025-01-21,1171.10,25,Clothing,STORE_001,CLTH_003
2025-01-21,1559.73,26,Home Goods,STORE_001,HOME_003
2025-01-21,273.28,9,Grocery,STORE_001,GROC_001
2025-01-21,1059.99,23,Beauty,STORE_001,BEAU_003
2025-01-21,2750.93,28,Electronics,STORE_002,ELEC_003
2025-01-21,1194.17,20,Clothing,STORE_002,CLTH_001
2025-01-21,960.80,14,Home Goods,STORE_002,HOME_004
2025-01-21,301.95,11,Grocery,STORE_002,GROC_002
2025-01-21,634.96,16,Beauty,STORE_002,BEAU_004
2025-01-21,3347.32,36,Electronics,STORE_003,ELEC_003
2025-01-21,1163.28,23,Clothing,STORE_003,CLTH_003
2025-01-21,1728.79,27,Home Goods,STORE_003,HOME_002
2025-01-21,512.20,17,Grocery,STORE_003,GROC_001
2025-01-21,908.44,22,Beauty,STORE_003,BEAU_004
2025-01-22,2651.24,27,Electronics,STORE_001,ELEC_003
2025-01-22,1183.52,22,Clothing,STORE_001,CLTH_001
2025-01-22,1292.33,23,Home Goods,STORE_001,HOME_004
2025-01-22,415.43,17,Grocery,STORE_001,GROC_002
2025-01-22,541.62,12,Beauty,STORE_001,BEAU_001
2025-01-22,2228.23,21,Electronics,STORE_002,ELEC_003
2025-01-22,1007.57,19,Clothing,STORE_002,CLTH_004
2025-01-22,986.37,16,Home Goods,STORE_002,HOME_002
2025-01-22,180.56,6,Grocery,STORE_002,GROC_004
2025-01-22,969.12,21,Beauty,STORE_002,BEAU_002
2025-01-22,3693.78,36,Electronics,STORE_003,ELEC_001
2025-01-22,1003.22,21,Clothing,STORE_003,CLTH_003
2025-01-22,2433.51,30,Home Goods,STORE_003,HOME_002
2025-01-22,510.46,23,Grocery,STORE_003,GROC_004
2025-01-22,1324.60,29,Beauty,STORE_003,BEAU_002
2025-01-23,2452.92,23,Electronics,STORE_001,ELEC_004
2025-01-23,1073.53,22,Clothing,STORE_001,CLTH_001
2025-01-23,1170.50,21,Home Goods,STORE_001,HOME_003
2025-01-23,731.64,20,Grocery,STORE_001,GROC_002
2025-01-23,1005.42,18,Beauty,STORE_001,BEAU_004
2025-01-23,2833.31,26,Electronics,STORE_002,ELEC_002
2025-01-23,971.26,24,Clothing,STORE_002,CLTH_001
2025-01-23,2159.28,25,Home Goods,STORE_002,HOME_001
2025-01-23,310.74,10,Grocery,STORE_002,GROC_003
2025-01-23,459.61,11,Beauty,STORE_002,BEAU_001
2025-01-23,3830.79,33,Electronics,STORE_003,ELEC_001
2025-01-23,1394.87,25,Clothing,STORE_003,CLTH_002
2025-01-23,2104.12,31,Home Goods,STORE_003,HOME_003
2025-01-23,754.74,24,Grocery,STORE_003,GROC_001
2025-01-23,913.25,21,Beauty,STORE_003,BEAU_004
2025-01-24,3305.20,29,Electronics,STORE_001,ELEC_001
2025-01-24,774.57,17,Clothing,STORE_001,CLTH_003
2025-01-24,2096.25,24,Home Goods,STORE_001,HOME_003
2025-01-24,606.29,19,Grocery,STORE_001,GROC_001
2025-01-24,751.83,18,Beauty,STORE_001,BEAU_002
2025-01-24,2504.56,28,Electronics,STORE_002,ELEC_001
2025-01-24,1393.39,24,Clothing,STORE_002,CLTH_004
2025-01-24,1249.83,21,Home Goods,STORE_002,HOME_004
2025-01-24,512.43,19,Grocery,STORE_002,GROC_002
2025-01-24,602.05,14,Beauty,STORE_002,BEAU_001
2025-01-24,3564.39,35,Electronics,STORE_003,ELEC_002
2025-01-24,969.21,21,Clothing,STORE_003,CLTH_001
2025-01-24,2425.95,29,Home Goods,STORE_003,HOME_003
2025-01-24,411.53,15,Grocery,STORE_003,GROC_002
2025-01-24,846.74,20,Beauty,STORE_003,BEAU_002
2025-01-25,2643.01,28,Electronics,STORE_001,ELEC_001
2025-01-25,1101.17,25,Clothing,STORE_001,CLTH_001
2025-01-25,1806.22,32,Home Goods,STORE_001,HOME_003
2025-01-25,558.33,21,Grocery,STORE_001,GROC_001
2025-01-25,1224.51,25,Beauty,STORE_001,BEAU_001
2025-01-25,4365.71,36,Electronics,STORE_002,ELEC_004
2025-01-25,658.69,14,Clothing,STORE_002,CLTH_004
2025-01-25,1678.03,26,Home Goods,STORE_002,HOME_003
2025-01-25,410.80,13,Grocery,STORE_002,GROC_002
2025-01-25,914.97,21,Beauty,STORE_002,BEAU_001
2025-01-25,4481.35,45,Electronics,STORE_003,ELEC_004
2025-01-25,1742.82,29,Clothing,STORE_003,CLTH_004
2025-01-25,1860.15,29,Home Goods,STORE_003,HOME_001
2025-01-25,971.67,31,Grocery,STORE_003,GROC_002
2025-01-25,899.04,20,Beauty,STORE_003,BEAU_004
2025-01-26,3585.52,33,Electronics,STORE_001,ELEC_003
2025-01-26,856.70,19,Clothing,STORE_001,CLTH_004
2025-01-26,2902.09,35,Home Goods,STORE_001,HOME_001
2025-01-26,791.75,26,Grocery,STORE_001,GROC_002
2025-01-26,861.11,19,Beauty,STORE_001,BEAU_002
2025-01-26,2980.67,36,Electronics,STORE_002,ELEC_002
2025-01-26,1254.63,24,Clothing,STORE_002,CLTH_004
2025-01-26,1717.52,28,Home Goods,STORE_002,HOME_004
2025-01-26,406.85,14,Grocery,STORE_002,GROC_004
2025-01-26,709.73,19,Beauty,STORE_002,BEAU_003
2025-01-26,4020.96,42,Electronics,STORE_003,ELEC_004
2025-01-26,1365.10,29,Clothing,STORE_003,CLTH_003
2025-01-26,2326.21,31,Home Goods,STORE_003,HOME_002
2025-01-26,766.76,27,Grocery,STORE_003,GROC_002
2025-01-26,767.09,24,Beauty,STORE_003,BEAU_004
2025-01-27,3332.18,30,Electronics,STORE_001,ELEC_002
2025-01-27,1055.31,22,Clothing,STORE_001,CLTH_001
2025-01-27,1539.97,21,Home Goods,STORE_001,HOME_003
2025-01-27,453.60,17,Grocery,STORE_001,GROC_004
2025-01-27,919.03,22,Beauty,STORE_001,BEAU_001
2025-01-27,2169.93,22,Electronics,STORE_002,ELEC_001
2025-01-27,885.35,16,Clothing,STORE_002,CLTH_002
2025-01-27,1122.14,20,Home Goods,STORE_002,HOME_002
2025-01-27,193.05,7,Grocery,STORE_002,GROC_003
2025-01-27,649.77,14,Beauty,STORE_002,BEAU_003
2025-01-27,3268.90,29,Electronics,STORE_003,ELEC_002
2025-01-27,1134.44,23,Clothing,STORE_003,CLTH_004
2025-01-27,1529.16,20,Home Goods,STORE_003,HOME_003
2025-01-27,309.44,11,Grocery,STORE_003,GROC_004
2025-01-27,1034.50,23,Beauty,STORE_003,BEAU_002
2025-01-28,3198.13,38,Electronics,STORE_001,ELEC_004
2025-01-28,871.08,18,Clothing,STORE_001,CLTH_004
2025-01-28,1858.95,23,Home Goods,STORE_001,HOME_003
2025-01-28,608.98,21,Grocery,STORE_001,GROC_002
2025-01-28,693.19,19,Beauty,STORE_001,BEAU_001
2025-01-28,3102.72,28,Electronics,STORE_002,ELEC_002
2025-01-28,868.61,18,Clothing,STORE_002,CLTH_004
2025-01-28,1107.19,16,Home Goods,STORE_002,HOME_001
2025-01-28,450.05,16,Grocery,STORE_002,GROC_001
2025-01-28,813.19,20,Beauty,STORE_002,BEAU_001
2025-01-28,3579.25,37,Electronics,STORE_003,ELEC_004
2025-01-28,994.80,19,Clothing,STORE_003,CLTH_004
2025-01-28,1699.17,24,Home Goods,STORE_003,HOME_001
2025-01-28,419.74,16,Grocery,STORE_003,GROC_001
2025-01-28,785.38,21,Beauty,STORE_003,BEAU_004
2025-01-29,3330.61,32,Electronics,STORE_001,ELEC_003
2025-01-29,1178.99,22,Clothing,STORE_001,CLTH_002
2025-01-29,1466.14,19,Home Goods,STORE_001,HOME_001
2025-01-29,402.18,15,Grocery,STORE_001,GROC_001
2025-01-29,642.40,17,Beauty,STORE_001,BEAU_003
2025-01-29,2525.78,25,Electronics,STORE_002,ELEC_004
2025-01-29,466.64,9,Clothing,STORE_002,CLTH_001
2025-01-29,1357.82,21,Home Goods,STORE_002,HOME_004
2025-01-29,413.96,15,Grocery,STORE_002,GROC_003
2025-01-29,642.39,15,Beauty,STORE_002,BEAU_001
2025-01-29,4614.49,41,Electronics,STORE_003,ELEC_002
2025-01-29,926.66,24,Clothing,STORE_003,CLTH_003
2025-01-29,2279.11,34,Home Goods,STORE_003,HOME_002
2025-01-29,529.66,20,Grocery,STORE_003,GROC_004
2025-01-29,1311.45,27,Beauty,STORE_003,BEAU_002
2025-01-30,2902.25,32,Electronics,STORE_001,ELEC_004
2025-01-30,1066.41,20,Clothing,STORE_001,CLTH_004
2025-01-30,1679.67,25,Home Goods,STORE_001,HOME_004
2025-01-30,358.61,12,Grocery,STORE_001,GROC_001
2025-01-30,730.61,17,Beauty,STORE_001,BEAU_002
2025-01-30,2817.04,30,Electronics,STORE_002,ELEC_003
2025-01-30,1009.34,21,Clothing,STORE_002,CLTH_002
2025-01-30,1371.99,21,Home Goods,STORE_002,HOME_002
2025-01-30,394.21,16,Grocery,STORE_002,GROC_001
2025-01-30,527.57,14,Beauty,STORE_002,BEAU_004
2025-01-30,5021.86,39,Electronics,STORE_003,ELEC_002
2025-01-30,998.05,19,Clothing,STORE_003,CLTH_001
2025-01-30,2498.30,32,Home Goods,STORE_003,HOME_001
2025-01-30,475.50,17,Grocery,STORE_003,GROC_004
2025-01-30,1182.00,27,Beauty,STORE_003,BEAU_004
2025-01-31,3181.89,32,Electronics,STORE_001,ELEC_002
2025-01-31,1090.52,20,Clothing,STORE_001,CLTH_001
2025-01-31,2246.74,27,Home Goods,STORE_001,HOME_003
2025-01-31,317.99,12,Grocery,STORE_001,GROC_003
2025-01-31,1050.72,21,Beauty,STORE_001,BEAU_001
2025-01-31,2297.23,22,Electronics,STORE_002,ELEC_004
2025-01-31,1030.75,18,Clothing,STORE_002,CLTH_004
2025-01-31,1550.79,19,Home Goods,STORE_002,HOME_001
2025-01-31,553.51,19,Grocery,STORE_002,GROC_001
2025-01-31,832.31,21,Beauty,STORE_002,BEAU_002
2025-01-31,3755.64,32,Electronics,STORE_003,ELEC_004
2025-01-31,1164.10,25,Clothing,STORE_003,CLTH_001
2025-01-31,2716.98,33,Home Goods,STORE_003,HOME_001
2025-01-31,626.21,24,Grocery,STORE_003,GROC_001
2025-01-31,880.59,20,Beauty,STORE_003,BEAU_001
2025-02-01,3787.85,34,Electronics,STORE_001,ELEC_003
2025-02-01,1307.80,27,Clothing,STORE_001,CLTH_002
2025-02-01,2068.37,30,Home Goods,STORE_001,HOME_001
2025-02-01,595.20,21,Grocery,STORE_001,GROC_001
2025-02-01,1177.23,31,Beauty,STORE_001,BEAU_003
2025-02-01,3395.45,32,Electronics,STORE_002,ELEC_004
2025-02-01,992.13,18,Clothing,STORE_002,CLTH_004
2025-02-01,1889.80,29,Home Goods,STORE_002,HOME_003
2025-02-01,617.04,23,Grocery,STORE_002,GROC_001
2025-02-01,569.01,14,Beauty,STORE_002,BEAU_003
2025-02-01,4199.76,36,Electronics,STORE_003,ELEC_004
2025-02-01,1337.34,30,Clothing,STORE_003,CLTH_004
2025-02-01,3349.18,42,Home Goods,STORE_003,HOME_002
2025-02-01,562.07,20,Grocery,STORE_003,GROC_003
2025-02-01,1119.82,25,Beauty,STORE_003,BEAU_004
2025-02-02,2308.73,30,Electronics,STORE_001,ELEC_002
2025-02-02,942.49,24,Clothing,STORE_001,CLTH_002
2025-02-02,1487.35,23,Home Goods,STORE_001,HOME_004
2025-02-02,478.90,17,Grocery,STORE_001,GROC_004
2025-02-02,1392.99,27,Beauty,STORE_001,BEAU_002
2025-02-02,2745.45,24,Electronics,STORE_002,ELEC_004
2025-02-02,1076.85,20,Clothing,STORE_002,CLTH_003
2025-02-02,1021.92,17,Home Goods,STORE_002,HOME_002
2025-02-02,549.25,17,Grocery,STORE_002,GROC_003
2025-02-02,924.82,21,Beauty,STORE_002,BEAU_003
2025-02-02,3625.41,41,Electronics,STORE_003,ELEC_001
2025-02-02,1339.38,30,Clothing,STORE_003,CLTH_001
2025-02-02,2150.44,27,Home Goods,STORE_003,HOME_004
2025-02-02,944.58,24,Grocery,STORE_003,GROC_003
2025-02-02,732.05,21,Beauty,STORE_003,BEAU_002
2025-02-03,3449.41,32,Electronics,STORE_001,ELEC_004
2025-02-03,1101.27,20,Clothing,STORE_001,CLTH_003
2025-02-03,2379.91,28,Home Goods,STORE_001,HOME_001
2025-02-03,411.54,13,Grocery,STORE_001,GROC_001
2025-02-03,707.32,19,Beauty,STORE_001,BEAU_001
2025-02-03,2284.17,23,Electronics,STORE_002,ELEC_001
2025-02-03,428.47,8,Clothing,STORE_002,CLTH_001
2025-02-03,1655.64,22,Home Goods,STORE_002,HOME_001
2025-02-03,550.51,20,Grocery,STORE_002,GROC_002
2025-02-03,895.88,18,Beauty,STORE_002,BEAU_003
2025-02-03,3720.30,33,Electronics,STORE_003,ELEC_002
2025-02-03,1318.22,23,Clothing,STORE_003,CLTH_001
2025-02-03,2086.42,30,Home Goods,STORE_003,HOME_004
2025-02-03,635.00,22,Grocery,STORE_003,GROC_004
2025-02-03,1086.15,28,Beauty,STORE_003,BEAU_001
2025-02-04,3246.74,30,Electronics,STORE_001,ELEC_004
2025-02-04,886.65,17,Clothing,STORE_001,CLTH_003
2025-02-04,2275.63,31,Home Goods,STORE_001,HOME_004
2025-02-04,359.40,12,Grocery,STORE_001,GROC_002
2025-02-04,801.95,17,Beauty,STORE_001,BEAU_003
2025-02-04,1713.88,21,Electronics,STORE_002,ELEC_004
2025-02-04,1011.61,18,Clothing,STORE_002,CLTH_004
2025-02-04,1212.66,16,Home Goods,STORE_002,HOME_002
2025-02-04,500.54,16,Grocery,STORE_002,GROC_001
2025-02-04,750.83,17,Beauty,STORE_002,BEAU_004
2025-02-04,3805.62,35,Electronics,STORE_003,ELEC_002
2025-02-04,1295.51,28,Clothing,STORE_003,CLTH_001
2025-02-04,1974.94,28,Home Goods,STORE_003,HOME_004
2025-02-04,682.80,19,Grocery,STORE_003,GROC_002
2025-02-04,1484.64,30,Beauty,STORE_003,BEAU_002
2025-02-05,2682.32,27,Electronics,STORE_001,ELEC_001
2025-02-05,999.60,20,Clothing,STORE_001,CLTH_001
2025-02-05,2105.20,29,Home Goods,STORE_001,HOME_002
2025-02-05,353.44,11,Grocery,STORE_001,GROC_004
2025-02-05,928.09,20,Beauty,STORE_001,BEAU_002
2025-02-05,2854.14,23,Electronics,STORE_002,ELEC_001
2025-02-05,798.38,14,Clothing,STORE_002,CLTH_002
2025-02-05,1229.52,16,Home Goods,STORE_002,HOME_002
2025-02-05,339.16,12,Grocery,STORE_002,GROC_002
2025-02-05,732.89,15,Beauty,STORE_002,BEAU_002
2025-02-05,3613.02,30,Electronics,STORE_003,ELEC_004
2025-02-05,1237.41,24,Clothing,STORE_003,CLTH_001
2025-02-05,2165.14,29,Home Goods,STORE_003,HOME_003
2025-02-05,536.16,18,Grocery,STORE_003,GROC_002
2025-02-05,892.67,20,Beauty,STORE_003,BEAU_001
2025-02-06,2185.02,26,Electronics,STORE_001,ELEC_002
2025-02-06,1129.58,21,Clothing,STORE_001,CLTH_001
2025-02-06,2085.31,33,Home Goods,STORE_001,HOME_001
2025-02-06,369.41,14,Grocery,STORE_001,GROC_003
2025-02-06,927.72,22,Beauty,STORE_001,BEAU_002
2025-02-06,2001.43,22,Electronics,STORE_002,ELEC_001
2025-02-06,1037.81,17,Clothing,STORE_002,CLTH_004
2025-02-06,1638.41,24,Home Goods,STORE_002,HOME_002
2025-02-06,226.50,8,Grocery,STORE_002,GROC_003
2025-02-06,763.58,17,Beauty,STORE_002,BEAU_001
2025-02-06,3044.33,30,Electronics,STORE_003,ELEC_004
2025-02-06,1660.30,32,Clothing,STORE_003,CLTH_001
2025-02-06,2095.92,28,Home Goods,STORE_003,HOME_003
2025-02-06,471.47,17,Grocery,STORE_003,GROC_002
2025-02-06,812.39,18,Beauty,STORE_003,BEAU_002
2025-02-07,2466.64,30,Electronics,STORE_001,ELEC_003
2025-02-07,727.70,16,Clothing,STORE_001,CLTH_002
2025-02-07,1733.76,25,Home Goods,STORE_001,HOME_002
2025-02-07,336.34,12,Grocery,STORE_001,GROC_001
2025-02-07,935.46,23,Beauty,STORE_001,BEAU_004
2025-02-07,1849.42,18,Electronics,STORE_002,ELEC_001
2025-02-07,1327.26,21,Clothing,STORE_002,CLTH_001
2025-02-07,1368.87,18,Home Goods,STORE_002,HOME_002
2025-02-07,353.28,11,Grocery,STORE_002,GROC_002
2025-02-07,605.43,13,Beauty,STORE_002,BEAU_001
2025-02-07,3704.12,35,Electronics,STORE_003,ELEC_002
2025-02-07,1116.82,25,Clothing,STORE_003,CLTH_001
2025-02-07,1662.09,27,Home Goods,STORE_003,HOME_004
2025-02-07,724.37,21,Grocery,STORE_003,GROC_004
2025-02-07,1003.34,27,Beauty,STORE_003,BEAU_001
2025-02-08,2900.51,34,Electronics,STORE_001,ELEC_002
2025-02-08,1153.34,25,Clothing,STORE_001,CLTH_003
2025-02-08,2186.82,29,Home Goods,STORE_001,HOME_002
2025-02-08,541.91,22,Grocery,STORE_001,GROC_001
2025-02-08,815.20,18,Beauty,STORE_001,BEAU_001
2025-02-08,3086.95,32,Electronics,STORE_002,ELEC_001
2025-02-08,1277.17,22,Clothing,STORE_002,CLTH_003
2025-02-08,1657.55,23,Home Goods,STORE_002,HOME_001
2025-02-08,288.98,11,Grocery,STORE_002,GROC_001
2025-02-08,901.33,21,Beauty,STORE_002,BEAU_003
2025-02-08,4554.79,39,Electronics,STORE_003,ELEC_004
2025-02-08,1472.76,30,Clothing,STORE_003,CLTH_004
2025-02-08,1879.20,32,Home Goods,STORE_003,HOME_004
2025-02-08,453.17,18,Grocery,STORE_003,GROC_004
2025-02-08,1038.50,23,Beauty,STORE_003,BEAU_002
2025-02-09,4152.23,38,Electronics,STORE_001,ELEC_004
2025-02-09,1295.06,28,Clothing,STORE_001,CLTH_002
2025-02-09,1642.04,28,Home Goods,STORE_001,HOME_002
2025-02-09,571.00,20,Grocery,STORE_001,GROC_004
2025-02-09,829.84,24,Beauty,STORE_001,BEAU_002
2025-02-09,1910.42,23,Electronics,STORE_002,ELEC_003
2025-02-09,1515.18,26,Clothing,STORE_002,CLTH_004
2025-02-09,2648.03,33,Home Goods,STORE_002,HOME_002
2025-02-09,564.14,21,Grocery,STORE_002,GROC_004
2025-02-09,768.90,17,Beauty,STORE_002,BEAU_002
2025-02-09,3270.88,45,Electronics,STORE_003,ELEC_001
2025-02-09,1899.41,31,Clothing,STORE_003,CLTH_004
2025-02-09,2422.62,34,Home Goods,STORE_003,HOME_003
2025-02-09,453.67,16,Grocery,STORE_003,GROC_004
2025-02-09,1193.04,25,Beauty,STORE_003,BEAU_002
2025-02-10,2433.82,24,Electronics,STORE_001,ELEC_002
2025-02-10,852.65,17,Clothing,STORE_001,CLTH_002
2025-02-10,1679.16,21,Home Goods,STORE_001,HOME_003
2025-02-10,419.13,15,Grocery,STORE_001,GROC_001
2025-02-10,718.33,15,Beauty,STORE_001,BEAU_001
2025-02-10,3101.31,25,Electronics,STORE_002,ELEC_003
2025-02-10,741.79,15,Clothing,STORE_002,CLTH_002
2025-02-10,1492.04,20,Home Goods,STORE_002,HOME_002
2025-02-10,490.70,18,Grocery,STORE_002,GROC_002
2025-02-10,606.24,17,Beauty,STORE_002,BEAU_004
2025-02-10,3253.31,32,Electronics,STORE_003,ELEC_004
2025-02-10,1007.54,20,Clothing,STORE_003,CLTH_003
2025-02-10,1566.81,24,Home Goods,STORE_003,HOME_003
2025-02-10,569.94,18,Grocery,STORE_003,GROC_002
2025-02-10,754.85,18,Beauty,STORE_003,BEAU_003
2025-02-11,3072.31,33,Electronics,STORE_001,ELEC_001
2025-02-11,1560.93,29,Clothing,STORE_001,CLTH_001
2025-02-11,1452.36,24,Home Goods,STORE_001,HOME_002
2025-02-11,456.59,14,Grocery,STORE_001,GROC_003
2025-02-11,960.44,19,Beauty,STORE_001,BEAU_001
2025-02-11,2729.44,26,Electronics,STORE_002,ELEC_003
2025-02-11,1455.76,24,Clothing,STORE_002,CLTH_004
2025-02-11,1723.29,21,Home Goods,STORE_002,HOME_004
2025-02-11,335.80,13,Grocery,STORE_002,GROC_002
2025-02-11,362.79,7,Beauty,STORE_002,BEAU_001
2025-02-11,3751.64,36,Electronics,STORE_003,ELEC_002
2025-02-11,1142.65,20,Clothing,STORE_003,CLTH_001
2025-02-11,2663.06,34,Home Goods,STORE_003,HOME_002
2025-02-11,558.94,18,Grocery,STORE_003,GROC_002
2025-02-11,962.10,21,Beauty,STORE_003,BEAU_003
2025-02-12,3430.47,27,Electronics,STORE_001,ELEC_001
2025-02-12,950.47,22,Clothing,STORE_001,CLTH_002
2025-02-12,1468.68,20,Home Goods,STORE_001,HOME_003
2025-02-12,535.04,23,Grocery,STORE_001,GROC_002
2025-02-12,1233.97,23,Beauty,STORE_001,BEAU_001
2025-02-12,2810.78,24,Electronics,STORE_002,ELEC_002
2025-02-12,1383.32,22,Clothing,STORE_002,CLTH_003
2025-02-12,1699.37,22,Home Goods,STORE_002,HOME_002
2025-02-12,239.78,8,Grocery,STORE_002,GROC_001
2025-02-12,482.67,11,Beauty,STORE_002,BEAU_004
2025-02-12,3227.75,40,Electronics,STORE_003,ELEC_001
2025-02-12,1204.66,20,Clothing,STORE_003,CLTH_001
2025-02-12,1751.42,25,Home Goods,STORE_003,HOME_002
2025-02-12,824.47,27,Grocery,STORE_003,GROC_003
2025-02-12,1071.23,23,Beauty,STORE_003,BEAU_004
2025-02-13,3518.69,38,Electronics,STORE_001,ELEC_004
2025-02-13,935.06,21,Clothing,STORE_001,CLTH_003
2025-02-13,1462.72,20,Home Goods,STORE_001,HOME_003
2025-02-13,591.36,19,Grocery,STORE_001,GROC_004
2025-02-13,562.95,14,Beauty,STORE_001,BEAU_002
2025-02-13,2544.70,19,Electronics,STORE_002,ELEC_002
2025-02-13,847.20,15,Clothing,STORE_002,CLTH_001
2025-02-13,1846.57,21,Home Goods,STORE_002,HOME_004
2025-02-13,428.84,15,Grocery,STORE_002,GROC_001
2025-02-13,990.60,22,Beauty,STORE_002,BEAU_003
2025-02-13,3166.12,36,Electronics,STORE_003,ELEC_002
2025-02-13,1801.28,29,Clothing,STORE_003,CLTH_003
2025-02-13,1645.18,23,Home Goods,STORE_003,HOME_002
2025-02-13,621.63,21,Grocery,STORE_003,GROC_002
2025-02-13,1360.12,30,Beauty,STORE_003,BEAU_001
2025-02-14,3263.36,29,Electronics,STORE_001,ELEC_003
2025-02-14,1066.22,15,Clothing,STORE_001,CLTH_003
2025-02-14,2011.87,25,Home Goods,STORE_001,HOME_001
2025-02-14,275.59,10,Grocery,STORE_001,GROC_001
2025-02-14,791.32,14,Beauty,STORE_001,BEAU_004
2025-02-14,2055.69,27,Electronics,STORE_002,ELEC_004
2025-02-14,915.15,17,Clothing,STORE_002,CLTH_004
2025-02-14,1106.29,16,Home Goods,STORE_002,HOME_003
2025-02-14,453.60,17,Grocery,STORE_002,GROC_001
2025-02-14,1038.36,22,Beauty,STORE_002,BEAU_002
2025-02-14,2608.82,32,Electronics,STORE_003,ELEC_001
2025-02-14,1237.20,24,Clothing,STORE_003,CLTH_004
2025-02-14,2090.88,31,Home Goods,STORE_003,HOME_001
2025-02-14,618.51,23,Grocery,STORE_003,GROC_002
2025-02-14,3791.15,80,Beauty,STORE_003,BEAU_002
2025-02-15,3801.48,38,Electronics,STORE_001,ELEC_004
2025-02-15,873.71,19,Clothing,STORE_001,CLTH_004
2025-02-15,2139.36,27,Home Goods,STORE_001,HOME_004
2025-02-15,450.35,16,Grocery,STORE_001,GROC_001
2025-02-15,725.42,17,Beauty,STORE_001,BEAU_001
2025-02-15,3863.45,32,Electronics,STORE_002,ELEC_003
2025-02-15,877.90,17,Clothing,STORE_002,CLTH_004
2025-02-15,1838.04,23,Home Goods,STORE_002,HOME_002
2025-02-15,313.93,10,Grocery,STORE_002,GROC_002
2025-02-15,614.31,12,Beauty,STORE_002,BEAU_004
2025-02-15,3543.26,37,Electronics,STORE_003,ELEC_003
2025-02-15,1513.21,30,Clothing,STORE_003,CLTH_003
2025-02-15,3055.78,38,Home Goods,STORE_003,HOME_004
2025-02-15,708.91,21,Grocery,STORE_003,GROC_003
2025-02-15,1389.57,34,Beauty,STORE_003,BEAU_001
2025-02-16,3052.77,28,Electronics,STORE_001,ELEC_003
2025-02-16,1148.93,20,Clothing,STORE_001,CLTH_001
2025-02-16,1823.41,27,Home Goods,STORE_001,HOME_004
2025-02-16,450.74,15,Grocery,STORE_001,GROC_004
2025-02-16,1272.27,26,Beauty,STORE_001,BEAU_004
2025-02-16,3365.92,29,Electronics,STORE_002,ELEC_003
2025-02-16,1093.20,20,Clothing,STORE_002,CLTH_004
2025-02-16,1849.49,29,Home Goods,STORE_002,HOME_004
2025-02-16,331.47,11,Grocery,STORE_002,GROC_004
2025-02-16,717.38,16,Beauty,STORE_002,BEAU_001
2025-02-16,4255.49,46,Electronics,STORE_003,ELEC_001
2025-02-16,1179.19,29,Clothing,STORE_003,CLTH_003
2025-02-16,3044.87,40,Home Goods,STORE_003,HOME_001
2025-02-16,674.50,20,Grocery,STORE_003,GROC_004
2025-02-16,1086.65,21,Beauty,STORE_003,BEAU_003
2025-02-17,3321.88,29,Electronics,STORE_001,ELEC_004
2025-02-17,797.78,17,Clothing,STORE_001,CLTH_004
2025-02-17,1779.56,21,Home Goods,STORE_001,HOME_002
2025-02-17,307.18,12,Grocery,STORE_001,GROC_003
2025-02-17,941.91,21,Beauty,STORE_001,BEAU_001
2025-02-17,2271.66,20,Electronics,STORE_002,ELEC_003
2025-02-17,570.42,11,Clothing,STORE_002,CLTH_004
2025-02-17,1277.66,16,Home Goods,STORE_002,HOME_002
2025-02-17,558.30,18,Grocery,STORE_002,GROC_003
2025-02-17,1015.86,22,Beauty,STORE_002,BEAU_004
2025-02-17,3552.65,34,Electronics,STORE_003,ELEC_003
2025-02-17,1452.97,26,Clothing,STORE_003,CLTH_001
2025-02-17,1601.26,27,Home Goods,STORE_003,HOME_002
2025-02-17,497.31,18,Grocery,STORE_003,GROC_004
2025-02-17,1041.05,28,Beauty,STORE_003,BEAU_001
2025-02-18,2788.37,26,Electronics,STORE_001,ELEC_002
2025-02-18,1333.47,27,Clothing,STORE_001,CLTH_001
2025-02-18,2308.44,25,Home Goods,STORE_001,HOME_003
2025-02-18,569.40,20,Grocery,STORE_001,GROC_002
2025-02-18,1218.44,25,Beauty,STORE_001,BEAU_003
2025-02-18,2248.36,24,Electronics,STORE_002,ELEC_003
2025-02-18,1230.28,21,Clothing,STORE_002,CLTH_003
2025-02-18,1074.26,15,Home Goods,STORE_002,HOME_004
2025-02-18,335.90,10,Grocery,STORE_002,GROC_002
2025-02-18,788.44,16,Beauty,STORE_002,BEAU_004
2025-02-18,3786.41,36,Electronics,STORE_003,ELEC_003
2025-02-18,1295.18,28,Clothing,STORE_003,CLTH_004
2025-02-18,2279.51,29,Home Goods,STORE_003,HOME_002
2025-02-18,548.41,19,Grocery,STORE_003,GROC_003
2025-02-18,965.32,21,Beauty,STORE_003,BEAU_004
2025-02-19,3461.50,32,Electronics,STORE_001,ELEC_001
2025-02-19,690.03,12,Clothing,STORE_001,CLTH_003
2025-02-19,1904.17,27,Home Goods,STORE_001,HOME_002
2025-02-19,268.85,11,Grocery,STORE_001,GROC_004
2025-02-19,792.59,18,Beauty,STORE_001,BEAU_004
2025-02-19,3025.28,32,Electronics,STORE_002,ELEC_004
2025-02-19,746.67,13,Clothing,STORE_002,CLTH_002
2025-02-19,1792.76,22,Home Goods,STORE_002,HOME_003
2025-02-19,603.10,20,Grocery,STORE_002,GROC_003
2025-02-19,477.57,11,Beauty,STORE_002,BEAU_002
2025-02-19,3552.35,33,Electronics,STORE_003,ELEC_003
2025-02-19,1121.49,21,Clothing,STORE_003,CLTH_004
2025-02-19,2400.39,32,Home Goods,STORE_003,HOME_002
2025-02-19,553.62,20,Grocery,STORE_003,GROC_004
2025-02-19,1166.35,28,Beauty,STORE_003,BEAU_001
2025-02-20,2946.00,26,Electronics,STORE_001,ELEC_001
2025-02-20,1131.55,21,Clothing,STORE_001,CLTH_004
2025-02-20,1396.70,23,Home Goods,STORE_001,HOME_002
2025-02-20,567.29,21,Grocery,STORE_001,GROC_003
2025-02-20,839.59,17,Beauty,STORE_001,BEAU_002
2025-02-20,3204.82,30,Electronics,STORE_002,ELEC_004
2025-02-20,754.04,17,Clothing,STORE_002,CLTH_001
2025-02-20,1824.75,21,Home Goods,STORE_002,HOME_001
2025-02-20,214.85,8,Grocery,STORE_002,GROC_003
2025-02-20,710.68,19,Beauty,STORE_002,BEAU_001
2025-02-20,3559.35,41,Electronics,STORE_003,ELEC_004
2025-02-20,1153.28,25,Clothing,STORE_003,CLTH_003
2025-02-20,1877.46,29,Home Goods,STORE_003,HOME_004
2025-02-20,595.97,21,Grocery,STORE_003,GROC_003
2025-02-20,668.29,16,Beauty,STORE_003,BEAU_001
2025-02-21,3696.49,32,Electronics,STORE_001,ELEC_001
2025-02-21,927.11,16,Clothing,STORE_001,CLTH_004
2025-02-21,1449.17,20,Home Goods,STORE_001,HOME_002
2025-02-21,424.80,16,Grocery,STORE_001,GROC_003
2025-02-21,1186.97,23,Beauty,STORE_001,BEAU_003
2025-02-21,2619.61,23,Electronics,STORE_002,ELEC_001
2025-02-21,995.57,20,Clothing,STORE_002,CLTH_002
2025-02-21,1645.86,26,Home Goods,STORE_002,HOME_004
2025-02-21,567.13,21,Grocery,STORE_002,GROC_002
2025-02-21,903.91,17,Beauty,STORE_002,BEAU_002
2025-02-21,4094.44,38,Electronics,STORE_003,ELEC_004
2025-02-21,976.60,21,Clothing,STORE_003,CLTH_003
2025-02-21,1739.00,26,Home Goods,STORE_003,HOME_003
2025-02-21,794.36,22,Grocery,STORE_003,GROC_003
2025-02-21,892.23,17,Beauty,STORE_003,BEAU_001
2025-02-22,5038.92,42,Electronics,STORE_001,ELEC_003
2025-02-22,893.10,18,Clothing,STORE_001,CLTH_002
2025-02-22,1775.02,35,Home Goods,STORE_001,HOME_002
2025-02-22,507.99,18,Grocery,STORE_001,GROC_004
2025-02-22,1011.41,21,Beauty,STORE_001,BEAU_004
2025-02-22,3791.57,30,Electronics,STORE_002,ELEC_003
2025-02-22,1398.23,23,Clothing,STORE_002,CLTH_001
2025-02-22,2094.32,31,Home Goods,STORE_002,HOME_004
2025-02-22,399.46,10,Grocery,STORE_002,GROC_001
2025-02-22,611.79,16,Beauty,STORE_002,BEAU_003
2025-02-22,4322.77,37,Electronics,STORE_003,ELEC_004
2025-02-22,1208.36,24,Clothing,STORE_003,CLTH_001
2025-02-22,2569.25,42,Home Goods,STORE_003,HOME_001
2025-02-22,607.47,22,Grocery,STORE_003,GROC_003
2025-02-22,1110.27,24,Beauty,STORE_003,BEAU_001
2025-02-23,3651.88,33,Electronics,STORE_001,ELEC_002
2025-02-23,1206.60,22,Clothing,STORE_001,CLTH_002
2025-02-23,1403.40,26,Home Goods,STORE_001,HOME_001
2025-02-23,611.04,23,Grocery,STORE_001,GROC_001
2025-02-23,1129.51,24,Beauty,STORE_001,BEAU_002
2025-02-23,2258.66,22,Electronics,STORE_002,ELEC_003
2025-02-23,1377.86,27,Clothing,STORE_002,CLTH_001
2025-02-23,2203.63,25,Home Goods,STORE_002,HOME_001
2025-02-23,737.76,23,Grocery,STORE_002,GROC_003
2025-02-23,938.75,21,Beauty,STORE_002,BEAU_004
2025-02-23,5158.57,46,Electronics,STORE_003,ELEC_003
2025-02-23,1628.55,28,Clothing,STORE_003,CLTH_001
2025-02-23,2349.36,34,Home Goods,STORE_003,HOME_001
2025-02-23,848.22,28,Grocery,STORE_003,GROC_001
2025-02-23,999.64,24,Beauty,STORE_003,BEAU_003
2025-02-24,2380.85,23,Electronics,STORE_001,ELEC_004
2025-02-24,1309.32,23,Clothing,STORE_001,CLTH_003
2025-02-24,1683.71,25,Home Goods,STORE_001,HOME_001
2025-02-24,650.04,22,Grocery,STORE_001,GROC_002
2025-02-24,836.87,18,Beauty,STORE_001,BEAU_003
2025-02-24,3389.79,25,Electronics,STORE_002,ELEC_001
2025-02-24,1104.60,21,Clothing,STORE_002,CLTH_004
2025-02-24,1528.26,19,Home Goods,STORE_002,HOME_002
2025-02-24,408.03,12,Grocery,STORE_002,GROC_001
2025-02-24,275.74,7,Beauty,STORE_002,BEAU_002
2025-02-24,3914.25,31,Electronics,STORE_003,ELEC_004
2025-02-24,1631.42,30,Clothing,STORE_003,CLTH_004
2025-02-24,1791.45,25,Home Goods,STORE_003,HOME_002
2025-02-24,477.16,14,Grocery,STORE_003,GROC_001
2025-02-24,924.91,19,Beauty,STORE_003,BEAU_002
2025-02-25,2367.56,25,Electronics,STORE_001,ELEC_003
2025-02-25,1275.21,23,Clothing,STORE_001,CLTH_004
2025-02-25,1891.24,25,Home Goods,STORE_001,HOME_004
2025-02-25,336.16,12,Grocery,STORE_001,GROC_003
2025-02-25,990.80,21,Beauty,STORE_001,BEAU_004
2025-02-25,3410.60,27,Electronics,STORE_002,ELEC_003
2025-02-25,564.53,12,Clothing,STORE_002,CLTH_003
2025-02-25,1260.89,19,Home Goods,STORE_002,HOME_001
2025-02-25,302.69,10,Grocery,STORE_002,GROC_001
2025-02-25,1080.01,20,Beauty,STORE_002,BEAU_001
2025-02-25,3601.05,35,Electronics,STORE_003,ELEC_003
2025-02-25,916.78,17,Clothing,STORE_003,CLTH_003
2025-02-25,1931.96,23,Home Goods,STORE_003,HOME_003
2025-02-25,746.91,24,Grocery,STORE_003,GROC_003
2025-02-25,848.16,21,Beauty,STORE_003,BEAU_003
2025-02-26,3088.43,30,Electronics,STORE_001,ELEC_003
2025-02-26,1263.68,24,Clothing,STORE_001,CLTH_003
2025-02-26,909.80,15,Home Goods,STORE_001,HOME_004
2025-02-26,540.48,20,Grocery,STORE_001,GROC_003
2025-02-26,1135.66,22,Beauty,STORE_001,BEAU_002
2025-02-26,2512.92,23,Electronics,STORE_002,ELEC_002
2025-02-26,1225.50,26,Clothing,STORE_002,CLTH_001
2025-02-26,953.20,12,Home Goods,STORE_002,HOME_004
2025-02-26,343.88,11,Grocery,STORE_002,GROC_003
2025-02-26,516.45,11,Beauty,STORE_002,BEAU_001
2025-02-26,4575.56,39,Electronics,STORE_003,ELEC_003
2025-02-26,1765.89,37,Clothing,STORE_003,CLTH_003
2025-02-26,2128.20,26,Home Goods,STORE_003,HOME_003
2025-02-26,543.70,17,Grocery,STORE_003,GROC_001
2025-02-26,1128.85,24,Beauty,STORE_003,BEAU_004
2025-02-27,3055.85,31,Electronics,STORE_001,ELEC_004
2025-02-27,1021.77,20,Clothing,STORE_001,CLTH_003
2025-02-27,1383.91,19,Home Goods,STORE_001,HOME_003
2025-02-27,542.77,19,Grocery,STORE_001,GROC_004
2025-02-27,502.11,11,Beauty,STORE_001,BEAU_003
2025-02-27,2225.99,20,Electronics,STORE_002,ELEC_002
2025-02-27,611.51,12,Clothing,STORE_002,CLTH_002
2025-02-27,1375.85,19,Home Goods,STORE_002,HOME_001
2025-02-27,637.24,17,Grocery,STORE_002,GROC_002
2025-02-27,457.65,10,Beauty,STORE_002,BEAU_003
2025-02-27,3133.87,28,Electronics,STORE_003,ELEC_004
2025-02-27,1024.69,21,Clothing,STORE_003,CLTH_001
2025-02-27,2712.44,33,Home Goods,STORE_003,HOME_004
2025-02-27,645.84,22,Grocery,STORE_003,GROC_003
2025-02-27,1302.57,25,Beauty,STORE_003,BEAU_002
2025-02-28,2511.37,27,Electronics,STORE_001,ELEC_003
2025-02-28,1130.82,19,Clothing,STORE_001,CLTH_004
2025-02-28,2256.95,29,Home Goods,STORE_001,HOME_003
2025-02-28,288.19,13,Grocery,STORE_001,GROC_004
2025-02-28,836.88,16,Beauty,STORE_001,BEAU_002
2025-02-28,2805.21,28,Electronics,STORE_002,ELEC_001
2025-02-28,914.87,17,Clothing,STORE_002,CLTH_004
2025-02-28,1397.82,17,Home Goods,STORE_002,HOME_003
2025-02-28,382.02,13,Grocery,STORE_002,GROC_004
2025-02-28,948.70,18,Beauty,STORE_002,BEAU_004
2025-02-28,3376.78,32,Electronics,STORE_003,ELEC_001
2025-02-28,889.28,17,Clothing,STORE_003,CLTH_001
2025-02-28,2080.69,29,Home Goods,STORE_003,HOME_002
2025-02-28,504.17,15,Grocery,STORE_003,GROC_002
2025-02-28,735.66,16,Beauty,STORE_003,BEAU_002
2025-03-01,3249.57,32,Electronics,STORE_001,ELEC_002
2025-03-01,1034.93,20,Clothing,STORE_001,CLTH_001
2025-03-01,2773.89,34,Home Goods,STORE_001,HOME_001
2025-03-01,684.31,19,Grocery,STORE_001,GROC_001
2025-03-01,1469.37,26,Beauty,STORE_001,BEAU_001
2025-03-01,2872.26,25,Electronics,STORE_002,ELEC_002
2025-03-01,878.75,15,Clothing,STORE_002,CLTH_004
2025-03-01,1745.89,21,Home Goods,STORE_002,HOME_003
2025-03-01,433.94,14,Grocery,STORE_002,GROC_002
2025-03-01,696.92,15,Beauty,STORE_002,BEAU_004
2025-03-01,3095.40,29,Electronics,STORE_003,ELEC_002
2025-03-01,1374.82,29,Clothing,STORE_003,CLTH_003
2025-03-01,2289.73,26,Home Goods,STORE_003,HOME_001
2025-03-01,620.17,18,Grocery,STORE_003,GROC_003
2025-03-01,1097.85,25,Beauty,STORE_003,BEAU_003
2025-03-02,4485.66,42,Electronics,STORE_001,ELEC_001
2025-03-02,1000.80,23,Clothing,STORE_001,CLTH_002
2025-03-02,1513.16,20,Home Goods,STORE_001,HOME_004
2025-03-02,580.89,19,Grocery,STORE_001,GROC_002
2025-03-02,1062.25,26,Beauty,STORE_001,BEAU_002
2025-03-02,3159.15,29,Electronics,STORE_002,ELEC_003
2025-03-02,1212.68,23,Clothing,STORE_002,CLTH_001
2025-03-02,1864.73,26,Home Goods,STORE_002,HOME_001
2025-03-02,422.00,15,Grocery,STORE_002,GROC_004
2025-03-02,814.82,16,Beauty,STORE_002,BEAU_003
2025-03-02,4319.04,38,Electronics,STORE_003,ELEC_002
2025-03-02,1409.95,30,Clothing,STORE_003,CLTH_002
2025-03-02,1899.08,27,Home Goods,STORE_003,HOME_002
2025-03-02,589.97,20,Grocery,STORE_003,GROC_004
2025-03-02,1277.71,26,Beauty,STORE_003,BEAU_003
2025-03-03,2738.11,30,Electronics,STORE_001,ELEC_003
2025-03-03,1198.75,22,Clothing,STORE_001,CLTH_003
2025-03-03,1688.23,22,Home Goods,STORE_001,HOME_001
2025-03-03,705.32,23,Grocery,STORE_001,GROC_002
2025-03-03,609.55,16,Beauty,STORE_001,BEAU_001
2025-03-03,2686.59,23,Electronics,STORE_002,ELEC_002
2025-03-03,1236.71,22,Clothing,STORE_002,CLTH_004
2025-03-03,2147.31,27,Home Goods,STORE_002,HOME_001
2025-03-03,278.90,10,Grocery,STORE_002,GROC_002
2025-03-03,753.83,15,Beauty,STORE_002,BEAU_003
2025-03-03,4011.90,33,Electronics,STORE_003,ELEC_004
2025-03-03,1070.79,20,Clothing,STORE_003,CLTH_003
2025-03-03,2550.17,29,Home Goods,STORE_003,HOME_003
2025-03-03,566.25,18,Grocery,STORE_003,GROC_004
2025-03-03,1436.46,27,Beauty,STORE_003,BEAU_004
2025-03-04,3155.81,29,Electronics,STORE_001,ELEC_002
2025-03-04,1186.83,23,Clothing,STORE_001,CLTH_001
2025-03-04,1413.56,18,Home Goods,STORE_001,HOME_003
2025-03-04,358.94,13,Grocery,STORE_001,GROC_001
2025-03-04,817.72,21,Beauty,STORE_001,BEAU_002
2025-03-04,2149.08,21,Electronics,STORE_002,ELEC_001
2025-03-04,1130.36,18,Clothing,STORE_002,CLTH_002
2025-03-04,1065.79,14,Home Goods,STORE_002,HOME_004
2025-03-04,501.81,13,Grocery,STORE_002,GROC_001
2025-03-04,847.80,15,Beauty,STORE_002,BEAU_001
2025-03-04,2875.05,33,Electronics,STORE_003,ELEC_004
2025-03-04,640.52,14,Clothing,STORE_003,CLTH_001
2025-03-04,2562.54,33,Home Goods,STORE_003,HOME_003
2025-03-04,813.28,29,Grocery,STORE_003,GROC_003
2025-03-04,957.90,20,Beauty,STORE_003,BEAU_001
2025-03-05,2825.36,28,Electronics,STORE_001,ELEC_001
2025-03-05,1178.63,20,Clothing,STORE_001,CLTH_001
2025-03-05,1877.51,28,Home Goods,STORE_001,HOME_004
2025-03-05,348.82,13,Grocery,STORE_001,GROC_003
2025-03-05,996.75,21,Beauty,STORE_001,BEAU_003
2025-03-05,3053.25,29,Electronics,STORE_002,ELEC_002
2025-03-05,652.08,13,Clothing,STORE_002,CLTH_004
2025-03-05,1833.35,26,Home Goods,STORE_002,HOME_003
2025-03-05,377.96,14,Grocery,STORE_002,GROC_003
2025-03-05,550.02,11,Beauty,STORE_002,BEAU_001
2025-03-05,3447.18,38,Electronics,STORE_003,ELEC_003
2025-03-05,1217.10,26,Clothing,STORE_003,CLTH_002
2025-03-05,1762.80,23,Home Goods,STORE_003,HOME_001
2025-03-05,640.84,23,Grocery,STORE_003,GROC_004
2025-03-05,978.50,23,Beauty,STORE_003,BEAU_002
2025-03-06,3280.45,27,Electronics,STORE_001,ELEC_002
2025-03-06,905.38,16,Clothing,STORE_001,CLTH_001
2025-03-06,2464.14,26,Home Goods,STORE_001,HOME_001
2025-03-06,514.96,16,Grocery,STORE_001,GROC_001
2025-03-06,792.36,21,Beauty,STORE_001,BEAU_002
2025-03-06,2746.53,25,Electronics,STORE_002,ELEC_002
2025-03-06,1197.03,20,Clothing,STORE_002,CLTH_002
2025-03-06,1295.02,17,Home Goods,STORE_002,HOME_002
2025-03-06,340.79,12,Grocery,STORE_002,GROC_003
2025-03-06,838.16,19,Beauty,STORE_002,BEAU_004
2025-03-06,4121.28,37,Electronics,STORE_003,ELEC_001
2025-03-06,1384.47,22,Clothing,STORE_003,CLTH_002
2025-03-06,1839.52,27,Home Goods,STORE_003,HOME_002
2025-03-06,747.86,26,Grocery,STORE_003,GROC_004
2025-03-06,1121.79,26,Beauty,STORE_003,BEAU_002
2025-03-07,2746.48,26,Electronics,STORE_001,ELEC_003
2025-03-07,1051.08,18,Clothing,STORE_001,CLTH_003
2025-03-07,2312.50,27,Home Goods,STORE_001,HOME_003
2025-03-07,291.73,10,Grocery,STORE_001,GROC_001
2025-03-07,674.12,13,Beauty,STORE_001,BEAU_003
2025-03-07,3618.99,28,Electronics,STORE_002,ELEC_004
2025-03-07,700.64,15,Clothing,STORE_002,CLTH_002
2025-03-07,1370.00,18,Home Goods,STORE_002,HOME_001
2025-03-07,229.04,8,Grocery,STORE_002,GROC_003
2025-03-07,832.85,21,Beauty,STORE_002,BEAU_003
2025-03-07,4572.73,40,Electronics,STORE_003,ELEC_002
2025-03-07,1699.67,25,Clothing,STORE_003,CLTH_002
2025-03-07,2163.60,27,Home Goods,STORE_003,HOME_001
2025-03-07,675.49,20,Grocery,STORE_003,GROC_002
2025-03-07,1060.58,22,Beauty,STORE_003,BEAU_004
2025-03-08,5082.93,40,Electronics,STORE_001,ELEC_004
2025-03-08,1141.26,24,Clothing,STORE_001,CLTH_004
2025-03-08,2007.50,29,Home Goods,STORE_001,HOME_002
2025-03-08,478.52,16,Grocery,STORE_001,GROC_004
2025-03-08,979.34,21,Beauty,STORE_001,BEAU_001
2025-03-08,2607.73,29,Electronics,STORE_002,ELEC_003
2025-03-08,776.73,14,Clothing,STORE_002,CLTH_004
2025-03-08,2286.16,25,Home Goods,STORE_002,HOME_002
2025-03-08,438.08,14,Grocery,STORE_002,GROC_002
2025-03-08,997.77,22,Beauty,STORE_002,BEAU_004
2025-03-08,4853.34,38,Electronics,STORE_003,ELEC_001
2025-03-08,1317.50,25,Clothing,STORE_003,CLTH_001
2025-03-08,2858.40,39,Home Goods,STORE_003,HOME_001
2025-03-08,586.91,18,Grocery,STORE_003,GROC_002
2025-03-08,1030.37,25,Beauty,STORE_003,BEAU_001
2025-03-09,3345.58,33,Electronics,STORE_001,ELEC_001
2025-03-09,2053.25,29,Clothing,STORE_001,CLTH_001
2025-03-09,2251.16,31,Home Goods,STORE_001,HOME_001
2025-03-09,646.96,21,Grocery,STORE_001,GROC_003
2025-03-09,1366.26,31,Beauty,STORE_001,BEAU_002
2025-03-09,3226.44,28,Electronics,STORE_002,ELEC_002
2025-03-09,1108.13,23,Clothing,STORE_002,CLTH_001
2025-03-09,1801.57,24,Home Goods,STORE_002,HOME_003
2025-03-09,920.81,22,Grocery,STORE_002,GROC_002
2025-03-09,797.29,19,Beauty,STORE_002,BEAU_002
2025-03-09,5719.57,48,Electronics,STORE_003,ELEC_001
2025-03-09,1709.94,31,Clothing,STORE_003,CLTH_002
2025-03-09,2632.54,35,Home Goods,STORE_003,HOME_003
2025-03-09,1001.08,29,Grocery,STORE_003,GROC_003
2025-03-09,1232.37,23,Beauty,STORE_003,BEAU_001
2025-03-10,3257.08,32,Electronics,STORE_001,ELEC_002
2025-03-10,1075.75,20,Clothing,STORE_001,CLTH_004
2025-03-10,1633.53,20,Home Goods,STORE_001,HOME_002
2025-03-10,564.55,16,Grocery,STORE_001,GROC_004
2025-03-10,826.97,20,Beauty,STORE_001,BEAU_001
2025-03-10,2877.78,24,Electronics,STORE_002,ELEC_003
2025-03-10,908.64,18,Clothing,STORE_002,CLTH_004
2025-03-10,1485.16,22,Home Goods,STORE_002,HOME_002
2025-03-10,489.42,15,Grocery,STORE_002,GROC_003
2025-03-10,650.64,15,Beauty,STORE_002,BEAU_004
2025-03-10,4114.49,37,Electronics,STORE_003,ELEC_004
2025-03-10,1555.84,26,Clothing,STORE_003,CLTH_002
2025-03-10,1692.78,25,Home Goods,STORE_003,HOME_004
2025-03-10,641.32,21,Grocery,STORE_003,GROC_004
2025-03-10,1113.42,25,Beauty,STORE_003,BEAU_002
2025-03-11,3806.73,33,Electronics,STORE_001,ELEC_004
2025-03-11,1243.68,23,Clothing,STORE_001,CLTH_004
2025-03-11,1728.32,22,Home Goods,STORE_001,HOME_001
2025-03-11,363.09,11,Grocery,STORE_001,GROC_001
2025-03-11,817.32,18,Beauty,STORE_001,BEAU_002
2025-03-11,2257.75,18,Electronics,STORE_002,ELEC_003
2025-03-11,738.98,15,Clothing,STORE_002,CLTH_001
2025-03-11,1429.58,22,Home Goods,STORE_002,HOME_003
2025-03-11,583.70,18,Grocery,STORE_002,GROC_001
2025-03-11,429.84,9,Beauty,STORE_002,BEAU_004
2025-03-11,4159.53,39,Electronics,STORE_003,ELEC_003
2025-03-11,1425.05,26,Clothing,STORE_003,CLTH_004
2025-03-11,2458.03,27,Home Goods,STORE_003,HOME_003
2025-03-11,532.94,20,Grocery,STORE_003,GROC_001
2025-03-11,858.47,20,Beauty,STORE_003,BEAU_004
2025-03-12,3603.21,33,Electronics,STORE_001,ELEC_004
2025-03-12,817.48,14,Clothing,STORE_001,CLTH_002
2025-03-12,2482.90,28,Home Goods,STORE_001,HOME_004
2025-03-12,511.22,14,Grocery,STORE_001,GROC_004
2025-03-12,966.95,25,Beauty,STORE_001,BEAU_004
2025-03-12,2628.36,25,Electronics,STORE_002,ELEC_001
2025-03-12,978.93,18,Clothing,STORE_002,CLTH_004
2025-03-12,1807.29,20,Home Goods,STORE_002,HOME_004
2025-03-12,622.74,20,Grocery,STORE_002,GROC_001
2025-03-12,820.57,15,Beauty,STORE_002,BEAU_004
2025-03-12,3126.64,26,Electronics,STORE_003,ELEC_001
2025-03-12,1293.50,22,Clothing,STORE_003,CLTH_002
2025-03-12,1987.72,30,Home Goods,STORE_003,HOME_002
2025-03-12,444.30,14,Grocery,STORE_003,GROC_003
2025-03-12,1135.70,26,Beauty,STORE_003,BEAU_004
2025-03-13,1706.20,21,Electronics,STORE_001,ELEC_004
2025-03-13,994.55,20,Clothing,STORE_001,CLTH_002
2025-03-13,1553.22,20,Home Goods,STORE_001,HOME_002
2025-03-13,513.56,16,Grocery,STORE_001,GROC_004
2025-03-13,1119.09,21,Beauty,STORE_001,BEAU_003
2025-03-13,3338.35,28,Electronics,STORE_002,ELEC_001
2025-03-13,935.33,16,Clothing,STORE_002,CLTH_003
2025-03-13,1320.09,19,Home Goods,STORE_002,HOME_003
2025-03-13,336.24,10,Grocery,STORE_002,GROC_001
2025-03-13,894.62,19,Beauty,STORE_002,BEAU_003
2025-03-13,3467.23,35,Electronics,STORE_003,ELEC_004
2025-03-13,972.87,19,Clothing,STORE_003,CLTH_002
2025-03-13,1889.00,29,Home Goods,STORE_003,HOME_004
2025-03-13,606.89,19,Grocery,STORE_003,GROC_004
2025-03-13,1274.08,25,Beauty,STORE_003,BEAU_002
2025-03-14,3595.12,30,Electronics,STORE_001,ELEC_001
2025-03-14,696.56,17,Clothing,STORE_001,CLTH_003
2025-03-14,2065.74,30,Home Goods,STORE_001,HOME_002
2025-03-14,310.42,12,Grocery,STORE_001,GROC_004
2025-03-14,1074.68,23,Beauty,STORE_001,BEAU_002
2025-03-14,3604.24,31,Electronics,STORE_002,ELEC_001
2025-03-14,551.99,10,Clothing,STORE_002,CLTH_003
2025-03-14,2035.93,26,Home Goods,STORE_002,HOME_004
2025-03-14,412.06,12,Grocery,STORE_002,GROC_003
2025-03-14,1022.15,22,Beauty,STORE_002,BEAU_001
2025-03-14,3336.16,34,Electronics,STORE_003,ELEC_001
2025-03-14,1348.36,24,Clothing,STORE_003,CLTH_001
2025-03-14,2041.61,27,Home Goods,STORE_003,HOME_002
2025-03-14,631.70,20,Grocery,STORE_003,GROC_004
2025-03-14,1154.80,25,Beauty,STORE_003,BEAU_003
2025-03-15,4763.11,35,Electronics,STORE_001,ELEC_001
2025-03-15,955.53,17,Clothing,STORE_001,CLTH_004
2025-03-15,2608.38,34,Home Goods,STORE_001,HOME_001
2025-03-15,759.48,20,Grocery,STORE_001,GROC_004
2025-03-15,1330.61,25,Beauty,STORE_001,BEAU_004
2025-03-15,3450.90,27,Electronics,STORE_002,ELEC_003
2025-03-15,938.66,19,Clothing,STORE_002,CLTH_001
2025-03-15,1833.98,25,Home Goods,STORE_002,HOME_004
2025-03-15,437.17,15,Grocery,STORE_002,GROC_001
2025-03-15,746.36,13,Beauty,STORE_002,BEAU_003
2025-03-15,5663.49,43,Electronics,STORE_003,ELEC_004
2025-03-15,1474.44,27,Clothing,STORE_003,CLTH_003
2025-03-15,2623.15,33,Home Goods,STORE_003,HOME_003
2025-03-15,423.34,12,Grocery,STORE_003,GROC_004
2025-03-15,1099.55,26,Beauty,STORE_003,BEAU_001
2025-03-16,5236.73,42,Electronics,STORE_001,ELEC_002
2025-03-16,1727.27,29,Clothing,STORE_001,CLTH_003
2025-03-16,2541.53,32,Home Goods,STORE_001,HOME_002
2025-03-16,563.40,20,Grocery,STORE_001,GROC_002
2025-03-16,791.31,21,Beauty,STORE_001,BEAU_002
2025-03-16,3013.97,26,Electronics,STORE_002,ELEC_003
2025-03-16,891.50,17,Clothing,STORE_002,CLTH_001
2025-03-16,1094.67,20,Home Goods,STORE_002,HOME_003
2025-03-16,381.09,11,Grocery,STORE_002,GROC_004
2025-03-16,1252.30,26,Beauty,STORE_002,BEAU_003
2025-03-16,4437.97,43,Electronics,STORE_003,ELEC_004
2025-03-16,1469.35,30,Clothing,STORE_003,CLTH_001
2025-03-16,3626.35,36,Home Goods,STORE_003,HOME_001
2025-03-16,587.27,20,Grocery,STORE_003,GROC_004
2025-03-16,1145.26,25,Beauty,STORE_003,BEAU_004
2025-03-17,4250.52,35,Electronics,STORE_001,ELEC_003
2025-03-17,1097.70,24,Clothing,STORE_001,CLTH_003
2025-03-17,1907.84,25,Home Goods,STORE_001,HOME_004
2025-03-17,458.70,17,Grocery,STORE_001,GROC_004
2025-03-17,1082.50,24,Beauty,STORE_001,BEAU_001
2025-03-17,2783.28,24,Electronics,STORE_002,ELEC_001
2025-03-17,872.30,14,Clothing,STORE_002,CLTH_003
2025-03-17,1814.22,25,Home Goods,STORE_002,HOME_004
2025-03-17,223.17,8,Grocery,STORE_002,GROC_001
2025-03-17,584.15,11,Beauty,STORE_002,BEAU_003
2025-03-17,4375.66,40,Electronics,STORE_003,ELEC_004
2025-03-17,1512.47,26,Clothing,STORE_003,CLTH_002
2025-03-17,2103.54,29,Home Goods,STORE_003,HOME_004
2025-03-17,619.37,19,Grocery,STORE_003,GROC_001
2025-03-17,576.85,13,Beauty,STORE_003,BEAU_001
2025-03-18,4095.86,34,Electronics,STORE_001,ELEC_002
2025-03-18,944.45,18,Clothing,STORE_001,CLTH_002
2025-03-18,999.60,16,Home Goods,STORE_001,HOME_003
2025-03-18,690.90,22,Grocery,STORE_001,GROC_001
2025-03-18,1215.41,23,Beauty,STORE_001,BEAU_003
2025-03-18,3729.49,35,Electronics,STORE_002,ELEC_003
2025-03-18,691.77,12,Clothing,STORE_002,CLTH_002
2025-03-18,635.94,10,Home Goods,STORE_002,HOME_003
2025-03-18,433.03,15,Grocery,STORE_002,GROC_004
2025-03-18,774.47,17,Beauty,STORE_002,BEAU_001
2025-03-18,3504.13,34,Electronics,STORE_003,ELEC_002
2025-03-18,1175.80,20,Clothing,STORE_003,CLTH_001
2025-03-18,1491.47,22,Home Goods,STORE_003,HOME_001
2025-03-18,505.07,17,Grocery,STORE_003,GROC_004
2025-03-18,909.63,21,Beauty,STORE_003,BEAU_003
2025-03-19,3525.06,30,Electronics,STORE_001,ELEC_003
2025-03-19,1005.62,20,Clothing,STORE_001,CLTH_001
2025-03-19,1388.37,22,Home Goods,STORE_001,HOME_004
2025-03-19,412.60,16,Grocery,STORE_001,GROC_001
2025-03-19,1070.24,25,Beauty,STORE_001,BEAU_002
2025-03-19,2431.94,22,Electronics,STORE_002,ELEC_002
2025-03-19,819.16,17,Clothing,STORE_002,CLTH_002
2025-03-19,1468.16,21,Home Goods,STORE_002,HOME_002
2025-03-19,577.27,18,Grocery,STORE_002,GROC_002
2025-03-19,862.30,18,Beauty,STORE_002,BEAU_001
2025-03-19,4319.33,33,Electronics,STORE_003,ELEC_003
2025-03-19,2002.64,35,Clothing,STORE_003,CLTH_002
2025-03-19,2642.00,29,Home Goods,STORE_003,HOME_002
2025-03-19,727.63,25,Grocery,STORE_003,GROC_003
2025-03-19,1383.50,27,Beauty,STORE_003,BEAU_004
2025-03-20,4304.98,38,Electronics,STORE_001,ELEC_003
2025-03-20,1279.17,22,Clothing,STORE_001,CLTH_002
2025-03-20,1523.94,23,Home Goods,STORE_001,HOME_004
2025-03-20,754.63,21,Grocery,STORE_001,GROC_004
2025-03-20,639.65,15,Beauty,STORE_001,BEAU_003
2025-03-20,3040.37,26,Electronics,STORE_002,ELEC_003
2025-03-20,1210.14,22,Clothing,STORE_002,CLTH_001
2025-03-20,1817.38,22,Home Goods,STORE_002,HOME_001
2025-03-20,618.19,20,Grocery,STORE_002,GROC_001
2025-03-20,706.59,16,Beauty,STORE_002,BEAU_002
2025-03-20,4041.30,38,Electronics,STORE_003,ELEC_003
2025-03-20,909.50,18,Clothing,STORE_003,CLTH_003
2025-03-20,1635.32,22,Home Goods,STORE_003,HOME_001
2025-03-20,765.11,24,Grocery,STORE_003,GROC_003
2025-03-20,1074.60,20,Beauty,STORE_003,BEAU_004
2025-03-21,3351.00,28,Electronics,STORE_001,ELEC_002
2025-03-21,1177.55,23,Clothing,STORE_001,CLTH_001
2025-03-21,1327.22,22,Home Goods,STORE_001,HOME_001
2025-03-21,641.01,22,Grocery,STORE_001,GROC_003
2025-03-21,852.12,21,Beauty,STORE_001,BEAU_001
2025-03-21,2821.64,26,Electronics,STORE_002,ELEC_003
2025-03-21,1071.86,21,Clothing,STORE_002,CLTH_004
2025-03-21,1212.13,16,Home Goods,STORE_002,HOME_004
2025-03-21,423.36,15,Grocery,STORE_002,GROC_002
2025-03-21,649.83,15,Beauty,STORE_002,BEAU_001
2025-03-21,3720.01,36,Electronics,STORE_003,ELEC_003
2025-03-21,1280.20,28,Clothing,STORE_003,CLTH_001
2025-03-21,1782.44,25,Home Goods,STORE_003,HOME_001
2025-03-21,556.28,22,Grocery,STORE_003,GROC_003
2025-03-21,854.61,19,Beauty,STORE_003,BEAU_002
2025-03-22,3631.58,33,Electronics,STORE_001,ELEC_004
2025-03-22,1670.93,28,Clothing,STORE_001,CLTH_003
2025-03-22,2474.41,34,Home Goods,STORE_001,HOME_001
2025-03-22,457.73,16,Grocery,STORE_001,GROC_004
2025-03-22,1120.48,21,Beauty,STORE_001,BEAU_002
2025-03-22,3063.95,29,Electronics,STORE_002,ELEC_002
2025-03-22,839.49,18,Clothing,STORE_002,CLTH_001
2025-03-22,1907.59,27,Home Goods,STORE_002,HOME_003
2025-03-22,635.91,17,Grocery,STORE_002,GROC_004
2025-03-22,935.84,19,Beauty,STORE_002,BEAU_001
2025-03-22,2901.13,33,Electronics,STORE_003,ELEC_004
2025-03-22,1683.43,28,Clothing,STORE_003,CLTH_003
2025-03-22,2213.61,31,Home Goods,STORE_003,HOME_003
2025-03-22,688.78,24,Grocery,STORE_003,GROC_004
2025-03-22,1083.79,23,Beauty,STORE_003,BEAU_004
2025-03-23,3395.37,36,Electronics,STORE_001,ELEC_003
2025-03-23,1337.85,21,Clothing,STORE_001,CLTH_001
2025-03-23,2229.69,30,Home Goods,STORE_001,HOME_003
2025-03-23,588.74,20,Grocery,STORE_001,GROC_003
2025-03-23,1287.49,22,Beauty,STORE_001,BEAU_004
2025-03-23,2399.29,28,Electronics,STORE_002,ELEC_001
2025-03-23,1041.00,18,Clothing,STORE_002,CLTH_004
2025-03-23,1511.10,24,Home Goods,STORE_002,HOME_002
2025-03-23,573.74,16,Grocery,STORE_002,GROC_002
2025-03-23,1262.93,24,Beauty,STORE_002,BEAU_004
2025-03-23,3729.68,39,Electronics,STORE_003,ELEC_003
2025-03-23,1564.22,30,Clothing,STORE_003,CLTH_001
2025-03-23,2471.89,31,Home Goods,STORE_003,HOME_003
2025-03-23,746.94,25,Grocery,STORE_003,GROC_003
2025-03-23,1267.79,31,Beauty,STORE_003,BEAU_001
2025-03-24,2603.52,27,Electronics,STORE_001,ELEC_001
2025-03-24,1079.69,20,Clothing,STORE_001,CLTH_004
2025-03-24,2081.71,26,Home Goods,STORE_001,HOME_004
2025-03-24,568.11,17,Grocery,STORE_001,GROC_003
2025-03-24,1138.50,24,Beauty,STORE_001,BEAU_001
2025-03-24,2784.03,27,Electronics,STORE_002,ELEC_003
2025-03-24,330.71,6,Clothing,STORE_002,CLTH_001
2025-03-24,1893.01,24,Home Goods,STORE_002,HOME_004
2025-03-24,571.00,17,Grocery,STORE_002,GROC_004
2025-03-24,627.76,12,Beauty,STORE_002,BEAU_004
2025-03-24,3744.97,36,Electronics,STORE_003,ELEC_004
2025-03-24,1479.54,25,Clothing,STORE_003,CLTH_002
2025-03-24,2109.26,32,Home Goods,STORE_003,HOME_003
2025-03-24,692.64,21,Grocery,STORE_003,GROC_001
2025-03-24,760.08,16,Beauty,STORE_003,BEAU_003
2025-03-25,2879.63,28,Electronics,STORE_001,ELEC_002
2025-03-25,945.04,18,Clothing,STORE_001,CLTH_001
2025-03-25,1960.22,26,Home Goods,STORE_001,HOME_001
2025-03-25,387.35,12,Grocery,STORE_001,GROC_002
2025-03-25,594.97,14,Beauty,STORE_001,BEAU_001
2025-03-25,2172.78,21,Electronics,STORE_002,ELEC_002
2025-03-25,1024.72,18,Clothing,STORE_002,CLTH_003
2025-03-25,2231.01,25,Home Goods,STORE_002,HOME_002
2025-03-25,361.91,11,Grocery,STORE_002,GROC_004
2025-03-25,753.41,16,Beauty,STORE_002,BEAU_004
2025-03-25,3876.32,37,Electronics,STORE_003,ELEC_001
2025-03-25,1087.78,23,Clothing,STORE_003,CLTH_001
2025-03-25,2562.59,32,Home Goods,STORE_003,HOME_001
2025-03-25,521.65,18,Grocery,STORE_003,GROC_002
2025-03-25,1157.83,23,Beauty,STORE_003,BEAU_004
2025-03-26,3344.34,33,Electronics,STORE_001,ELEC_001
2025-03-26,812.58,15,Clothing,STORE_001,CLTH_003
2025-03-26,1860.67,29,Home Goods,STORE_001,HOME_002
2025-03-26,686.88,19,Grocery,STORE_001,GROC_002
2025-03-26,970.06,19,Beauty,STORE_001,BEAU_002
2025-03-26,3461.37,25,Electronics,STORE_002,ELEC_001
2025-03-26,834.40,13,Clothing,STORE_002,CLTH_001
2025-03-26,1869.59,21,Home Goods,STORE_002,HOME_002
2025-03-26,504.86,18,Grocery,STORE_002,GROC_004
2025-03-26,865.56,19,Beauty,STORE_002,BEAU_003
2025-03-26,3721.45,36,Electronics,STORE_003,ELEC_003
2025-03-26,1064.65,22,Clothing,STORE_003,CLTH_003
2025-03-26,2319.41,30,Home Goods,STORE_003,HOME_002
2025-03-26,919.99,27,Grocery,STORE_003,GROC_004
2025-03-26,780.32,17,Beauty,STORE_003,BEAU_002
2025-03-27,3216.91,30,Electronics,STORE_001,ELEC_001
2025-03-27,1495.49,23,Clothing,STORE_001,CLTH_002
2025-03-27,2289.61,25,Home Goods,STORE_001,HOME_004
2025-03-27,292.04,12,Grocery,STORE_001,GROC_002
2025-03-27,1440.19,25,Beauty,STORE_001,BEAU_003
2025-03-27,2805.46,25,Electronics,STORE_002,ELEC_004
2025-03-27,821.17,16,Clothing,STORE_002,CLTH_002
2025-03-27,1474.66,19,Home Goods,STORE_002,HOME_003
2025-03-27,425.28,13,Grocery,STORE_002,GROC_004
2025-03-27,766.48,15,Beauty,STORE_002,BEAU_001
2025-03-27,3565.72,35,Electronics,STORE_003,ELEC_004
2025-03-27,1784.42,26,Clothing,STORE_003,CLTH_001
2025-03-27,2560.35,30,Home Goods,STORE_003,HOME_001
2025-03-27,448.63,16,Grocery,STORE_003,GROC_004
2025-03-27,854.10,20,Beauty,STORE_003,BEAU_003
2025-03-28,3838.07,35,Electronics,STORE_001,ELEC_004
2025-03-28,1202.51,21,Clothing,STORE_001,CLTH_001
2025-03-28,1534.63,25,Home Goods,STORE_001,HOME_004
2025-03-28,516.65,18,Grocery,STORE_001,GROC_002
2025-03-28,609.70,13,Beauty,STORE_001,BEAU_003
2025-03-28,1608.32,15,Electronics,STORE_002,ELEC_004
2025-03-28,695.92,12,Clothing,STORE_002,CLTH_001
2025-03-28,931.93,12,Home Goods,STORE_002,HOME_001
2025-03-28,499.50,13,Grocery,STORE_002,GROC_001
2025-03-28,604.04,13,Beauty,STORE_002,BEAU_003
2025-03-28,4006.45,35,Electronics,STORE_003,ELEC_003
2025-03-28,1352.26,21,Clothing,STORE_003,CLTH_004
2025-03-28,2535.44,31,Home Goods,STORE_003,HOME_003
2025-03-28,560.17,19,Grocery,STORE_003,GROC_001
2025-03-28,1076.07,22,Beauty,STORE_003,BEAU_003
2025-03-29,3778.10,34,Electronics,STORE_001,ELEC_002
2025-03-29,1643.60,25,Clothing,STORE_001,CLTH_003
2025-03-29,2157.68,32,Home Goods,STORE_001,HOME_004
2025-03-29,682.67,23,Grocery,STORE_001,GROC_001
2025-03-29,939.94,21,Beauty,STORE_001,BEAU_004
2025-03-29,3373.40,28,Electronics,STORE_002,ELEC_004
2025-03-29,867.37,16,Clothing,STORE_002,CLTH_003
2025-03-29,1741.67,26,Home Goods,STORE_002,HOME_003
2025-03-29,297.78,11,Grocery,STORE_002,GROC_004
2025-03-29,580.00,15,Beauty,STORE_002,BEAU_003
2025-03-29,3916.70,40,Electronics,STORE_003,ELEC_002
2025-03-29,1838.87,32,Clothing,STORE_003,CLTH_004
2025-03-29,2463.56,32,Home Goods,STORE_003,HOME_003
2025-03-29,787.88,29,Grocery,STORE_003,GROC_004
2025-03-29,1269.33,27,Beauty,STORE_003,BEAU_001
2025-03-30,2859.64,33,Electronics,STORE_001,ELEC_004
2025-03-30,919.21,18,Clothing,STORE_001,CLTH_003
2025-03-30,2379.22,29,Home Goods,STORE_001,HOME_004
2025-03-30,537.95,16,Grocery,STORE_001,GROC_001
2025-03-30,1133.00,22,Beauty,STORE_001,BEAU_003
2025-03-30,2810.30,24,Electronics,STORE_002,ELEC_002
2025-03-30,687.72,18,Clothing,STORE_002,CLTH_001
2025-03-30,2077.49,27,Home Goods,STORE_002,HOME_002
2025-03-30,501.09,13,Grocery,STORE_002,GROC_001
2025-03-30,1436.52,29,Beauty,STORE_002,BEAU_001
2025-03-30,4007.84,38,Electronics,STORE_003,ELEC_001
2025-03-30,1556.36,30,Clothing,STORE_003,CLTH_001
2025-03-30,2750.92,34,Home Goods,STORE_003,HOME_004
2025-03-30,997.95,30,Grocery,STORE_003,GROC_001
2025-03-30,1460.89,32,Beauty,STORE_003,BEAU_002
2025-03-31,2897.97,28,Electronics,STORE_001,ELEC_002
2025-03-31,1165.16,23,Clothing,STORE_001,CLTH_004
2025-03-31,1317.26,18,Home Goods,STORE_001,HOME_004
2025-03-31,617.65,19,Grocery,STORE_001,GROC_002
2025-03-31,1036.18,21,Beauty,STORE_001,BEAU_004
2025-03-31,3232.11,30,Electronics,STORE_002,ELEC_004
2025-03-31,784.89,15,Clothing,STORE_002,CLTH_001
2025-03-31,1423.93,20,Home Goods,STORE_002,HOME_001
2025-03-31,494.90,15,Grocery,STORE_002,GROC_004
2025-03-31,671.00,16,Beauty,STORE_002,BEAU_004
2025-03-31,4185.11,38,Electronics,STORE_003,ELEC_002
2025-03-31,1280.12,24,Clothing,STORE_003,CLTH_004
2025-03-31,1706.70,24,Home Goods,STORE_003,HOME_004
2025-03-31,518.85,16,Grocery,STORE_003,GROC_001
2025-03-31,1601.38,30,Beauty,STORE_003,BEAU_002
